From,To,Strength
B.rubens,B.rubens,1
B.rubens,E.cicutarium,0.430135726
B.rubens,A.wrangelianus,0.213882135
B.rubens,S.barbatus,-0.190404839
B.rubens,C.barbigera,-0.317113078
B.rubens,C.claviformis,-0.167274499
B.rubens,A.lentiginosus,-0.025144658
B.rubens,L.arizonicus,-0.073199979
B.rubens,C.rigida,-0.075002832
B.rubens,H.vulgare,0.135010973
B.rubens,P.tanacetifolia,0.10240212
B.rubens,Pectocarya.spp,-0.173853902
B.rubens,M.lanceolata,-0.024283525
B.rubens,D.capitatum,-0.064478664
B.rubens,C.brevipes,-0.118003478
B.rubens,L.decorus,-0.077204669
B.rubens,P.insularis,-0.218328432
B.rubens,M.glabrata,-0.161533572
B.rubens,C.fremontii,-0.241658181
B.rubens,C.intermedia,-0.05680913
B.rubens,M.bellioides,-0.07319942
B.rubens,B.nigra,0.171433926
B.rubens,E.wallacei,-0.123175844
B.rubens,N.demissum,-0.07319942
B.rubens,L.gracilis,0.036788336
B.rubens,A.tessellata,0.196270331
B.rubens,A.grandiflora,0.105789676
B.rubens,O.deltoides,0.024703655
B.rubens,Boraginaceae.sp.,0.043865298
B.rubens,P.secunda,0.048068046
B.rubens,E.glyptosperma,-0.077205068
B.rubens,B.diandrus,0.095641143
B.rubens,M.affinis,0.132450831
B.rubens,L.sparsiflorus,-0.039068577
B.rubens,C.cheiranthifolia,0.004459694
B.rubens,P.crenulata,-0.03436255
B.rubens,S.columbariae,-0.04211044
B.rubens,Erinoginum.spp,-0.059660069
B.rubens,E.nitidum,-0.101085449
B.rubens,R.neomexicana,-0.034362574
B.rubens,C.lasiophyllus,-0.03436255
E.cicutarium,B.rubens,0.430135726
E.cicutarium,E.cicutarium,1
E.cicutarium,A.wrangelianus,0.276478596
E.cicutarium,S.barbatus,-0.02606448
E.cicutarium,C.barbigera,-0.114342408
E.cicutarium,C.claviformis,-0.104119913
E.cicutarium,A.lentiginosus,0.035985271
E.cicutarium,L.arizonicus,-0.064603761
E.cicutarium,C.rigida,-0.044626621
E.cicutarium,H.vulgare,-0.042940294
E.cicutarium,P.tanacetifolia,-0.018053352
E.cicutarium,Pectocarya.spp,-0.11274231
E.cicutarium,M.lanceolata,0.059741131
E.cicutarium,D.capitatum,0.148739707
E.cicutarium,C.brevipes,0.091499007
E.cicutarium,L.decorus,-0.000606078
E.cicutarium,P.insularis,-0.116209799
E.cicutarium,M.glabrata,-0.152749983
E.cicutarium,C.fremontii,-0.18040891
E.cicutarium,C.intermedia,-0.059448549
E.cicutarium,M.bellioides,-0.007044441
E.cicutarium,B.nigra,0.033149741
E.cicutarium,E.wallacei,-0.097561944
E.cicutarium,N.demissum,-0.044665661
E.cicutarium,L.gracilis,0.368233337
E.cicutarium,A.tessellata,0.05807252
E.cicutarium,A.grandiflora,0.180417973
E.cicutarium,O.deltoides,-0.021431796
E.cicutarium,Boraginaceae.sp.,0.017436874
E.cicutarium,P.secunda,0.035477833
E.cicutarium,E.glyptosperma,-0.032818699
E.cicutarium,B.diandrus,0.035629635
E.cicutarium,M.affinis,0.027611128
E.cicutarium,L.sparsiflorus,-0.06087196
E.cicutarium,C.cheiranthifolia,0.019612429
E.cicutarium,P.crenulata,-0.030327194
E.cicutarium,S.columbariae,-0.037165213
E.cicutarium,Erinoginum.spp,-0.052653907
E.cicutarium,E.nitidum,-0.089214509
E.cicutarium,R.neomexicana,-0.030327215
E.cicutarium,C.lasiophyllus,-0.030327194
A.wrangelianus,B.rubens,0.213882135
A.wrangelianus,E.cicutarium,0.276478596
A.wrangelianus,A.wrangelianus,1
A.wrangelianus,S.barbatus,-0.093970612
A.wrangelianus,C.barbigera,-0.082149481
A.wrangelianus,C.claviformis,-0.034176997
A.wrangelianus,A.lentiginosus,0.111849012
A.wrangelianus,L.arizonicus,-0.014955988
A.wrangelianus,C.rigida,-0.018017843
A.wrangelianus,H.vulgare,-0.009940823
A.wrangelianus,P.tanacetifolia,-0.027651609
A.wrangelianus,Pectocarya.spp,-0.037642351
A.wrangelianus,M.lanceolata,-0.004961533
A.wrangelianus,D.capitatum,-0.013174077
A.wrangelianus,C.brevipes,-0.024110098
A.wrangelianus,L.decorus,-0.015774214
A.wrangelianus,P.insularis,-0.044608175
A.wrangelianus,M.glabrata,-0.035362136
A.wrangelianus,C.fremontii,-0.049374836
A.wrangelianus,C.intermedia,-0.035749093
A.wrangelianus,M.bellioides,-0.014955874
A.wrangelianus,B.nigra,-0.02410993
A.wrangelianus,E.wallacei,-0.025166899
A.wrangelianus,N.demissum,-0.014955874
A.wrangelianus,L.gracilis,-0.029311878
A.wrangelianus,A.tessellata,-0.024643515
A.wrangelianus,A.grandiflora,0.081147885
A.wrangelianus,O.deltoides,-0.004961533
A.wrangelianus,Boraginaceae.sp.,-0.012189505
A.wrangelianus,P.secunda,0.113149994
A.wrangelianus,E.glyptosperma,-0.015774295
A.wrangelianus,B.diandrus,-0.012189502
A.wrangelianus,M.affinis,-0.016554052
A.wrangelianus,L.sparsiflorus,-0.014092064
A.wrangelianus,C.cheiranthifolia,-0.009940819
A.wrangelianus,P.crenulata,-0.007020848
A.wrangelianus,S.columbariae,-0.008603872
A.wrangelianus,Erinoginum.spp,-0.012189557
A.wrangelianus,E.nitidum,-0.02065346
A.wrangelianus,R.neomexicana,-0.007020853
A.wrangelianus,C.lasiophyllus,-0.007020848
S.barbatus,B.rubens,-0.190404839
S.barbatus,E.cicutarium,-0.02606448
S.barbatus,A.wrangelianus,-0.093970612
S.barbatus,S.barbatus,1
S.barbatus,C.barbigera,0.277320521
S.barbatus,C.claviformis,0.006244367
S.barbatus,A.lentiginosus,-0.00051369
S.barbatus,L.arizonicus,-0.084423039
S.barbatus,C.rigida,0.057232947
S.barbatus,H.vulgare,-0.056113608
S.barbatus,P.tanacetifolia,-0.148326709
S.barbatus,Pectocarya.spp,-0.017839898
S.barbatus,M.lanceolata,-0.028006688
S.barbatus,D.capitatum,0.003611391
S.barbatus,C.brevipes,0.05908342
S.barbatus,L.decorus,-0.061499693
S.barbatus,P.insularis,-0.120136162
S.barbatus,M.glabrata,-0.082019545
S.barbatus,C.fremontii,-0.096801444
S.barbatus,C.intermedia,0.055760836
S.barbatus,M.bellioides,-0.070124227
S.barbatus,B.nigra,0.062851701
S.barbatus,E.wallacei,-0.107346817
S.barbatus,N.demissum,-0.050766182
S.barbatus,L.gracilis,0.200666647
S.barbatus,A.tessellata,0.006341406
S.barbatus,A.grandiflora,-0.074364567
S.barbatus,O.deltoides,0.045302602
S.barbatus,Boraginaceae.sp.,0.0944067
S.barbatus,P.secunda,-0.056113628
S.barbatus,E.glyptosperma,-0.08904219
S.barbatus,B.diandrus,0.001848494
S.barbatus,M.affinis,0.041928009
S.barbatus,L.sparsiflorus,-0.044513598
S.barbatus,C.cheiranthifolia,0.095461605
S.barbatus,P.crenulata,-0.039631034
S.barbatus,S.columbariae,-0.02485668
S.barbatus,Erinoginum.spp,0.001934438
S.barbatus,E.nitidum,-0.072226808
S.barbatus,R.neomexicana,-0.039631063
S.barbatus,C.lasiophyllus,0.059839494
C.barbigera,B.rubens,-0.317113078
C.barbigera,E.cicutarium,-0.114342408
C.barbigera,A.wrangelianus,-0.082149481
C.barbigera,S.barbatus,0.277320521
C.barbigera,C.barbigera,1
C.barbigera,C.claviformis,0.197951112
C.barbigera,A.lentiginosus,0.069983201
C.barbigera,L.arizonicus,-0.037585659
C.barbigera,C.rigida,0.075288337
C.barbigera,H.vulgare,-0.039539705
C.barbigera,P.tanacetifolia,-0.07824858
C.barbigera,Pectocarya.spp,0.027873548
C.barbigera,M.lanceolata,0.074542309
C.barbigera,D.capitatum,0.145208919
C.barbigera,C.brevipes,0.033376826
C.barbigera,L.decorus,-0.001427732
C.barbigera,P.insularis,0.146511642
C.barbigera,M.glabrata,0.030066183
C.barbigera,C.fremontii,-0.03715633
C.barbigera,C.intermedia,0.022077403
C.barbigera,M.bellioides,0.045577587
C.barbigera,B.nigra,-0.034799769
C.barbigera,E.wallacei,-0.01440832
C.barbigera,N.demissum,0.043599494
C.barbigera,L.gracilis,0.039940606
C.barbigera,A.tessellata,-0.054657294
C.barbigera,A.grandiflora,-0.016506836
C.barbigera,O.deltoides,0.056491286
C.barbigera,Boraginaceae.sp.,0.005067954
C.barbigera,P.secunda,-0.039539719
C.barbigera,E.glyptosperma,0.003031628
C.barbigera,B.diandrus,-0.048483844
C.barbigera,M.affinis,-0.06584388
C.barbigera,L.sparsiflorus,0.031937366
C.barbigera,C.cheiranthifolia,-0.039539691
C.barbigera,P.crenulata,-0.027925479
C.barbigera,S.columbariae,0.071131655
C.barbigera,Erinoginum.spp,0.051252256
C.barbigera,E.nitidum,-0.060451341
C.barbigera,R.neomexicana,-0.027925499
C.barbigera,C.lasiophyllus,0.031097662
C.claviformis,B.rubens,-0.167274499
C.claviformis,E.cicutarium,-0.104119913
C.claviformis,A.wrangelianus,-0.034176997
C.claviformis,S.barbatus,0.006244367
C.claviformis,C.barbigera,0.197951112
C.claviformis,C.claviformis,1
C.claviformis,A.lentiginosus,0.13386194
C.claviformis,L.arizonicus,0.025178224
C.claviformis,C.rigida,-0.02981556
C.claviformis,H.vulgare,-0.016449871
C.claviformis,P.tanacetifolia,-0.017568269
C.claviformis,Pectocarya.spp,0.108709456
C.claviformis,M.lanceolata,-0.008210244
C.claviformis,D.capitatum,-0.021800194
C.claviformis,C.brevipes,-0.039896899
C.claviformis,L.decorus,-0.026102848
C.claviformis,P.insularis,0.204169362
C.claviformis,M.glabrata,-0.036989267
C.claviformis,C.fremontii,-0.016706843
C.claviformis,C.intermedia,0.187533701
C.claviformis,M.bellioides,0.187598166
C.claviformis,B.nigra,-0.039896621
C.claviformis,E.wallacei,0.049832463
C.claviformis,N.demissum,0.028103497
C.claviformis,L.gracilis,-0.093433802
C.claviformis,A.tessellata,-0.040779588
C.claviformis,A.grandiflora,-0.021800194
C.claviformis,O.deltoides,-0.008210244
C.claviformis,Boraginaceae.sp.,-0.020170944
C.claviformis,P.secunda,-0.016449877
C.claviformis,E.glyptosperma,0.02112049
C.claviformis,B.diandrus,-0.020170939
C.claviformis,M.affinis,-0.027393309
C.claviformis,L.sparsiflorus,-0.02331926
C.claviformis,C.cheiranthifolia,-0.016449865
C.claviformis,P.crenulata,-0.011617956
C.claviformis,S.columbariae,-0.014237512
C.claviformis,Erinoginum.spp,-0.02017103
C.claviformis,E.nitidum,-0.034176924
C.claviformis,R.neomexicana,-0.011617964
C.claviformis,C.lasiophyllus,-0.011617956
A.lentiginosus,B.rubens,-0.025144658
A.lentiginosus,E.cicutarium,0.035985271
A.lentiginosus,A.wrangelianus,0.111849012
A.lentiginosus,S.barbatus,-0.00051369
A.lentiginosus,C.barbigera,0.069983201
A.lentiginosus,C.claviformis,0.13386194
A.lentiginosus,A.lentiginosus,1
A.lentiginosus,L.arizonicus,-0.013548131
A.lentiginosus,C.rigida,-0.016321763
A.lentiginosus,H.vulgare,-0.009005059
A.lentiginosus,P.tanacetifolia,-0.025048669
A.lentiginosus,Pectocarya.spp,0.041360547
A.lentiginosus,M.lanceolata,-0.004494487
A.lentiginosus,D.capitatum,-0.011933956
A.lentiginosus,C.brevipes,-0.021840533
A.lentiginosus,L.decorus,-0.014289334
A.lentiginosus,P.insularis,0.151971003
A.lentiginosus,M.glabrata,-0.032033378
A.lentiginosus,C.fremontii,-0.01686109
A.lentiginosus,C.intermedia,-0.032383909
A.lentiginosus,M.bellioides,0.076021021
A.lentiginosus,B.nigra,-0.02184038
A.lentiginosus,E.wallacei,-0.022797854
A.lentiginosus,N.demissum,-0.013548027
A.lentiginosus,L.gracilis,-0.051147935
A.lentiginosus,A.tessellata,-0.022323738
A.lentiginosus,A.grandiflora,-0.011933956
A.lentiginosus,O.deltoides,-0.004494487
A.lentiginosus,Boraginaceae.sp.,-0.011042065
A.lentiginosus,P.secunda,-0.009005063
A.lentiginosus,E.glyptosperma,-0.014289408
A.lentiginosus,B.diandrus,-0.011042063
A.lentiginosus,M.affinis,-0.014995763
A.lentiginosus,L.sparsiflorus,-0.01276553
A.lentiginosus,C.cheiranthifolia,-0.009005056
A.lentiginosus,P.crenulata,-0.006359951
A.lentiginosus,S.columbariae,-0.00779396
A.lentiginosus,Erinoginum.spp,-0.011042113
A.lentiginosus,E.nitidum,-0.018709279
A.lentiginosus,R.neomexicana,-0.006359956
A.lentiginosus,C.lasiophyllus,-0.006359951
L.arizonicus,B.rubens,-0.073199979
L.arizonicus,E.cicutarium,-0.064603761
L.arizonicus,A.wrangelianus,-0.014955988
L.arizonicus,S.barbatus,-0.084423039
L.arizonicus,C.barbigera,-0.037585659
L.arizonicus,C.claviformis,0.025178224
L.arizonicus,A.lentiginosus,-0.013548131
L.arizonicus,L.arizonicus,1
L.arizonicus,C.rigida,-0.013047406
L.arizonicus,H.vulgare,-0.007198528
L.arizonicus,P.tanacetifolia,-0.020023583
L.arizonicus,Pectocarya.spp,-0.02725826
L.arizonicus,M.lanceolata,-0.003592835
L.arizonicus,D.capitatum,-0.009539851
L.arizonicus,C.brevipes,-0.01745904
L.arizonicus,L.decorus,-0.011422709
L.arizonicus,P.insularis,0.005920216
L.arizonicus,M.glabrata,0.119326911
L.arizonicus,C.fremontii,0.000982863
L.arizonicus,C.intermedia,-0.025887279
L.arizonicus,M.bellioides,-0.010830118
L.arizonicus,B.nigra,-0.017458918
L.arizonicus,E.wallacei,-0.01822431
L.arizonicus,N.demissum,-0.010830118
L.arizonicus,L.gracilis,-0.040886999
L.arizonicus,A.tessellata,-0.017845308
L.arizonicus,A.grandiflora,-0.009539851
L.arizonicus,O.deltoides,-0.003592835
L.arizonicus,Boraginaceae.sp.,-0.008826885
L.arizonicus,P.secunda,-0.007198531
L.arizonicus,E.glyptosperma,-0.011422768
L.arizonicus,B.diandrus,-0.008826882
L.arizonicus,M.affinis,-0.01198742
L.arizonicus,L.sparsiflorus,-0.0102046
L.arizonicus,C.cheiranthifolia,-0.007198526
L.arizonicus,P.crenulata,-0.005084063
L.arizonicus,S.columbariae,-0.006230391
L.arizonicus,Erinoginum.spp,-0.008826922
L.arizonicus,E.nitidum,-0.014955957
L.arizonicus,R.neomexicana,-0.005084067
L.arizonicus,C.lasiophyllus,-0.005084063
C.rigida,B.rubens,-0.075002832
C.rigida,E.cicutarium,-0.044626621
C.rigida,A.wrangelianus,-0.018017843
C.rigida,S.barbatus,0.057232947
C.rigida,C.barbigera,0.075288337
C.rigida,C.claviformis,-0.02981556
C.rigida,A.lentiginosus,-0.016321763
C.rigida,L.arizonicus,-0.013047406
C.rigida,C.rigida,1
C.rigida,H.vulgare,-0.008672242
C.rigida,P.tanacetifolia,-0.024122898
C.rigida,Pectocarya.spp,0.004454563
C.rigida,M.lanceolata,-0.004328376
C.rigida,D.capitatum,-0.01149289
C.rigida,C.brevipes,-0.02103333
C.rigida,L.decorus,-0.013761216
C.rigida,P.insularis,0.090554096
C.rigida,M.glabrata,0.009252013
C.rigida,C.fremontii,-0.043073954
C.rigida,C.intermedia,-0.031187036
C.rigida,M.bellioides,0.175185184
C.rigida,B.nigra,-0.021033184
C.rigida,E.wallacei,-0.02195527
C.rigida,N.demissum,0.081068939
C.rigida,L.gracilis,-0.049257563
C.rigida,A.tessellata,-0.021498677
C.rigida,A.grandiflora,-0.01149289
C.rigida,O.deltoides,-0.004328376
C.rigida,Boraginaceae.sp.,0.103068449
C.rigida,P.secunda,-0.008672245
C.rigida,E.glyptosperma,0.164387769
C.rigida,B.diandrus,-0.01063396
C.rigida,M.affinis,-0.014441536
C.rigida,L.sparsiflorus,-0.01229373
C.rigida,C.cheiranthifolia,-0.008672239
C.rigida,P.crenulata,-0.006124895
C.rigida,S.columbariae,-0.007505904
C.rigida,Erinoginum.spp,-0.010634008
C.rigida,E.nitidum,-0.018017805
C.rigida,R.neomexicana,-0.006124899
C.rigida,C.lasiophyllus,-0.006124895
H.vulgare,B.rubens,0.135010973
H.vulgare,E.cicutarium,-0.042940294
H.vulgare,A.wrangelianus,-0.009940823
H.vulgare,S.barbatus,-0.056113608
H.vulgare,C.barbigera,-0.039539705
H.vulgare,C.claviformis,-0.016449871
H.vulgare,A.lentiginosus,-0.009005059
H.vulgare,L.arizonicus,-0.007198528
H.vulgare,C.rigida,-0.008672242
H.vulgare,H.vulgare,1
H.vulgare,P.tanacetifolia,-0.01330911
H.vulgare,Pectocarya.spp,-0.018117795
H.vulgare,M.lanceolata,-0.002388056
H.vulgare,D.capitatum,-0.006340869
H.vulgare,C.brevipes,-0.01160453
H.vulgare,L.decorus,-0.007592352
H.vulgare,P.insularis,-0.021470544
H.vulgare,M.glabrata,-0.017020295
H.vulgare,C.fremontii,-0.023764806
H.vulgare,C.intermedia,-0.017206543
H.vulgare,M.bellioides,-0.007198473
H.vulgare,B.nigra,-0.01160445
H.vulgare,E.wallacei,-0.012113184
H.vulgare,N.demissum,-0.007198473
H.vulgare,L.gracilis,-0.027176433
H.vulgare,A.tessellata,-0.011861272
H.vulgare,A.grandiflora,-0.006340869
H.vulgare,O.deltoides,-0.002388056
H.vulgare,Boraginaceae.sp.,-0.005866981
H.vulgare,P.secunda,-0.00478466
H.vulgare,E.glyptosperma,-0.007592391
H.vulgare,B.diandrus,-0.005866979
H.vulgare,M.affinis,-0.007967699
H.vulgare,L.sparsiflorus,-0.006782709
H.vulgare,C.cheiranthifolia,-0.004784657
H.vulgare,P.crenulata,-0.003379233
H.vulgare,S.columbariae,-0.004141165
H.vulgare,Erinoginum.spp,-0.005867006
H.vulgare,E.nitidum,-0.009940802
H.vulgare,R.neomexicana,-0.003379235
H.vulgare,C.lasiophyllus,-0.003379233
P.tanacetifolia,B.rubens,0.10240212
P.tanacetifolia,E.cicutarium,-0.018053352
P.tanacetifolia,A.wrangelianus,-0.027651609
P.tanacetifolia,S.barbatus,-0.148326709
P.tanacetifolia,C.barbigera,-0.07824858
P.tanacetifolia,C.claviformis,-0.017568269
P.tanacetifolia,A.lentiginosus,-0.025048669
P.tanacetifolia,L.arizonicus,-0.020023583
P.tanacetifolia,C.rigida,-0.024122898
P.tanacetifolia,H.vulgare,-0.01330911
P.tanacetifolia,P.tanacetifolia,1
P.tanacetifolia,Pectocarya.spp,-0.050396852
P.tanacetifolia,M.lanceolata,-0.006642668
P.tanacetifolia,D.capitatum,-0.0176379
P.tanacetifolia,C.brevipes,-0.032279414
P.tanacetifolia,L.decorus,-0.021119051
P.tanacetifolia,P.insularis,-0.059722934
P.tanacetifolia,M.glabrata,-0.047344024
P.tanacetifolia,C.fremontii,-0.066104701
P.tanacetifolia,C.intermedia,-0.047862095
P.tanacetifolia,M.bellioides,-0.02002343
P.tanacetifolia,B.nigra,-0.03227919
P.tanacetifolia,E.wallacei,-0.033694296
P.tanacetifolia,N.demissum,-0.02002343
P.tanacetifolia,L.gracilis,-0.006587101
P.tanacetifolia,A.tessellata,-0.032993572
P.tanacetifolia,A.grandiflora,-0.0176379
P.tanacetifolia,O.deltoides,-0.006642668
P.tanacetifolia,Boraginaceae.sp.,-0.016319721
P.tanacetifolia,P.secunda,0.175017497
P.tanacetifolia,E.glyptosperma,-0.02111916
P.tanacetifolia,B.diandrus,-0.016319717
P.tanacetifolia,M.affinis,-0.022163125
P.tanacetifolia,L.sparsiflorus,-0.018866932
P.tanacetifolia,C.cheiranthifolia,-0.013309105
P.tanacetifolia,P.crenulata,-0.009399748
P.tanacetifolia,S.columbariae,-0.011519155
P.tanacetifolia,Erinoginum.spp,-0.016319791
P.tanacetifolia,E.nitidum,-0.02765155
P.tanacetifolia,R.neomexicana,-0.009399755
P.tanacetifolia,C.lasiophyllus,-0.009399748
Pectocarya.spp,B.rubens,-0.173853902
Pectocarya.spp,E.cicutarium,-0.11274231
Pectocarya.spp,A.wrangelianus,-0.037642351
Pectocarya.spp,S.barbatus,-0.017839898
Pectocarya.spp,C.barbigera,0.027873548
Pectocarya.spp,C.claviformis,0.108709456
Pectocarya.spp,A.lentiginosus,0.041360547
Pectocarya.spp,L.arizonicus,-0.02725826
Pectocarya.spp,C.rigida,0.004454563
Pectocarya.spp,H.vulgare,-0.018117795
Pectocarya.spp,P.tanacetifolia,-0.050396852
Pectocarya.spp,Pectocarya.spp,1
Pectocarya.spp,M.lanceolata,-0.009042716
Pectocarya.spp,D.capitatum,-0.02401061
Pectocarya.spp,C.brevipes,0.105021808
Pectocarya.spp,L.decorus,0.063896588
Pectocarya.spp,P.insularis,0.178061422
Pectocarya.spp,M.glabrata,-0.044401584
Pectocarya.spp,C.fremontii,0.18059708
Pectocarya.spp,C.intermedia,0.000529621
Pectocarya.spp,M.bellioides,0.017562694
Pectocarya.spp,B.nigra,-0.043941912
Pectocarya.spp,E.wallacei,0.067061811
Pectocarya.spp,N.demissum,-0.027258051
Pectocarya.spp,L.gracilis,-0.043711237
Pectocarya.spp,A.tessellata,-0.044914406
Pectocarya.spp,A.grandiflora,-0.02401061
Pectocarya.spp,O.deltoides,-0.009042716
Pectocarya.spp,Boraginaceae.sp.,-0.022216163
Pectocarya.spp,P.secunda,-0.018117801
Pectocarya.spp,E.glyptosperma,0.019076767
Pectocarya.spp,B.diandrus,-0.022216158
Pectocarya.spp,M.affinis,-0.030170835
Pectocarya.spp,L.sparsiflorus,-0.025683701
Pectocarya.spp,C.cheiranthifolia,-0.018117788
Pectocarya.spp,P.crenulata,-0.01279595
Pectocarya.spp,S.columbariae,-0.015681115
Pectocarya.spp,Erinoginum.spp,-0.022216258
Pectocarya.spp,E.nitidum,0.13793262
Pectocarya.spp,R.neomexicana,0.09205982
Pectocarya.spp,C.lasiophyllus,-0.01279595
M.lanceolata,B.rubens,-0.024283525
M.lanceolata,E.cicutarium,0.059741131
M.lanceolata,A.wrangelianus,-0.004961533
M.lanceolata,S.barbatus,-0.028006688
M.lanceolata,C.barbigera,0.074542309
M.lanceolata,C.claviformis,-0.008210244
M.lanceolata,A.lentiginosus,-0.004494487
M.lanceolata,L.arizonicus,-0.003592835
M.lanceolata,C.rigida,-0.004328376
M.lanceolata,H.vulgare,-0.002388056
M.lanceolata,P.tanacetifolia,-0.006642668
M.lanceolata,Pectocarya.spp,-0.009042716
M.lanceolata,M.lanceolata,1
M.lanceolata,D.capitatum,-0.003164771
M.lanceolata,C.brevipes,-0.005791901
M.lanceolata,L.decorus,-0.003789395
M.lanceolata,P.insularis,-0.010716096
M.lanceolata,M.glabrata,-0.008494946
M.lanceolata,C.fremontii,-0.011861178
M.lanceolata,C.intermedia,-0.008587904
M.lanceolata,M.bellioides,-0.003592808
M.lanceolata,B.nigra,-0.005791861
M.lanceolata,E.wallacei,-0.006045773
M.lanceolata,N.demissum,-0.003592808
M.lanceolata,L.gracilis,0.095667821
M.lanceolata,A.tessellata,-0.005920042
M.lanceolata,A.grandiflora,-0.003164771
M.lanceolata,O.deltoides,-0.001191895
M.lanceolata,Boraginaceae.sp.,-0.00292825
M.lanceolata,P.secunda,-0.002388057
M.lanceolata,E.glyptosperma,-0.003789415
M.lanceolata,B.diandrus,-0.00292825
M.lanceolata,M.affinis,-0.003976733
M.lanceolata,L.sparsiflorus,-0.003385297
M.lanceolata,C.cheiranthifolia,-0.002388055
M.lanceolata,P.crenulata,-0.001686598
M.lanceolata,S.columbariae,-0.002066884
M.lanceolata,Erinoginum.spp,-0.002928263
M.lanceolata,E.nitidum,-0.004961522
M.lanceolata,R.neomexicana,-0.0016866
M.lanceolata,C.lasiophyllus,-0.001686598
D.capitatum,B.rubens,-0.064478664
D.capitatum,E.cicutarium,0.148739707
D.capitatum,A.wrangelianus,-0.013174077
D.capitatum,S.barbatus,0.003611391
D.capitatum,C.barbigera,0.145208919
D.capitatum,C.claviformis,-0.021800194
D.capitatum,A.lentiginosus,-0.011933956
D.capitatum,L.arizonicus,-0.009539851
D.capitatum,C.rigida,-0.01149289
D.capitatum,H.vulgare,-0.006340869
D.capitatum,P.tanacetifolia,-0.0176379
D.capitatum,Pectocarya.spp,-0.02401061
D.capitatum,M.lanceolata,-0.003164771
D.capitatum,D.capitatum,1
D.capitatum,C.brevipes,0.067548466
D.capitatum,L.decorus,-0.010061765
D.capitatum,P.insularis,-0.028453842
D.capitatum,M.glabrata,-0.022556149
D.capitatum,C.fremontii,-0.031494312
D.capitatum,C.intermedia,-0.022802974
D.capitatum,M.bellioides,-0.009539778
D.capitatum,B.nigra,-0.015378798
D.capitatum,E.wallacei,-0.016052999
D.capitatum,N.demissum,-0.009539778
D.capitatum,L.gracilis,0.243128201
D.capitatum,A.tessellata,-0.015719152
D.capitatum,A.grandiflora,-0.008403238
D.capitatum,O.deltoides,-0.003164771
D.capitatum,Boraginaceae.sp.,-0.007775217
D.capitatum,P.secunda,-0.006340871
D.capitatum,E.glyptosperma,-0.010061817
D.capitatum,B.diandrus,-0.007775215
D.capitatum,M.affinis,-0.010559194
D.capitatum,L.sparsiflorus,-0.008988786
D.capitatum,C.cheiranthifolia,-0.006340867
D.capitatum,P.crenulata,-0.004478329
D.capitatum,S.columbariae,-0.00548808
D.capitatum,Erinoginum.spp,-0.00777525
D.capitatum,E.nitidum,-0.013174049
D.capitatum,R.neomexicana,-0.004478332
D.capitatum,C.lasiophyllus,-0.004478329
C.brevipes,B.rubens,-0.118003478
C.brevipes,E.cicutarium,0.091499007
C.brevipes,A.wrangelianus,-0.024110098
C.brevipes,S.barbatus,0.05908342
C.brevipes,C.barbigera,0.033376826
C.brevipes,C.claviformis,-0.039896899
C.brevipes,A.lentiginosus,-0.021840533
C.brevipes,L.arizonicus,-0.01745904
C.brevipes,C.rigida,-0.02103333
C.brevipes,H.vulgare,-0.01160453
C.brevipes,P.tanacetifolia,-0.032279414
C.brevipes,Pectocarya.spp,0.105021808
C.brevipes,M.lanceolata,-0.005791901
C.brevipes,D.capitatum,0.067548466
C.brevipes,C.brevipes,1
C.brevipes,L.decorus,0.115688576
C.brevipes,P.insularis,-0.025699608
C.brevipes,M.glabrata,-0.009005601
C.brevipes,C.fremontii,0.014838263
C.brevipes,C.intermedia,0.020032273
C.brevipes,M.bellioides,-0.017458907
C.brevipes,B.nigra,-0.028144995
C.brevipes,E.wallacei,0.013124687
C.brevipes,N.demissum,-0.017458907
C.brevipes,L.gracilis,0.155446348
C.brevipes,A.tessellata,-0.028767883
C.brevipes,A.grandiflora,-0.015378906
C.brevipes,O.deltoides,-0.005791901
C.brevipes,Boraginaceae.sp.,-0.014229554
C.brevipes,P.secunda,-0.011604535
C.brevipes,E.glyptosperma,-0.0184143
C.brevipes,B.diandrus,-0.014229551
C.brevipes,M.affinis,-0.019324558
C.brevipes,L.sparsiflorus,-0.016450528
C.brevipes,C.cheiranthifolia,-0.011604526
C.brevipes,P.crenulata,-0.008195865
C.brevipes,S.columbariae,-0.010043826
C.brevipes,Erinoginum.spp,-0.014229615
C.brevipes,E.nitidum,0.078375122
C.brevipes,R.neomexicana,-0.008195871
C.brevipes,C.lasiophyllus,-0.008195865
L.decorus,B.rubens,-0.077204669
L.decorus,E.cicutarium,-0.000606078
L.decorus,A.wrangelianus,-0.015774214
L.decorus,S.barbatus,-0.061499693
L.decorus,C.barbigera,-0.001427732
L.decorus,C.claviformis,-0.026102848
L.decorus,A.lentiginosus,-0.014289334
L.decorus,L.arizonicus,-0.011422709
L.decorus,C.rigida,-0.013761216
L.decorus,H.vulgare,-0.007592352
L.decorus,P.tanacetifolia,-0.021119051
L.decorus,Pectocarya.spp,0.063896588
L.decorus,M.lanceolata,-0.003789395
L.decorus,D.capitatum,-0.010061765
L.decorus,C.brevipes,0.115688576
L.decorus,L.decorus,1
L.decorus,P.insularis,0.005382094
L.decorus,M.glabrata,-0.027008004
L.decorus,C.fremontii,0.077277709
L.decorus,C.intermedia,0.019167738
L.decorus,M.bellioides,-0.011422622
L.decorus,B.nigra,-0.018414076
L.decorus,E.wallacei,0.173006083
L.decorus,N.demissum,0.096333799
L.decorus,L.gracilis,0.058470023
L.decorus,A.tessellata,-0.018821605
L.decorus,A.grandiflora,-0.010061765
L.decorus,O.deltoides,-0.003789395
L.decorus,Boraginaceae.sp.,-0.009309794
L.decorus,P.secunda,-0.007592355
L.decorus,E.glyptosperma,-0.012047695
L.decorus,B.diandrus,-0.009309791
L.decorus,M.affinis,-0.012643238
L.decorus,L.sparsiflorus,-0.010762883
L.decorus,C.cheiranthifolia,-0.007592349
L.decorus,P.crenulata,0.218511196
L.decorus,S.columbariae,-0.006571249
L.decorus,Erinoginum.spp,-0.009309833
L.decorus,E.nitidum,-0.01577418
L.decorus,R.neomexicana,-0.00536221
L.decorus,C.lasiophyllus,-0.005362207
P.insularis,B.rubens,-0.218328432
P.insularis,E.cicutarium,-0.116209799
P.insularis,A.wrangelianus,-0.044608175
P.insularis,S.barbatus,-0.120136162
P.insularis,C.barbigera,0.146511642
P.insularis,C.claviformis,0.204169362
P.insularis,A.lentiginosus,0.151971003
P.insularis,L.arizonicus,0.005920216
P.insularis,C.rigida,0.090554096
P.insularis,H.vulgare,-0.021470544
P.insularis,P.tanacetifolia,-0.059722934
P.insularis,Pectocarya.spp,0.178061422
P.insularis,M.lanceolata,-0.010716096
P.insularis,D.capitatum,-0.028453842
P.insularis,C.brevipes,-0.025699608
P.insularis,L.decorus,0.005382094
P.insularis,P.insularis,1
P.insularis,M.glabrata,-0.019649042
P.insularis,C.fremontii,0.084113949
P.insularis,C.intermedia,0.220949487
P.insularis,M.bellioides,0.200831839
P.insularis,B.nigra,-0.052073488
P.insularis,E.wallacei,0.143276953
P.insularis,N.demissum,0.130628819
P.insularis,L.gracilis,-0.121950779
P.insularis,A.tessellata,-0.053225946
P.insularis,A.grandiflora,-0.028453842
P.insularis,O.deltoides,-0.010716096
P.insularis,Boraginaceae.sp.,-0.026327328
P.insularis,P.secunda,-0.021470552
P.insularis,E.glyptosperma,0.153149406
P.insularis,B.diandrus,-0.026327322
P.insularis,M.affinis,-0.035754034
P.insularis,L.sparsiflorus,-0.030436543
P.insularis,C.cheiranthifolia,-0.021470537
P.insularis,P.crenulata,-0.015163878
P.insularis,S.columbariae,-0.01858295
P.insularis,Erinoginum.spp,0.075599554
P.insularis,E.nitidum,0.106628729
P.insularis,R.neomexicana,-0.015163888
P.insularis,C.lasiophyllus,-0.015163878
M.glabrata,B.rubens,-0.161533572
M.glabrata,E.cicutarium,-0.152749983
M.glabrata,A.wrangelianus,-0.035362136
M.glabrata,S.barbatus,-0.082019545
M.glabrata,C.barbigera,0.030066183
M.glabrata,C.claviformis,-0.036989267
M.glabrata,A.lentiginosus,-0.032033378
M.glabrata,L.arizonicus,0.119326911
M.glabrata,C.rigida,0.009252013
M.glabrata,H.vulgare,-0.017020295
M.glabrata,P.tanacetifolia,-0.047344024
M.glabrata,Pectocarya.spp,-0.044401584
M.glabrata,M.lanceolata,-0.008494946
M.glabrata,D.capitatum,-0.022556149
M.glabrata,C.brevipes,-0.009005601
M.glabrata,L.decorus,-0.027008004
M.glabrata,P.insularis,-0.019649042
M.glabrata,M.glabrata,1
M.glabrata,C.fremontii,0.459430784
M.glabrata,C.intermedia,-0.061208225
M.glabrata,M.bellioides,-0.025606874
M.glabrata,B.nigra,-0.041280096
M.glabrata,E.wallacei,0.047369112
M.glabrata,N.demissum,-0.025606874
M.glabrata,L.gracilis,-0.082490821
M.glabrata,A.tessellata,-0.042193681
M.glabrata,A.grandiflora,-0.022556149
M.glabrata,O.deltoides,-0.008494946
M.glabrata,Boraginaceae.sp.,-0.020870402
M.glabrata,P.secunda,-0.017020301
M.glabrata,E.glyptosperma,0.20457436
M.glabrata,B.diandrus,-0.020870397
M.glabrata,M.affinis,-0.028343213
M.glabrata,L.sparsiflorus,0.084828506
M.glabrata,C.cheiranthifolia,-0.017020289
M.glabrata,P.crenulata,0.094540277
M.glabrata,S.columbariae,0.249093765
M.glabrata,Erinoginum.spp,0.038192171
M.glabrata,E.nitidum,0.07231527
M.glabrata,R.neomexicana,-0.012020834
M.glabrata,C.lasiophyllus,-0.012020826
C.fremontii,B.rubens,-0.241658181
C.fremontii,E.cicutarium,-0.18040891
C.fremontii,A.wrangelianus,-0.049374836
C.fremontii,S.barbatus,-0.096801444
C.fremontii,C.barbigera,-0.03715633
C.fremontii,C.claviformis,-0.016706843
C.fremontii,A.lentiginosus,-0.01686109
C.fremontii,L.arizonicus,0.000982863
C.fremontii,C.rigida,-0.043073954
C.fremontii,H.vulgare,-0.023764806
C.fremontii,P.tanacetifolia,-0.066104701
C.fremontii,Pectocarya.spp,0.18059708
C.fremontii,M.lanceolata,-0.011861178
C.fremontii,D.capitatum,-0.031494312
C.fremontii,C.brevipes,0.014838263
C.fremontii,L.decorus,0.077277709
C.fremontii,P.insularis,0.084113949
C.fremontii,M.glabrata,0.459430784
C.fremontii,C.fremontii,1
C.fremontii,C.intermedia,-0.006433621
C.fremontii,M.bellioides,-0.035753926
C.fremontii,B.nigra,-0.057637864
C.fremontii,E.wallacei,0.186100057
C.fremontii,N.demissum,0.073683355
C.fremontii,L.gracilis,-0.134981977
C.fremontii,A.tessellata,-0.058913469
C.fremontii,A.grandiflora,-0.031494312
C.fremontii,O.deltoides,-0.011861178
C.fremontii,Boraginaceae.sp.,-0.029140566
C.fremontii,P.secunda,-0.023764814
C.fremontii,E.glyptosperma,0.107112908
C.fremontii,B.diandrus,-0.029140559
C.fremontii,M.affinis,-0.039574574
C.fremontii,L.sparsiflorus,0.127850551
C.fremontii,C.cheiranthifolia,-0.023764797
C.fremontii,P.crenulata,0.149354522
C.fremontii,S.columbariae,0.176566873
C.fremontii,Erinoginum.spp,-0.029140691
C.fremontii,E.nitidum,0.281852123
C.fremontii,R.neomexicana,-0.016784244
C.fremontii,C.lasiophyllus,-0.016784232
C.intermedia,B.rubens,-0.05680913
C.intermedia,E.cicutarium,-0.059448549
C.intermedia,A.wrangelianus,-0.035749093
C.intermedia,S.barbatus,0.055760836
C.intermedia,C.barbigera,0.022077403
C.intermedia,C.claviformis,0.187533701
C.intermedia,A.lentiginosus,-0.032383909
C.intermedia,L.arizonicus,-0.025887279
C.intermedia,C.rigida,-0.031187036
C.intermedia,H.vulgare,-0.017206543
C.intermedia,P.tanacetifolia,-0.047862095
C.intermedia,Pectocarya.spp,0.000529621
C.intermedia,M.lanceolata,-0.008587904
C.intermedia,D.capitatum,-0.022802974
C.intermedia,C.brevipes,0.020032273
C.intermedia,L.decorus,0.019167738
C.intermedia,P.insularis,0.220949487
C.intermedia,M.glabrata,-0.061208225
C.intermedia,C.fremontii,-0.006433621
C.intermedia,C.intermedia,1
C.intermedia,M.bellioides,0.217802643
C.intermedia,B.nigra,-0.041731812
C.intermedia,E.wallacei,0.043096367
C.intermedia,N.demissum,0.072236586
C.intermedia,L.gracilis,-0.070960727
C.intermedia,A.tessellata,-0.042655394
C.intermedia,A.grandiflora,-0.022802974
C.intermedia,O.deltoides,-0.008587904
C.intermedia,Boraginaceae.sp.,-0.02109878
C.intermedia,P.secunda,-0.017206549
C.intermedia,E.glyptosperma,-0.027303685
C.intermedia,B.diandrus,-0.021098775
C.intermedia,M.affinis,0.107168238
C.intermedia,L.sparsiflorus,-0.024391915
C.intermedia,C.cheiranthifolia,0.060842415
C.intermedia,P.crenulata,-0.012152366
C.intermedia,S.columbariae,-0.014892419
C.intermedia,Erinoginum.spp,-0.021098871
C.intermedia,E.nitidum,0.035195758
C.intermedia,R.neomexicana,0.198034104
C.intermedia,C.lasiophyllus,-0.012152366
M.bellioides,B.rubens,-0.07319942
M.bellioides,E.cicutarium,-0.007044441
M.bellioides,A.wrangelianus,-0.014955874
M.bellioides,S.barbatus,-0.070124227
M.bellioides,C.barbigera,0.045577587
M.bellioides,C.claviformis,0.187598166
M.bellioides,A.lentiginosus,0.076021021
M.bellioides,L.arizonicus,-0.010830118
M.bellioides,C.rigida,0.175185184
M.bellioides,H.vulgare,-0.007198473
M.bellioides,P.tanacetifolia,-0.02002343
M.bellioides,Pectocarya.spp,0.017562694
M.bellioides,M.lanceolata,-0.003592808
M.bellioides,D.capitatum,-0.009539778
M.bellioides,C.brevipes,-0.017458907
M.bellioides,L.decorus,-0.011422622
M.bellioides,P.insularis,0.200831839
M.bellioides,M.glabrata,-0.025606874
M.bellioides,C.fremontii,-0.035753926
M.bellioides,C.intermedia,0.217802643
M.bellioides,M.bellioides,1
M.bellioides,B.nigra,-0.017458785
M.bellioides,E.wallacei,-0.018224171
M.bellioides,N.demissum,0.213656827
M.bellioides,L.gracilis,-0.040886687
M.bellioides,A.tessellata,-0.017845172
M.bellioides,A.grandiflora,-0.009539778
M.bellioides,O.deltoides,-0.003592808
M.bellioides,Boraginaceae.sp.,-0.008826817
M.bellioides,P.secunda,-0.007198476
M.bellioides,E.glyptosperma,0.094302389
M.bellioides,B.diandrus,-0.008826815
M.bellioides,M.affinis,-0.011987328
M.bellioides,L.sparsiflorus,-0.010204522
M.bellioides,C.cheiranthifolia,-0.007198471
M.bellioides,P.crenulata,-0.005084024
M.bellioides,S.columbariae,-0.006230344
M.bellioides,Erinoginum.spp,-0.008826855
M.bellioides,E.nitidum,-0.014955842
M.bellioides,R.neomexicana,-0.005084028
M.bellioides,C.lasiophyllus,-0.005084024
B.nigra,B.rubens,0.171433926
B.nigra,E.cicutarium,0.033149741
B.nigra,A.wrangelianus,-0.02410993
B.nigra,S.barbatus,0.062851701
B.nigra,C.barbigera,-0.034799769
B.nigra,C.claviformis,-0.039896621
B.nigra,A.lentiginosus,-0.02184038
B.nigra,L.arizonicus,-0.017458918
B.nigra,C.rigida,-0.021033184
B.nigra,H.vulgare,-0.01160445
B.nigra,P.tanacetifolia,-0.03227919
B.nigra,Pectocarya.spp,-0.043941912
B.nigra,M.lanceolata,-0.005791861
B.nigra,D.capitatum,-0.015378798
B.nigra,C.brevipes,-0.028144995
B.nigra,L.decorus,-0.018414076
B.nigra,P.insularis,-0.052073488
B.nigra,M.glabrata,-0.041280096
B.nigra,C.fremontii,-0.057637864
B.nigra,C.intermedia,-0.041731812
B.nigra,M.bellioides,-0.017458785
B.nigra,B.nigra,1
B.nigra,E.wallacei,-0.029378656
B.nigra,N.demissum,-0.017458785
B.nigra,L.gracilis,0.03357193
B.nigra,A.tessellata,0.190353547
B.nigra,A.grandiflora,-0.015378798
B.nigra,O.deltoides,-0.005791861
B.nigra,Boraginaceae.sp.,-0.014229455
B.nigra,P.secunda,-0.011604454
B.nigra,E.glyptosperma,-0.018414172
B.nigra,B.diandrus,-0.014229452
B.nigra,M.affinis,-0.019324423
B.nigra,L.sparsiflorus,-0.016450413
B.nigra,C.cheiranthifolia,-0.011604445
B.nigra,P.crenulata,-0.008195808
B.nigra,S.columbariae,-0.010043756
B.nigra,Erinoginum.spp,-0.014229516
B.nigra,E.nitidum,-0.024109878
B.nigra,R.neomexicana,-0.008195814
B.nigra,C.lasiophyllus,-0.008195808
E.wallacei,B.rubens,-0.123175844
E.wallacei,E.cicutarium,-0.097561944
E.wallacei,A.wrangelianus,-0.025166899
E.wallacei,S.barbatus,-0.107346817
E.wallacei,C.barbigera,-0.01440832
E.wallacei,C.claviformis,0.049832463
E.wallacei,A.lentiginosus,-0.022797854
E.wallacei,L.arizonicus,-0.01822431
E.wallacei,C.rigida,-0.02195527
E.wallacei,H.vulgare,-0.012113184
E.wallacei,P.tanacetifolia,-0.033694296
E.wallacei,Pectocarya.spp,0.067061811
E.wallacei,M.lanceolata,-0.006045773
E.wallacei,D.capitatum,-0.016052999
E.wallacei,C.brevipes,0.013124687
E.wallacei,L.decorus,0.173006083
E.wallacei,P.insularis,0.143276953
E.wallacei,M.glabrata,0.047369112
E.wallacei,C.fremontii,0.186100057
E.wallacei,C.intermedia,0.043096367
E.wallacei,M.bellioides,-0.018224171
E.wallacei,B.nigra,-0.029378656
E.wallacei,E.wallacei,1
E.wallacei,N.demissum,0.119635801
E.wallacei,L.gracilis,-0.068801805
E.wallacei,A.tessellata,-0.030028846
E.wallacei,A.grandiflora,-0.016052999
E.wallacei,O.deltoides,-0.006045773
E.wallacei,Boraginaceae.sp.,-0.014853269
E.wallacei,P.secunda,-0.012113188
E.wallacei,E.glyptosperma,0.174233304
E.wallacei,B.diandrus,-0.014853265
E.wallacei,M.affinis,-0.020171598
E.wallacei,L.sparsiflorus,-0.017171593
E.wallacei,C.cheiranthifolia,-0.01211318
E.wallacei,P.crenulata,0.132777933
E.wallacei,S.columbariae,-0.01048407
E.wallacei,Erinoginum.spp,-0.014853332
E.wallacei,E.nitidum,0.075304067
E.wallacei,R.neomexicana,-0.008555115
E.wallacei,C.lasiophyllus,-0.008555109
N.demissum,B.rubens,-0.07319942
N.demissum,E.cicutarium,-0.044665661
N.demissum,A.wrangelianus,-0.014955874
N.demissum,S.barbatus,-0.050766182
N.demissum,C.barbigera,0.043599494
N.demissum,C.claviformis,0.028103497
N.demissum,A.lentiginosus,-0.013548027
N.demissum,L.arizonicus,-0.010830118
N.demissum,C.rigida,0.081068939
N.demissum,H.vulgare,-0.007198473
N.demissum,P.tanacetifolia,-0.02002343
N.demissum,Pectocarya.spp,-0.027258051
N.demissum,M.lanceolata,-0.003592808
N.demissum,D.capitatum,-0.009539778
N.demissum,C.brevipes,-0.017458907
N.demissum,L.decorus,0.096333799
N.demissum,P.insularis,0.130628819
N.demissum,M.glabrata,-0.025606874
N.demissum,C.fremontii,0.073683355
N.demissum,C.intermedia,0.072236586
N.demissum,M.bellioides,0.213656827
N.demissum,B.nigra,-0.017458785
N.demissum,E.wallacei,0.119635801
N.demissum,N.demissum,1
N.demissum,L.gracilis,-0.040886687
N.demissum,A.tessellata,-0.017845172
N.demissum,A.grandiflora,-0.009539778
N.demissum,O.deltoides,-0.003592808
N.demissum,Boraginaceae.sp.,-0.008826817
N.demissum,P.secunda,-0.007198476
N.demissum,E.glyptosperma,-0.011422681
N.demissum,B.diandrus,-0.008826815
N.demissum,M.affinis,-0.011987328
N.demissum,L.sparsiflorus,-0.010204522
N.demissum,C.cheiranthifolia,-0.007198471
N.demissum,P.crenulata,-0.005084024
N.demissum,S.columbariae,-0.006230344
N.demissum,Erinoginum.spp,-0.008826855
N.demissum,E.nitidum,0.067445822
N.demissum,R.neomexicana,-0.005084028
N.demissum,C.lasiophyllus,-0.005084024
L.gracilis,B.rubens,0.036788336
L.gracilis,E.cicutarium,0.368233337
L.gracilis,A.wrangelianus,-0.029311878
L.gracilis,S.barbatus,0.200666647
L.gracilis,C.barbigera,0.039940606
L.gracilis,C.claviformis,-0.093433802
L.gracilis,A.lentiginosus,-0.051147935
L.gracilis,L.arizonicus,-0.040886999
L.gracilis,C.rigida,-0.049257563
L.gracilis,H.vulgare,-0.027176433
L.gracilis,P.tanacetifolia,-0.006587101
L.gracilis,Pectocarya.spp,-0.043711237
L.gracilis,M.lanceolata,0.095667821
L.gracilis,D.capitatum,0.243128201
L.gracilis,C.brevipes,0.155446348
L.gracilis,L.decorus,0.058470023
L.gracilis,P.insularis,-0.121950779
L.gracilis,M.glabrata,-0.082490821
L.gracilis,C.fremontii,-0.134981977
L.gracilis,C.intermedia,-0.070960727
L.gracilis,M.bellioides,-0.040886687
L.gracilis,B.nigra,0.03357193
L.gracilis,E.wallacei,-0.068801805
L.gracilis,N.demissum,-0.040886687
L.gracilis,L.gracilis,1
L.gracilis,A.tessellata,0.070678269
L.gracilis,A.grandiflora,0.005438761
L.gracilis,O.deltoides,0.086665203
L.gracilis,Boraginaceae.sp.,0.08569671
L.gracilis,P.secunda,0.020329078
L.gracilis,E.glyptosperma,-0.043124105
L.gracilis,B.diandrus,0.00619692
L.gracilis,M.affinis,0.065896431
L.gracilis,L.sparsiflorus,-0.038525184
L.gracilis,C.cheiranthifolia,0.0192247
L.gracilis,P.crenulata,-0.019193743
L.gracilis,S.columbariae,-0.023521448
L.gracilis,Erinoginum.spp,-0.03332407
L.gracilis,E.nitidum,-0.056462867
L.gracilis,R.neomexicana,-0.019193756
L.gracilis,C.lasiophyllus,-0.019193743
A.tessellata,B.rubens,0.196270331
A.tessellata,E.cicutarium,0.05807252
A.tessellata,A.wrangelianus,-0.024643515
A.tessellata,S.barbatus,0.006341406
A.tessellata,C.barbigera,-0.054657294
A.tessellata,C.claviformis,-0.040779588
A.tessellata,A.lentiginosus,-0.022323738
A.tessellata,L.arizonicus,-0.017845308
A.tessellata,C.rigida,-0.021498677
A.tessellata,H.vulgare,-0.011861272
A.tessellata,P.tanacetifolia,-0.032993572
A.tessellata,Pectocarya.spp,-0.044914406
A.tessellata,M.lanceolata,-0.005920042
A.tessellata,D.capitatum,-0.015719152
A.tessellata,C.brevipes,-0.028767883
A.tessellata,L.decorus,-0.018821605
A.tessellata,P.insularis,-0.053225946
A.tessellata,M.glabrata,-0.042193681
A.tessellata,C.fremontii,-0.058913469
A.tessellata,C.intermedia,-0.042655394
A.tessellata,M.bellioides,-0.017845172
A.tessellata,B.nigra,0.190353547
A.tessellata,E.wallacei,-0.030028846
A.tessellata,N.demissum,-0.017845172
A.tessellata,L.gracilis,0.070678269
A.tessellata,A.tessellata,1
A.tessellata,A.grandiflora,-0.015719152
A.tessellata,O.deltoides,-0.005920042
A.tessellata,Boraginaceae.sp.,-0.014544372
A.tessellata,P.secunda,-0.011861276
A.tessellata,E.glyptosperma,-0.018821702
A.tessellata,B.diandrus,0.238055583
A.tessellata,M.affinis,0.103482168
A.tessellata,L.sparsiflorus,-0.016814484
A.tessellata,C.cheiranthifolia,-0.011861268
A.tessellata,P.crenulata,-0.008377192
A.tessellata,S.columbariae,-0.010266038
A.tessellata,Erinoginum.spp,-0.014544435
A.tessellata,E.nitidum,-0.024643463
A.tessellata,R.neomexicana,-0.008377198
A.tessellata,C.lasiophyllus,-0.008377192
A.grandiflora,B.rubens,0.105789676
A.grandiflora,E.cicutarium,0.180417973
A.grandiflora,A.wrangelianus,0.081147885
A.grandiflora,S.barbatus,-0.074364567
A.grandiflora,C.barbigera,-0.016506836
A.grandiflora,C.claviformis,-0.021800194
A.grandiflora,A.lentiginosus,-0.011933956
A.grandiflora,L.arizonicus,-0.009539851
A.grandiflora,C.rigida,-0.01149289
A.grandiflora,H.vulgare,-0.006340869
A.grandiflora,P.tanacetifolia,-0.0176379
A.grandiflora,Pectocarya.spp,-0.02401061
A.grandiflora,M.lanceolata,-0.003164771
A.grandiflora,D.capitatum,-0.008403238
A.grandiflora,C.brevipes,-0.015378906
A.grandiflora,L.decorus,-0.010061765
A.grandiflora,P.insularis,-0.028453842
A.grandiflora,M.glabrata,-0.022556149
A.grandiflora,C.fremontii,-0.031494312
A.grandiflora,C.intermedia,-0.022802974
A.grandiflora,M.bellioides,-0.009539778
A.grandiflora,B.nigra,-0.015378798
A.grandiflora,E.wallacei,-0.016052999
A.grandiflora,N.demissum,-0.009539778
A.grandiflora,L.gracilis,0.005438761
A.grandiflora,A.tessellata,-0.015719152
A.grandiflora,A.grandiflora,1
A.grandiflora,O.deltoides,-0.003164771
A.grandiflora,Boraginaceae.sp.,-0.007775217
A.grandiflora,P.secunda,-0.006340871
A.grandiflora,E.glyptosperma,-0.010061817
A.grandiflora,B.diandrus,-0.007775215
A.grandiflora,M.affinis,-0.010559194
A.grandiflora,L.sparsiflorus,-0.008988786
A.grandiflora,C.cheiranthifolia,-0.006340867
A.grandiflora,P.crenulata,-0.004478329
A.grandiflora,S.columbariae,-0.00548808
A.grandiflora,Erinoginum.spp,-0.00777525
A.grandiflora,E.nitidum,-0.013174049
A.grandiflora,R.neomexicana,-0.004478332
A.grandiflora,C.lasiophyllus,-0.004478329
O.deltoides,B.rubens,0.024703655
O.deltoides,E.cicutarium,-0.021431796
O.deltoides,A.wrangelianus,-0.004961533
O.deltoides,S.barbatus,0.045302602
O.deltoides,C.barbigera,0.056491286
O.deltoides,C.claviformis,-0.008210244
O.deltoides,A.lentiginosus,-0.004494487
O.deltoides,L.arizonicus,-0.003592835
O.deltoides,C.rigida,-0.004328376
O.deltoides,H.vulgare,-0.002388056
O.deltoides,P.tanacetifolia,-0.006642668
O.deltoides,Pectocarya.spp,-0.009042716
O.deltoides,M.lanceolata,-0.001191895
O.deltoides,D.capitatum,-0.003164771
O.deltoides,C.brevipes,-0.005791901
O.deltoides,L.decorus,-0.003789395
O.deltoides,P.insularis,-0.010716096
O.deltoides,M.glabrata,-0.008494946
O.deltoides,C.fremontii,-0.011861178
O.deltoides,C.intermedia,-0.008587904
O.deltoides,M.bellioides,-0.003592808
O.deltoides,B.nigra,-0.005791861
O.deltoides,E.wallacei,-0.006045773
O.deltoides,N.demissum,-0.003592808
O.deltoides,L.gracilis,0.086665203
O.deltoides,A.tessellata,-0.005920042
O.deltoides,A.grandiflora,-0.003164771
O.deltoides,O.deltoides,1
O.deltoides,Boraginaceae.sp.,-0.00292825
O.deltoides,P.secunda,-0.002388057
O.deltoides,E.glyptosperma,-0.003789415
O.deltoides,B.diandrus,-0.00292825
O.deltoides,M.affinis,-0.003976733
O.deltoides,L.sparsiflorus,-0.003385297
O.deltoides,C.cheiranthifolia,-0.002388055
O.deltoides,P.crenulata,-0.001686598
O.deltoides,S.columbariae,-0.002066884
O.deltoides,Erinoginum.spp,-0.002928263
O.deltoides,E.nitidum,-0.004961522
O.deltoides,R.neomexicana,-0.0016866
O.deltoides,C.lasiophyllus,-0.001686598
Boraginaceae.sp.,B.rubens,0.043865298
Boraginaceae.sp.,E.cicutarium,0.017436874
Boraginaceae.sp.,A.wrangelianus,-0.012189505
Boraginaceae.sp.,S.barbatus,0.0944067
Boraginaceae.sp.,C.barbigera,0.005067954
Boraginaceae.sp.,C.claviformis,-0.020170944
Boraginaceae.sp.,A.lentiginosus,-0.011042065
Boraginaceae.sp.,L.arizonicus,-0.008826885
Boraginaceae.sp.,C.rigida,0.103068449
Boraginaceae.sp.,H.vulgare,-0.005866981
Boraginaceae.sp.,P.tanacetifolia,-0.016319721
Boraginaceae.sp.,Pectocarya.spp,-0.022216163
Boraginaceae.sp.,M.lanceolata,-0.00292825
Boraginaceae.sp.,D.capitatum,-0.007775217
Boraginaceae.sp.,C.brevipes,-0.014229554
Boraginaceae.sp.,L.decorus,-0.009309794
Boraginaceae.sp.,P.insularis,-0.026327328
Boraginaceae.sp.,M.glabrata,-0.020870402
Boraginaceae.sp.,C.fremontii,-0.029140566
Boraginaceae.sp.,C.intermedia,-0.02109878
Boraginaceae.sp.,M.bellioides,-0.008826817
Boraginaceae.sp.,B.nigra,-0.014229455
Boraginaceae.sp.,E.wallacei,-0.014853269
Boraginaceae.sp.,N.demissum,-0.008826817
Boraginaceae.sp.,L.gracilis,0.08569671
Boraginaceae.sp.,A.tessellata,-0.014544372
Boraginaceae.sp.,A.grandiflora,-0.007775217
Boraginaceae.sp.,O.deltoides,-0.00292825
Boraginaceae.sp.,Boraginaceae.sp.,1
Boraginaceae.sp.,P.secunda,-0.005866983
Boraginaceae.sp.,E.glyptosperma,-0.009309842
Boraginaceae.sp.,B.diandrus,-0.00719413
Boraginaceae.sp.,M.affinis,-0.009770047
Boraginaceae.sp.,L.sparsiflorus,-0.008317004
Boraginaceae.sp.,C.cheiranthifolia,-0.005866979
Boraginaceae.sp.,P.crenulata,-0.004143639
Boraginaceae.sp.,S.columbariae,-0.005077925
Boraginaceae.sp.,Erinoginum.spp,-0.007194162
Boraginaceae.sp.,E.nitidum,-0.012189479
Boraginaceae.sp.,R.neomexicana,-0.004143642
Boraginaceae.sp.,C.lasiophyllus,-0.004143639
P.secunda,B.rubens,0.048068046
P.secunda,E.cicutarium,0.035477833
P.secunda,A.wrangelianus,0.113149994
P.secunda,S.barbatus,-0.056113628
P.secunda,C.barbigera,-0.039539719
P.secunda,C.claviformis,-0.016449877
P.secunda,A.lentiginosus,-0.009005063
P.secunda,L.arizonicus,-0.007198531
P.secunda,C.rigida,-0.008672245
P.secunda,H.vulgare,-0.00478466
P.secunda,P.tanacetifolia,0.175017497
P.secunda,Pectocarya.spp,-0.018117801
P.secunda,M.lanceolata,-0.002388057
P.secunda,D.capitatum,-0.006340871
P.secunda,C.brevipes,-0.011604535
P.secunda,L.decorus,-0.007592355
P.secunda,P.insularis,-0.021470552
P.secunda,M.glabrata,-0.017020301
P.secunda,C.fremontii,-0.023764814
P.secunda,C.intermedia,-0.017206549
P.secunda,M.bellioides,-0.007198476
P.secunda,B.nigra,-0.011604454
P.secunda,E.wallacei,-0.012113188
P.secunda,N.demissum,-0.007198476
P.secunda,L.gracilis,0.020329078
P.secunda,A.tessellata,-0.011861276
P.secunda,A.grandiflora,-0.006340871
P.secunda,O.deltoides,-0.002388057
P.secunda,Boraginaceae.sp.,-0.005866983
P.secunda,P.secunda,1
P.secunda,E.glyptosperma,-0.007592394
P.secunda,B.diandrus,-0.005866981
P.secunda,M.affinis,-0.007967702
P.secunda,L.sparsiflorus,-0.006782712
P.secunda,C.cheiranthifolia,-0.004784658
P.secunda,P.crenulata,-0.003379234
P.secunda,S.columbariae,-0.004141167
P.secunda,Erinoginum.spp,-0.005867008
P.secunda,E.nitidum,-0.009940805
P.secunda,R.neomexicana,-0.003379237
P.secunda,C.lasiophyllus,-0.003379234
E.glyptosperma,B.rubens,-0.077205068
E.glyptosperma,E.cicutarium,-0.032818699
E.glyptosperma,A.wrangelianus,-0.015774295
E.glyptosperma,S.barbatus,-0.08904219
E.glyptosperma,C.barbigera,0.003031628
E.glyptosperma,C.claviformis,0.02112049
E.glyptosperma,A.lentiginosus,-0.014289408
E.glyptosperma,L.arizonicus,-0.011422768
E.glyptosperma,C.rigida,0.164387769
E.glyptosperma,H.vulgare,-0.007592391
E.glyptosperma,P.tanacetifolia,-0.02111916
E.glyptosperma,Pectocarya.spp,0.019076767
E.glyptosperma,M.lanceolata,-0.003789415
E.glyptosperma,D.capitatum,-0.010061817
E.glyptosperma,C.brevipes,-0.0184143
E.glyptosperma,L.decorus,-0.012047695
E.glyptosperma,P.insularis,0.153149406
E.glyptosperma,M.glabrata,0.20457436
E.glyptosperma,C.fremontii,0.107112908
E.glyptosperma,C.intermedia,-0.027303685
E.glyptosperma,M.bellioides,0.094302389
E.glyptosperma,B.nigra,-0.018414172
E.glyptosperma,E.wallacei,0.174233304
E.glyptosperma,N.demissum,-0.011422681
E.glyptosperma,L.gracilis,-0.043124105
E.glyptosperma,A.tessellata,-0.018821702
E.glyptosperma,A.grandiflora,-0.010061817
E.glyptosperma,O.deltoides,-0.003789415
E.glyptosperma,Boraginaceae.sp.,-0.009309842
E.glyptosperma,P.secunda,-0.007592394
E.glyptosperma,E.glyptosperma,1
E.glyptosperma,B.diandrus,-0.009309839
E.glyptosperma,M.affinis,-0.012643303
E.glyptosperma,L.sparsiflorus,-0.010762938
E.glyptosperma,C.cheiranthifolia,-0.007592388
E.glyptosperma,P.crenulata,0.219045994
E.glyptosperma,S.columbariae,0.176984473
E.glyptosperma,Erinoginum.spp,-0.009309882
E.glyptosperma,E.nitidum,-0.015774262
E.glyptosperma,R.neomexicana,-0.005362238
E.glyptosperma,C.lasiophyllus,-0.005362234
B.diandrus,B.rubens,0.095641143
B.diandrus,E.cicutarium,0.035629635
B.diandrus,A.wrangelianus,-0.012189502
B.diandrus,S.barbatus,0.001848494
B.diandrus,C.barbigera,-0.048483844
B.diandrus,C.claviformis,-0.020170939
B.diandrus,A.lentiginosus,-0.011042063
B.diandrus,L.arizonicus,-0.008826882
B.diandrus,C.rigida,-0.01063396
B.diandrus,H.vulgare,-0.005866979
B.diandrus,P.tanacetifolia,-0.016319717
B.diandrus,Pectocarya.spp,-0.022216158
B.diandrus,M.lanceolata,-0.00292825
B.diandrus,D.capitatum,-0.007775215
B.diandrus,C.brevipes,-0.014229551
B.diandrus,L.decorus,-0.009309791
B.diandrus,P.insularis,-0.026327322
B.diandrus,M.glabrata,-0.020870397
B.diandrus,C.fremontii,-0.029140559
B.diandrus,C.intermedia,-0.021098775
B.diandrus,M.bellioides,-0.008826815
B.diandrus,B.nigra,-0.014229452
B.diandrus,E.wallacei,-0.014853265
B.diandrus,N.demissum,-0.008826815
B.diandrus,L.gracilis,0.00619692
B.diandrus,A.tessellata,0.238055583
B.diandrus,A.grandiflora,-0.007775215
B.diandrus,O.deltoides,-0.00292825
B.diandrus,Boraginaceae.sp.,-0.00719413
B.diandrus,P.secunda,-0.005866981
B.diandrus,E.glyptosperma,-0.009309839
B.diandrus,B.diandrus,1
B.diandrus,M.affinis,0.116507428
B.diandrus,L.sparsiflorus,-0.008317002
B.diandrus,C.cheiranthifolia,-0.005866977
B.diandrus,P.crenulata,-0.004143638
B.diandrus,S.columbariae,-0.005077924
B.diandrus,Erinoginum.spp,-0.007194161
B.diandrus,E.nitidum,-0.012189476
B.diandrus,R.neomexicana,-0.004143641
B.diandrus,C.lasiophyllus,-0.004143638
M.affinis,B.rubens,0.132450831
M.affinis,E.cicutarium,0.027611128
M.affinis,A.wrangelianus,-0.016554052
M.affinis,S.barbatus,0.041928009
M.affinis,C.barbigera,-0.06584388
M.affinis,C.claviformis,-0.027393309
M.affinis,A.lentiginosus,-0.014995763
M.affinis,L.arizonicus,-0.01198742
M.affinis,C.rigida,-0.014441536
M.affinis,H.vulgare,-0.007967699
M.affinis,P.tanacetifolia,-0.022163125
M.affinis,Pectocarya.spp,-0.030170835
M.affinis,M.lanceolata,-0.003976733
M.affinis,D.capitatum,-0.010559194
M.affinis,C.brevipes,-0.019324558
M.affinis,L.decorus,-0.012643238
M.affinis,P.insularis,-0.035754034
M.affinis,M.glabrata,-0.028343213
M.affinis,C.fremontii,-0.039574574
M.affinis,C.intermedia,0.107168238
M.affinis,M.bellioides,-0.011987328
M.affinis,B.nigra,-0.019324423
M.affinis,E.wallacei,-0.020171598
M.affinis,N.demissum,-0.011987328
M.affinis,L.gracilis,0.065896431
M.affinis,A.tessellata,0.103482168
M.affinis,A.grandiflora,-0.010559194
M.affinis,O.deltoides,-0.003976733
M.affinis,Boraginaceae.sp.,-0.009770047
M.affinis,P.secunda,-0.007967702
M.affinis,E.glyptosperma,-0.012643303
M.affinis,B.diandrus,0.116507428
M.affinis,M.affinis,1
M.affinis,L.sparsiflorus,-0.011294973
M.affinis,C.cheiranthifolia,-0.007967696
M.affinis,P.crenulata,-0.005627301
M.affinis,S.columbariae,-0.006896116
M.affinis,Erinoginum.spp,-0.009770089
M.affinis,E.nitidum,-0.016554017
M.affinis,R.neomexicana,-0.005627305
M.affinis,C.lasiophyllus,-0.005627301
L.sparsiflorus,B.rubens,-0.039068577
L.sparsiflorus,E.cicutarium,-0.06087196
L.sparsiflorus,A.wrangelianus,-0.014092064
L.sparsiflorus,S.barbatus,-0.044513598
L.sparsiflorus,C.barbigera,0.031937366
L.sparsiflorus,C.claviformis,-0.02331926
L.sparsiflorus,A.lentiginosus,-0.01276553
L.sparsiflorus,L.arizonicus,-0.0102046
L.sparsiflorus,C.rigida,-0.01229373
L.sparsiflorus,H.vulgare,-0.006782709
L.sparsiflorus,P.tanacetifolia,-0.018866932
L.sparsiflorus,Pectocarya.spp,-0.025683701
L.sparsiflorus,M.lanceolata,-0.003385297
L.sparsiflorus,D.capitatum,-0.008988786
L.sparsiflorus,C.brevipes,-0.016450528
L.sparsiflorus,L.decorus,-0.010762883
L.sparsiflorus,P.insularis,-0.030436543
L.sparsiflorus,M.glabrata,0.084828506
L.sparsiflorus,C.fremontii,0.127850551
L.sparsiflorus,C.intermedia,-0.024391915
L.sparsiflorus,M.bellioides,-0.010204522
L.sparsiflorus,B.nigra,-0.016450413
L.sparsiflorus,E.wallacei,-0.017171593
L.sparsiflorus,N.demissum,-0.010204522
L.sparsiflorus,L.gracilis,-0.038525184
L.sparsiflorus,A.tessellata,-0.016814484
L.sparsiflorus,A.grandiflora,-0.008988786
L.sparsiflorus,O.deltoides,-0.003385297
L.sparsiflorus,Boraginaceae.sp.,-0.008317004
L.sparsiflorus,P.secunda,-0.006782712
L.sparsiflorus,E.glyptosperma,-0.010762938
L.sparsiflorus,B.diandrus,-0.008317002
L.sparsiflorus,M.affinis,-0.011294973
L.sparsiflorus,L.sparsiflorus,1
L.sparsiflorus,C.cheiranthifolia,-0.006782707
L.sparsiflorus,P.crenulata,-0.004790385
L.sparsiflorus,S.columbariae,-0.005870496
L.sparsiflorus,Erinoginum.spp,-0.00831704
L.sparsiflorus,E.nitidum,0.073460648
L.sparsiflorus,R.neomexicana,-0.004790388
L.sparsiflorus,C.lasiophyllus,-0.004790385
C.cheiranthifolia,B.rubens,0.004459694
C.cheiranthifolia,E.cicutarium,0.019612429
C.cheiranthifolia,A.wrangelianus,-0.009940819
C.cheiranthifolia,S.barbatus,0.095461605
C.cheiranthifolia,C.barbigera,-0.039539691
C.cheiranthifolia,C.claviformis,-0.016449865
C.cheiranthifolia,A.lentiginosus,-0.009005056
C.cheiranthifolia,L.arizonicus,-0.007198526
C.cheiranthifolia,C.rigida,-0.008672239
C.cheiranthifolia,H.vulgare,-0.004784657
C.cheiranthifolia,P.tanacetifolia,-0.013309105
C.cheiranthifolia,Pectocarya.spp,-0.018117788
C.cheiranthifolia,M.lanceolata,-0.002388055
C.cheiranthifolia,D.capitatum,-0.006340867
C.cheiranthifolia,C.brevipes,-0.011604526
C.cheiranthifolia,L.decorus,-0.007592349
C.cheiranthifolia,P.insularis,-0.021470537
C.cheiranthifolia,M.glabrata,-0.017020289
C.cheiranthifolia,C.fremontii,-0.023764797
C.cheiranthifolia,C.intermedia,0.060842415
C.cheiranthifolia,M.bellioides,-0.007198471
C.cheiranthifolia,B.nigra,-0.011604445
C.cheiranthifolia,E.wallacei,-0.01211318
C.cheiranthifolia,N.demissum,-0.007198471
C.cheiranthifolia,L.gracilis,0.0192247
C.cheiranthifolia,A.tessellata,-0.011861268
C.cheiranthifolia,A.grandiflora,-0.006340867
C.cheiranthifolia,O.deltoides,-0.002388055
C.cheiranthifolia,Boraginaceae.sp.,-0.005866979
C.cheiranthifolia,P.secunda,-0.004784658
C.cheiranthifolia,E.glyptosperma,-0.007592388
C.cheiranthifolia,B.diandrus,-0.005866977
C.cheiranthifolia,M.affinis,-0.007967696
C.cheiranthifolia,L.sparsiflorus,-0.006782707
C.cheiranthifolia,C.cheiranthifolia,1
C.cheiranthifolia,P.crenulata,-0.003379232
C.cheiranthifolia,S.columbariae,-0.004141164
C.cheiranthifolia,Erinoginum.spp,-0.005867004
C.cheiranthifolia,E.nitidum,-0.009940798
C.cheiranthifolia,R.neomexicana,-0.003379234
C.cheiranthifolia,C.lasiophyllus,-0.003379232
P.crenulata,B.rubens,-0.03436255
P.crenulata,E.cicutarium,-0.030327194
P.crenulata,A.wrangelianus,-0.007020848
P.crenulata,S.barbatus,-0.039631034
P.crenulata,C.barbigera,-0.027925479
P.crenulata,C.claviformis,-0.011617956
P.crenulata,A.lentiginosus,-0.006359951
P.crenulata,L.arizonicus,-0.005084063
P.crenulata,C.rigida,-0.006124895
P.crenulata,H.vulgare,-0.003379233
P.crenulata,P.tanacetifolia,-0.009399748
P.crenulata,Pectocarya.spp,-0.01279595
P.crenulata,M.lanceolata,-0.001686598
P.crenulata,D.capitatum,-0.004478329
P.crenulata,C.brevipes,-0.008195865
P.crenulata,L.decorus,0.218511196
P.crenulata,P.insularis,-0.015163878
P.crenulata,M.glabrata,0.094540277
P.crenulata,C.fremontii,0.149354522
P.crenulata,C.intermedia,-0.012152366
P.crenulata,M.bellioides,-0.005084024
P.crenulata,B.nigra,-0.008195808
P.crenulata,E.wallacei,0.132777933
P.crenulata,N.demissum,-0.005084024
P.crenulata,L.gracilis,-0.019193743
P.crenulata,A.tessellata,-0.008377192
P.crenulata,A.grandiflora,-0.004478329
P.crenulata,O.deltoides,-0.001686598
P.crenulata,Boraginaceae.sp.,-0.004143639
P.crenulata,P.secunda,-0.003379234
P.crenulata,E.glyptosperma,0.219045994
P.crenulata,B.diandrus,-0.004143638
P.crenulata,M.affinis,-0.005627301
P.crenulata,L.sparsiflorus,-0.004790385
P.crenulata,C.cheiranthifolia,-0.003379232
P.crenulata,P.crenulata,1
P.crenulata,S.columbariae,0.40800473
P.crenulata,Erinoginum.spp,-0.004143656
P.crenulata,E.nitidum,-0.007020833
P.crenulata,R.neomexicana,-0.002386633
P.crenulata,C.lasiophyllus,-0.002386631
S.columbariae,B.rubens,-0.04211044
S.columbariae,E.cicutarium,-0.037165213
S.columbariae,A.wrangelianus,-0.008603872
S.columbariae,S.barbatus,-0.02485668
S.columbariae,C.barbigera,0.071131655
S.columbariae,C.claviformis,-0.014237512
S.columbariae,A.lentiginosus,-0.00779396
S.columbariae,L.arizonicus,-0.006230391
S.columbariae,C.rigida,-0.007505904
S.columbariae,H.vulgare,-0.004141165
S.columbariae,P.tanacetifolia,-0.011519155
S.columbariae,Pectocarya.spp,-0.015681115
S.columbariae,M.lanceolata,-0.002066884
S.columbariae,D.capitatum,-0.00548808
S.columbariae,C.brevipes,-0.010043826
S.columbariae,L.decorus,-0.006571249
S.columbariae,P.insularis,-0.01858295
S.columbariae,M.glabrata,0.249093765
S.columbariae,C.fremontii,0.176566873
S.columbariae,C.intermedia,-0.014892419
S.columbariae,M.bellioides,-0.006230344
S.columbariae,B.nigra,-0.010043756
S.columbariae,E.wallacei,-0.01048407
S.columbariae,N.demissum,-0.006230344
S.columbariae,L.gracilis,-0.023521448
S.columbariae,A.tessellata,-0.010266038
S.columbariae,A.grandiflora,-0.00548808
S.columbariae,O.deltoides,-0.002066884
S.columbariae,Boraginaceae.sp.,-0.005077925
S.columbariae,P.secunda,-0.004141167
S.columbariae,E.glyptosperma,0.176984473
S.columbariae,B.diandrus,-0.005077924
S.columbariae,M.affinis,-0.006896116
S.columbariae,L.sparsiflorus,-0.005870496
S.columbariae,C.cheiranthifolia,-0.004141164
S.columbariae,P.crenulata,0.40800473
S.columbariae,S.columbariae,1
S.columbariae,Erinoginum.spp,-0.005077947
S.columbariae,E.nitidum,-0.008603854
S.columbariae,R.neomexicana,-0.002924759
S.columbariae,C.lasiophyllus,-0.002924757
Erinoginum.spp,B.rubens,-0.059660069
Erinoginum.spp,E.cicutarium,-0.052653907
Erinoginum.spp,A.wrangelianus,-0.012189557
Erinoginum.spp,S.barbatus,0.001934438
Erinoginum.spp,C.barbigera,0.051252256
Erinoginum.spp,C.claviformis,-0.02017103
Erinoginum.spp,A.lentiginosus,-0.011042113
Erinoginum.spp,L.arizonicus,-0.008826922
Erinoginum.spp,C.rigida,-0.010634008
Erinoginum.spp,H.vulgare,-0.005867006
Erinoginum.spp,P.tanacetifolia,-0.016319791
Erinoginum.spp,Pectocarya.spp,-0.022216258
Erinoginum.spp,M.lanceolata,-0.002928263
Erinoginum.spp,D.capitatum,-0.00777525
Erinoginum.spp,C.brevipes,-0.014229615
Erinoginum.spp,L.decorus,-0.009309833
Erinoginum.spp,P.insularis,0.075599554
Erinoginum.spp,M.glabrata,0.038192171
Erinoginum.spp,C.fremontii,-0.029140691
Erinoginum.spp,C.intermedia,-0.021098871
Erinoginum.spp,M.bellioides,-0.008826855
Erinoginum.spp,B.nigra,-0.014229516
Erinoginum.spp,E.wallacei,-0.014853332
Erinoginum.spp,N.demissum,-0.008826855
Erinoginum.spp,L.gracilis,-0.03332407
Erinoginum.spp,A.tessellata,-0.014544435
Erinoginum.spp,A.grandiflora,-0.00777525
Erinoginum.spp,O.deltoides,-0.002928263
Erinoginum.spp,Boraginaceae.sp.,-0.007194162
Erinoginum.spp,P.secunda,-0.005867008
Erinoginum.spp,E.glyptosperma,-0.009309882
Erinoginum.spp,B.diandrus,-0.007194161
Erinoginum.spp,M.affinis,-0.009770089
Erinoginum.spp,L.sparsiflorus,-0.00831704
Erinoginum.spp,C.cheiranthifolia,-0.005867004
Erinoginum.spp,P.crenulata,-0.004143656
Erinoginum.spp,S.columbariae,-0.005077947
Erinoginum.spp,Erinoginum.spp,1
Erinoginum.spp,E.nitidum,0.088433425
Erinoginum.spp,R.neomexicana,-0.004143659
Erinoginum.spp,C.lasiophyllus,-0.004143656
E.nitidum,B.rubens,-0.101085449
E.nitidum,E.cicutarium,-0.089214509
E.nitidum,A.wrangelianus,-0.02065346
E.nitidum,S.barbatus,-0.072226808
E.nitidum,C.barbigera,-0.060451341
E.nitidum,C.claviformis,-0.034176924
E.nitidum,A.lentiginosus,-0.018709279
E.nitidum,L.arizonicus,-0.014955957
E.nitidum,C.rigida,-0.018017805
E.nitidum,H.vulgare,-0.009940802
E.nitidum,P.tanacetifolia,-0.02765155
E.nitidum,Pectocarya.spp,0.13793262
E.nitidum,M.lanceolata,-0.004961522
E.nitidum,D.capitatum,-0.013174049
E.nitidum,C.brevipes,0.078375122
E.nitidum,L.decorus,-0.01577418
E.nitidum,P.insularis,0.106628729
E.nitidum,M.glabrata,0.07231527
E.nitidum,C.fremontii,0.281852123
E.nitidum,C.intermedia,0.035195758
E.nitidum,M.bellioides,-0.014955842
E.nitidum,B.nigra,-0.024109878
E.nitidum,E.wallacei,0.075304067
E.nitidum,N.demissum,0.067445822
E.nitidum,L.gracilis,-0.056462867
E.nitidum,A.tessellata,-0.024643463
E.nitidum,A.grandiflora,-0.013174049
E.nitidum,O.deltoides,-0.004961522
E.nitidum,Boraginaceae.sp.,-0.012189479
E.nitidum,P.secunda,-0.009940805
E.nitidum,E.glyptosperma,-0.015774262
E.nitidum,B.diandrus,-0.012189476
E.nitidum,M.affinis,-0.016554017
E.nitidum,L.sparsiflorus,0.073460648
E.nitidum,C.cheiranthifolia,-0.009940798
E.nitidum,P.crenulata,-0.007020833
E.nitidum,S.columbariae,-0.008603854
E.nitidum,Erinoginum.spp,0.088433425
E.nitidum,E.nitidum,1
E.nitidum,R.neomexicana,0.164163704
E.nitidum,C.lasiophyllus,-0.007020833
R.neomexicana,B.rubens,-0.034362574
R.neomexicana,E.cicutarium,-0.030327215
R.neomexicana,A.wrangelianus,-0.007020853
R.neomexicana,S.barbatus,-0.039631063
R.neomexicana,C.barbigera,-0.027925499
R.neomexicana,C.claviformis,-0.011617964
R.neomexicana,A.lentiginosus,-0.006359956
R.neomexicana,L.arizonicus,-0.005084067
R.neomexicana,C.rigida,-0.006124899
R.neomexicana,H.vulgare,-0.003379235
R.neomexicana,P.tanacetifolia,-0.009399755
R.neomexicana,Pectocarya.spp,0.09205982
R.neomexicana,M.lanceolata,-0.0016866
R.neomexicana,D.capitatum,-0.004478332
R.neomexicana,C.brevipes,-0.008195871
R.neomexicana,L.decorus,-0.00536221
R.neomexicana,P.insularis,-0.015163888
R.neomexicana,M.glabrata,-0.012020834
R.neomexicana,C.fremontii,-0.016784244
R.neomexicana,C.intermedia,0.198034104
R.neomexicana,M.bellioides,-0.005084028
R.neomexicana,B.nigra,-0.008195814
R.neomexicana,E.wallacei,-0.008555115
R.neomexicana,N.demissum,-0.005084028
R.neomexicana,L.gracilis,-0.019193756
R.neomexicana,A.tessellata,-0.008377198
R.neomexicana,A.grandiflora,-0.004478332
R.neomexicana,O.deltoides,-0.0016866
R.neomexicana,Boraginaceae.sp.,-0.004143642
R.neomexicana,P.secunda,-0.003379237
R.neomexicana,E.glyptosperma,-0.005362238
R.neomexicana,B.diandrus,-0.004143641
R.neomexicana,M.affinis,-0.005627305
R.neomexicana,L.sparsiflorus,-0.004790388
R.neomexicana,C.cheiranthifolia,-0.003379234
R.neomexicana,P.crenulata,-0.002386633
R.neomexicana,S.columbariae,-0.002924759
R.neomexicana,Erinoginum.spp,-0.004143659
R.neomexicana,E.nitidum,0.164163704
R.neomexicana,R.neomexicana,1
R.neomexicana,C.lasiophyllus,-0.002386633
C.lasiophyllus,B.rubens,-0.03436255
C.lasiophyllus,E.cicutarium,-0.030327194
C.lasiophyllus,A.wrangelianus,-0.007020848
C.lasiophyllus,S.barbatus,0.059839494
C.lasiophyllus,C.barbigera,0.031097662
C.lasiophyllus,C.claviformis,-0.011617956
C.lasiophyllus,A.lentiginosus,-0.006359951
C.lasiophyllus,L.arizonicus,-0.005084063
C.lasiophyllus,C.rigida,-0.006124895
C.lasiophyllus,H.vulgare,-0.003379233
C.lasiophyllus,P.tanacetifolia,-0.009399748
C.lasiophyllus,Pectocarya.spp,-0.01279595
C.lasiophyllus,M.lanceolata,-0.001686598
C.lasiophyllus,D.capitatum,-0.004478329
C.lasiophyllus,C.brevipes,-0.008195865
C.lasiophyllus,L.decorus,-0.005362207
C.lasiophyllus,P.insularis,-0.015163878
C.lasiophyllus,M.glabrata,-0.012020826
C.lasiophyllus,C.fremontii,-0.016784232
C.lasiophyllus,C.intermedia,-0.012152366
C.lasiophyllus,M.bellioides,-0.005084024
C.lasiophyllus,B.nigra,-0.008195808
C.lasiophyllus,E.wallacei,-0.008555109
C.lasiophyllus,N.demissum,-0.005084024
C.lasiophyllus,L.gracilis,-0.019193743
C.lasiophyllus,A.tessellata,-0.008377192
C.lasiophyllus,A.grandiflora,-0.004478329
C.lasiophyllus,O.deltoides,-0.001686598
C.lasiophyllus,Boraginaceae.sp.,-0.004143639
C.lasiophyllus,P.secunda,-0.003379234
C.lasiophyllus,E.glyptosperma,-0.005362234
C.lasiophyllus,B.diandrus,-0.004143638
C.lasiophyllus,M.affinis,-0.005627301
C.lasiophyllus,L.sparsiflorus,-0.004790385
C.lasiophyllus,C.cheiranthifolia,-0.003379232
C.lasiophyllus,P.crenulata,-0.002386631
C.lasiophyllus,S.columbariae,-0.002924757
C.lasiophyllus,Erinoginum.spp,-0.004143656
C.lasiophyllus,E.nitidum,-0.007020833
C.lasiophyllus,R.neomexicana,-0.002386633
C.lasiophyllus,C.lasiophyllus,1
