year,month,day,site,station,gradient,wind.mean,wind.direct,wind.max,temp.mean,temp.min,temp.max,humidity.mean,humidity.min,humidity.max,precipitation,dewpoint,pressure
2015,11,1,HeartofMojave,Granites,5,10.5,270,53.1,19.4,12.2,25,20,32,13,0,-4.4,25.74
2015,11,2,HeartofMojave,Granites,5,10.8,246,57.3,17.8,9.4,22.2,28,61,14,0,-1.7,25.51
2015,11,3,HeartofMojave,Granites,5,22.5,301,70,8.9,6.1,12.2,47,69,25,0,-2.2,25.44
2015,11,4,HeartofMojave,Granites,5,22.5,301,73.7,5,3.3,7.2,62,84,45,0.18,-1.7,25.54
2015,11,5,HeartofMojave,Granites,5,13.7,281,53.6,7.2,3.9,11.1,32,46,22,0,-8.3,25.79
2015,11,6,HeartofMojave,Granites,5,24.6,307,62.5,8.9,6.1,11.1,29,37,22,0,-8.9,25.81
2015,11,7,HeartofMojave,Granites,5,7.2,133,27.4,11.1,4.4,15.6,23,36,17,0,-9.4,25.78
2015,11,8,HeartofMojave,Granites,5,5.3,264,19.5,10,4.4,16.7,29,40,18,0,-7.8,25.67
2015,11,9,HeartofMojave,Granites,5,10.8,267,54.3,10.6,4.4,15,33,62,18,0,-5.6,25.58
2015,11,10,HeartofMojave,Granites,5,25.9,296,86.6,6.7,4.4,8.9,46,69,29,0,-4.4,25.63
2015,11,11,HeartofMojave,Granites,5,17.2,305,58.8,7.2,2.2,10.6,28,39,20,0,-10.6,25.85
2015,11,12,HeartofMojave,Granites,5,9,288,39.9,10,0.6,15.6,17,30,11,0,-14.4,25.77
2015,11,13,HeartofMojave,Granites,5,6.9,304,26.4,12.2,6.1,17.2,16,26,12,0,-13.3,25.72
2015,11,14,HeartofMojave,Granites,5,5.5,274,17.7,11.1,5,17.8,22,33,14,0,-10.6,25.66
2015,11,15,HeartofMojave,Granites,5,12.1,257,64.1,8.9,3.3,13.3,38,71,19,0,-5.6,25.5
2015,11,16,HeartofMojave,Granites,5,31.2,294,117.5,2.8,-0.6,5.6,48,98,26,0.89,-8.3,25.48
2015,11,17,HeartofMojave,Granites,5,34,314,76.5,7.2,2.2,11.7,22,31,13,0,-13.3,25.75
2015,11,18,HeartofMojave,Granites,5,17.7,321,64.2,13.9,10.6,17.2,24,32,13,0,-6.7,25.72
2015,11,19,HeartofMojave,Granites,5,9,289,36.1,15,8.3,19.4,24,34,16,0,-5.6,25.74
2015,11,20,HeartofMojave,Granites,5,17.5,311,42.7,16.7,13.9,20,26,32,21,0,-2.8,25.75
2015,11,21,HeartofMojave,Granites,5,6.8,283,33.8,13.3,6.7,17.8,18,37,11,0,-11.1,25.79
2015,11,22,HeartofMojave,Granites,5,5,271,17.2,11.7,5.6,18.3,17,29,8,0,-13.3,25.74
2015,11,23,HeartofMojave,Granites,5,5.5,258,15.1,11.7,5,18.9,18,29,9,0,-12.8,25.65
2015,11,24,HeartofMojave,Granites,5,5.6,255,25.4,11.1,5.6,16.1,26,39,18,0,-8.3,25.55
2015,11,25,HeartofMojave,Granites,5,19.6,302,55.2,6.7,2.8,9.4,43,82,22,0,-6.1,25.43
2015,11,26,HeartofMojave,Granites,5,20.1,311,58,3.9,1.1,6.7,48,60,38,0,-6.7,25.56
2015,11,27,HeartofMojave,Granites,5,10.5,312,44.3,3.3,-1.1,5.6,40,53,31,0,-9.4,25.61
2015,11,28,HeartofMojave,Granites,5,14,305,40.6,2.8,1.1,6.1,35,38,29,0,-11.1,25.67
2015,11,29,HeartofMojave,Granites,5,12.9,296,39.8,2.8,-1.1,5.6,31,38,23,0,-12.8,25.72
2015,11,30,HeartofMojave,Granites,5,4.7,255,30.1,2.8,-3.3,8.3,26,41,16,0,-14.4,25.75
2015,12,1,HeartofMojave,Granites,5,16.3,303,48.6,7.2,2.2,11.1,16,21,12,0,-14.4,25.77
2015,12,2,HeartofMojave,Granites,5,5.5,262,19.2,8.3,2.2,15.6,15,24,9,0,-16.7,25.83
2015,12,3,HeartofMojave,Granites,5,6.1,318,20.3,10,4.4,15.6,14,24,8,0,-16.1,25.77
2015,12,4,HeartofMojave,Granites,5,9.7,286,47.8,8.3,4.4,13.3,28,53,13,0,-10,25.72
2015,12,5,HeartofMojave,Granites,5,11.3,347,40.3,9.4,1.7,15,24,46,13,0,-11.1,25.93
2015,12,6,HeartofMojave,Granites,5,5.5,304,18.4,9.4,2.2,16.1,16,23,12,0,-15.6,25.92
2015,12,7,HeartofMojave,Granites,5,5.6,260,46,11.1,4.4,19.4,17,26,9,0,-13.3,25.84
2015,12,8,HeartofMojave,Granites,5,8.7,285,47.8,16.7,10,22.2,21,33,14,0,-6.1,25.8
2015,12,9,HeartofMojave,Granites,5,5.5,266,44.8,13.9,8.3,20,25,36,11,0,-6.1,25.73
2015,12,10,HeartofMojave,Granites,5,8.2,203,44.8,14.4,8.9,20,22,44,9,0,-7.2,25.58
2015,12,11,HeartofMojave,Granites,5,24.6,297,82.4,6.7,2.8,12.2,56,73,37,0,-1.7,25.37
2015,12,12,HeartofMojave,Granites,5,20.6,279,98.9,5,2.8,7.2,39,61,29,0,-8.3,25.54
2015,12,13,HeartofMojave,Granites,5,11.4,254,92.1,7.8,1.7,12.2,35,82,23,0.1,-7.8,25.57
2015,12,14,HeartofMojave,Granites,5,28,292,90.3,1.7,-1.1,3.9,50,80,33,0.13,-7.8,25.41
2015,12,15,HeartofMojave,Granites,5,0,254,85,0,-1.1,2.8,37,42,32,0,-7.8,25.57
2015,12,16,HeartofMojave,Granites,5,0,292,39.4,1.5,-1.1,5,29,42,16,0,-7.8,25.41
2015,12,17,HeartofMojave,Granites,5,5.8,250,38.3,5,0.6,8.9,27,39,20,0,-12.8,25.78
2015,12,18,HeartofMojave,Granites,5,5,280,14.3,5.6,-0.6,12.8,23,37,13,0,-14.4,25.74
2015,12,19,HeartofMojave,Granites,5,6.9,262,49.7,6.7,0,13.9,27,89,15,0,-11.7,25.59
2015,12,20,HeartofMojave,Granites,5,14,289,50.4,4.4,1.7,7.8,60,83,42,0.08,-2.8,25.67
2015,12,21,HeartofMojave,Granites,5,5.3,255,24.6,5,0,10,54,65,38,0,-3.9,25.67
2015,12,22,HeartofMojave,Granites,5,20.3,270,84.4,10.6,5,14.4,59,70,50,0,2.8,25.38
2015,12,23,HeartofMojave,Granites,5,25,303,70.5,7.8,4.4,9.4,52,62,43,0,-1.7,25.36
2015,12,24,HeartofMojave,Granites,5,11.1,276,62,5.6,0,11.1,43,79,9,0,-7.8,25.48
2015,12,25,HeartofMojave,Granites,5,25.4,295,96.8,1.1,-1.7,3.9,45,68,32,0,-9.4,25.56
2015,12,26,HeartofMojave,Granites,5,21.6,293,90.5,-0.6,-3.3,2.8,28,49,14,0,-16.7,25.77
2015,12,27,HeartofMojave,Granites,5,11.8,259,76.2,1.1,-3.3,6.1,22,32,14,0,0,25.75
2015,12,28,HeartofMojave,Granites,5,6.4,229,47.8,1.1,-4.4,6.1,30,88,15,0,-15.6,25.47
2015,12,29,HeartofMojave,Granites,5,16.7,299,60.5,0,-2.8,3.9,45,58,24,0,-10,25.57
2015,12,30,HeartofMojave,Granites,5,5.2,267,23.3,1.1,-5.6,6.7,43,64,28,0,-10,25.74
2015,12,31,HeartofMojave,Granites,5,17.5,301,51.2,2.2,-1.7,6.7,33,45,25,0,-12.8,25.74
2016,1,1,HeartofMojave,Granites,5,6.4,315,24.3,1.7,-6.1,6.7,36,55,24,0,-11.7,25.74
2016,1,2,HeartofMojave,Granites,5,8.4,65,24.6,6.1,1.1,9.4,44,56,36,0,-5,25.75
2016,1,3,HeartofMojave,Granites,5,12.2,90,34.8,8.3,6.7,11.1,39,47,32,0,-5,25.64
2016,1,4,HeartofMojave,Granites,5,7.9,97,31.9,5,3.3,7.8,79,100,46,0.13,1.1,25.5
2016,1,5,HeartofMojave,Granites,5,10.1,135,45.1,5,3.3,5.6,99,100,74,3.07,4.4,25.49
2016,1,6,HeartofMojave,Granites,5,16.6,251,67.8,4.4,2.2,8.3,74,100,31,0.89,-0.6,25.48
2016,1,7,HeartofMojave,Granites,5,11.1,277,51.8,2.8,1.1,6.1,79,100,59,0.08,-0.6,25.44
2016,1,8,HeartofMojave,Granites,5,16.9,326,56.4,2.2,-1.7,4.4,63,96,47,0,-4.4,25.57
2016,1,9,HeartofMojave,Granites,5,7.1,255,36.1,4.4,2.2,8.9,46,69,30,0,-6.1,25.74
2016,1,10,HeartofMojave,Granites,5,7.2,297,32.8,3.3,2.2,5.6,75,91,59,0.08,-0.6,25.76
2016,1,11,HeartofMojave,Granites,5,17.5,307,51,3.3,-0.6,7.2,42,68,25,0,-8.9,25.85
2016,1,12,HeartofMojave,Granites,5,9,286,44.9,6.7,0,13.9,23,54,9,0,-14.4,25.83
2016,1,13,HeartofMojave,Granites,5,8.4,276,46.5,7.8,0.6,13.9,29,61,11,0,-10.6,25.73
2016,1,14,HeartofMojave,Granites,5,10.5,241,63.9,7.8,4.4,11.7,43,63,13,0,-4.4,25.65
2016,1,15,HeartofMojave,Granites,5,25.9,284,107.7,8.3,5.6,10,36,65,12,0,-6.7,25.6
2016,1,16,HeartofMojave,Granites,5,6.1,255,38.6,7.8,2.8,11.7,44,65,30,0,-4.4,25.76
2016,1,17,HeartofMojave,Granites,5,4.7,258,19.5,9.4,4.4,16.1,48,68,28,0,-1.7,25.81
2016,1,18,HeartofMojave,Granites,5,13,283,52.5,10,5.6,13.9,54,68,30,0,0.6,25.75
2016,1,19,HeartofMojave,Granites,5,6.8,239,38.6,8.3,3.3,13.3,61,85,40,0.25,1.1,25.78
2016,1,20,HeartofMojave,Granites,5,9.8,288,46,8.9,3.9,13.9,55,93,21,0,-0.6,25.82
2016,1,21,HeartofMojave,Granites,5,8.2,65,28.8,8.9,3.3,12.8,32,80,13,0,-9.4,25.9
2016,1,22,HeartofMojave,Granites,5,4.8,279,18,7.8,1.1,13.9,24,38,13,0,-12.2,25.79
2016,1,23,HeartofMojave,Granites,5,12.1,272,67.8,8.9,4.4,13.3,33,67,18,0,-7.2,25.62
2016,1,24,HeartofMojave,Granites,5,16.3,333,77.8,7.2,4.4,10,39,53,24,0,-6.1,25.64
2016,1,25,HeartofMojave,Granites,5,15.1,338,55.1,6.7,4.4,9.4,37,44,31,0,-7.2,25.74
2016,1,26,HeartofMojave,Granites,5,20.6,308,63.4,6.1,1.7,11.1,20,34,9,0,-15.6,25.89
2016,1,27,HeartofMojave,Granites,5,4.5,252,16.1,7.8,1.7,14.4,22,36,11,0,-12.8,25.91
2016,1,28,HeartofMojave,Granites,5,5.5,252,38.3,10.6,3.3,16.1,20,31,11,0,-11.7,25.82
2016,1,29,HeartofMojave,Granites,5,7.7,243,52.6,12.8,6.1,17.8,27,49,17,0,-6.1,25.7
2016,1,30,HeartofMojave,Granites,5,36.2,280,88.6,14.4,10,18.3,41,68,24,0,0.6,25.54
2016,1,31,HeartofMojave,Granites,5,19.8,256,76.3,7.8,-0.6,12.8,61,92,47,0.1,0.6,25.35
2016,2,1,HeartofMojave,Granites,5,31.1,268,121.7,0,-2.2,1.7,56,93,33,0.51,-8.3,25.42
2016,2,2,HeartofMojave,Granites,5,9.7,294,43.8,1.1,-2.2,4.4,26,40,11,0,-16.7,25.72
2016,2,3,HeartofMojave,Granites,5,9.2,278,40.1,1.7,-1.7,6.7,33,50,19,0,-12.8,25.89
2016,2,4,HeartofMojave,Granites,5,13.4,298,46.7,5,-1.7,10,27,45,13,0,-12.8,25.93
2016,2,5,HeartofMojave,Granites,5,19.2,312,50.9,7.8,4.4,12.2,31,42,20,0,-8.9,25.98
2016,2,6,HeartofMojave,Granites,5,9.2,293,43,10,3.3,14.4,22,34,13,0,-11.1,25.94
2016,2,7,HeartofMojave,Granites,5,21.4,310,53.5,12.8,8.3,18.3,17,22,13,0,-11.7,25.91
2016,2,8,HeartofMojave,Granites,5,11.9,326,36.4,15.6,12.2,20,17,22,13,0,-10,25.94
2016,2,9,HeartofMojave,Granites,5,7.6,292,29.9,16.1,10,21.1,16,24,13,0,-10,25.92
2016,2,10,HeartofMojave,Granites,5,5.2,260,19,14.4,7.2,21.1,20,34,11,0,-8.9,25.89
2016,2,11,HeartofMojave,Granites,5,5.5,263,15.8,13.9,6.1,22.2,18,31,9,0,-10.6,25.87
2016,2,12,HeartofMojave,Granites,5,6.1,259,13.2,13.9,6.7,22.8,17,31,10,0,-11.1,25.85
2016,2,13,HeartofMojave,Granites,5,13.4,298,41.1,16.1,8.3,22.8,14,22,9,0,-11.7,25.8
2016,2,14,HeartofMojave,Granites,5,23.7,312,67.1,15.6,13.9,18.9,18,30,10,0,-9.4,25.79
2016,2,15,HeartofMojave,Granites,5,30.4,311,59.1,16.1,12.8,18.9,30,36,26,0,-1.7,25.79
2016,2,16,HeartofMojave,Granites,5,8.5,266,44.3,16.1,8.3,22.8,24,40,12,0,-5.6,25.7
2016,2,17,HeartofMojave,Granites,5,9.2,251,46.9,15.6,8.3,20.6,28,58,15,0,-3.9,25.58
2016,2,18,HeartofMojave,Granites,5,11.1,285,55.7,11.7,7.2,15.6,52,71,34,0,1.7,25.58
2016,2,19,HeartofMojave,Granites,5,4.7,247,16.7,11.7,5,17.2,40,69,21,0,-2.8,25.7
2016,2,20,HeartofMojave,Granites,5,6.8,257,26.7,13.3,7.8,18.9,24,34,14,0,-7.2,25.75
2016,2,21,HeartofMojave,Granites,5,15.9,302,47.2,15,7.2,20,21,30,10,0,-7.8,25.74
2016,2,22,HeartofMojave,Granites,5,18.8,271,96.3,13.9,10,16.1,18,28,9,0,-11.1,25.67
2016,2,23,HeartofMojave,Granites,5,11.3,318,60.1,10.6,7.8,12.8,17,26,11,0,-13.9,25.76
2016,2,24,HeartofMojave,Granites,5,6.3,81,24.8,11.1,7.8,16.1,17,24,13,0,-13.3,25.82
2016,2,25,HeartofMojave,Granites,5,6.1,260,29.6,13.3,5,19.4,18,29,12,0,-11.1,25.8
2016,2,26,HeartofMojave,Granites,5,5.5,351,24.6,15.6,8.3,21.7,16,26,10,0,-10.6,25.8
2016,2,27,HeartofMojave,Granites,5,10.1,307,32.2,16.7,10.6,21.1,20,27,15,0,-6.7,25.72
2016,2,28,HeartofMojave,Granites,5,10,282,30.8,16.7,10,22.8,19,29,12,0,-7.2,25.74
2016,2,29,HeartofMojave,Granites,5,11.8,289,32.7,18.3,11.7,22.8,19,28,16,0,-5.6,25.75
2016,3,1,HeartofMojave,Granites,5,6.6,256,28.2,17.2,10,23.3,22,36,14,0,-5.6,25.79
2016,3,2,HeartofMojave,Granites,5,12.2,299,43,18.9,13.9,23.9,13,29,8,0,-11.1,25.74
2016,3,3,HeartofMojave,Granites,5,6.9,273,39.3,17.2,10.6,23.3,14,26,5,0,-11.1,25.73
2016,3,4,HeartofMojave,Granites,5,6.6,260,36.2,16.7,8.9,21.7,14,24,10,0,-11.7,25.66
2016,3,5,HeartofMojave,Granites,5,16.9,285,63.6,15.6,12.8,18.9,39,55,20,0,1.1,25.63
2016,3,6,HeartofMojave,Granites,5,22.9,278,75,10.6,6.7,14.4,41,77,25,0,-2.2,25.53
2016,3,7,HeartofMojave,Granites,5,14,281,53.9,5.6,1.7,8.9,58,88,28,0.33,-2.8,25.42
2016,3,8,HeartofMojave,Granites,5,19.6,305,49.1,7.8,2.8,12.2,50,81,25,0,-3.3,25.54
2016,3,9,HeartofMojave,Granites,5,17.9,313,39.9,13.9,8.9,19.4,24,37,14,0,-6.7,25.69
2016,3,10,HeartofMojave,Granites,5,8.2,264,34,16.1,9.4,21.7,23,39,15,0,-5.6,25.73
2016,3,11,HeartofMojave,Granites,5,13.4,251,76.6,12.2,3.3,19.4,38,81,16,0.36,-2.8,25.58
2016,3,12,HeartofMojave,Granites,5,16.9,272,79.4,8.9,2.8,15,46,64,25,0,-2.8,25.64
2016,3,13,HeartofMojave,Granites,5,18,285,66.8,12.2,7.8,16.7,38,64,23,0,-2.2,25.66
2016,3,14,HeartofMojave,Granites,5,28.2,307,74.4,12.2,8.3,16.7,48,71,15,0,0.6,25.65
2016,3,15,HeartofMojave,Granites,5,6.8,272,24.8,14.4,7.2,20,21,33,14,0,-7.8,25.73
2016,3,16,HeartofMojave,Granites,5,9.8,312,32.2,16.1,10.6,21.1,19,29,13,0,-7.8,25.71
2016,3,17,HeartofMojave,Granites,5,12.7,305,50.9,18.3,13.9,22.8,17,31,12,0,-7.8,25.63
2016,3,18,HeartofMojave,Granites,5,14,304,44.6,18.9,13.3,23.9,20,33,12,0,-5,25.64
2016,3,19,HeartofMojave,Granites,5,6.1,249,23.2,17.8,11.1,23.9,19,35,11,0,-6.7,25.7
2016,3,20,HeartofMojave,Granites,5,7.4,252,26.2,18.9,13.9,23.9,17,26,11,0,-6.7,25.73
2016,3,21,HeartofMojave,Granites,5,14.3,270,63.1,17.2,10,21.7,18,57,7,0,-9.4,25.67
2016,3,22,HeartofMojave,Granites,5,27.9,287,86.1,10,7.2,13.9,30,51,11,0,-7.2,25.57
2016,3,23,HeartofMojave,Granites,5,14.8,302,51.5,9.4,2.8,13.9,20,32,14,0,-12.8,25.79
2016,3,24,HeartofMojave,Granites,5,10.6,293,46.7,14.4,6.1,18.9,15,27,11,0,-12.2,25.73
2016,3,25,HeartofMojave,Granites,5,15.6,309,51,16.7,13.9,21.7,16,31,10,0,-9.4,25.57
2016,3,26,HeartofMojave,Granites,5,17.9,307,57.5,13.9,8.9,17.8,16,31,9,0,-12.2,25.6
2016,3,27,HeartofMojave,Granites,5,6.6,235,36.1,14.4,5,20.6,17,41,10,0,-11.7,25.67
2016,3,28,HeartofMojave,Granites,5,25.1,277,79.1,11.7,3.3,17.2,37,49,25,0,-2.8,25.41
2016,3,29,HeartofMojave,Granites,5,23.7,291,73.6,5.6,1.7,10,39,53,23,0,-7.8,25.41
2016,3,30,HeartofMojave,Granites,5,11.4,15,38.8,6.7,3.3,10,42,57,29,0.03,-5.6,25.54
2016,3,31,HeartofMojave,Granites,5,11.6,296,54.1,11.1,6.1,15,29,43,21,0,-6.7,25.62
2016,4,1,HeartofMojave,Granites,5,11.8,305,43,13.9,10.6,18.9,27,37,16,0,-5,25.75
2015,11,1,Tecopa,North Vegas,7,4.8,,14.5,18.9,11.7,26.1,38,21,54,0,2.8,30.02
2015,11,2,Tecopa,North Vegas,7,22.5,,48.3,20.6,11.7,29.4,29,10,47,0,-0.6,29.68
2015,11,3,Tecopa,North Vegas,7,12.9,,35.4,15,11.7,18.3,37,27,47,0,0.6,29.75
2015,11,4,Tecopa,North Vegas,7,19.3,,41.9,10,6.7,12.8,60,43,76,0.38,1.7,29.93
2015,11,5,Tecopa,North Vegas,7,11.3,,32.2,10.6,6.1,15,42,26,58,0,-3.9,30.25
2015,11,6,Tecopa,North Vegas,7,16.1,,35.4,12.8,6.7,18.3,36,18,53,0,-5,30.29
2015,11,7,Tecopa,North Vegas,7,8.1,,24.2,12.2,6.7,17.8,31,19,42,0,-5,30.24
2015,11,8,Tecopa,North Vegas,7,6.4,,14.5,12.2,5.6,18.9,38,22,53,0,-2.8,30.06
2015,11,9,Tecopa,North Vegas,7,19.3,,40.3,14.4,7.2,21.1,39,18,60,0,-0.6,29.89
2015,11,10,Tecopa,North Vegas,7,27.4,,58,12.2,8.3,15.6,43,20,65,0.03,-1.7,30
2015,11,11,Tecopa,North Vegas,7,11.3,,35.4,11.1,6.1,16.1,33,20,45,0,-5.6,30.33
2015,11,12,Tecopa,North Vegas,7,8.1,,22.5,11.1,3.9,18.3,32,16,48,0,-6.7,30.24
2015,11,13,Tecopa,North Vegas,7,8.1,,22.5,13.9,6.7,20.6,24,14,34,0,-6.7,30.15
2015,11,14,Tecopa,North Vegas,7,6.4,,12.9,12.8,5.6,20,30,14,45,0,-6.1,30.05
2015,11,15,Tecopa,North Vegas,7,14.5,,48.3,12.2,4.4,19.4,34,14,53,0.03,-3.3,29.79
2015,11,16,Tecopa,North Vegas,7,40.3,,66,11.1,7.8,14.4,38,15,60,0.03,-8.3,29.87
2015,11,17,Tecopa,North Vegas,7,14.5,,51.5,10,5.6,14.4,25,13,37,0,-12.2,30.24
2015,11,18,Tecopa,North Vegas,7,6.4,,12.9,11.1,4.4,17.2,33,20,45,0,-5.6,30.13
2015,11,19,Tecopa,North Vegas,7,4.8,,12.9,13.3,6.1,20.6,38,22,53,0,-1.7,30.13
2015,11,20,Tecopa,North Vegas,7,8.1,,35.4,16.1,7.8,23.9,37,20,53,0,0,30.13
2015,11,21,Tecopa,North Vegas,7,6.4,,22.5,13.9,7.8,19.4,32,9,54,0,-8.3,30.25
2015,11,22,Tecopa,North Vegas,7,6.4,,16.1,12.2,5,18.9,24,11,36,0,-10,30.17
2015,11,23,Tecopa,North Vegas,7,8.1,,16.1,11.7,4.4,18.3,26,13,38,0,-8.9,30.02
2015,11,24,Tecopa,North Vegas,7,20.9,,46.7,13.9,4.4,23.3,28,12,43,0,-6.1,29.81
2015,11,25,Tecopa,North Vegas,7,17.7,,46.7,10.6,5.6,15,31,15,46,0,-5,29.74
2015,11,26,Tecopa,North Vegas,7,16.1,,33.8,8.9,4.4,12.8,42,24,59,0,-6.1,30.02
2015,11,27,Tecopa,North Vegas,7,20.9,,38.6,7.8,4.4,10.6,33,21,44,0,-9.4,30.1
2015,11,28,Tecopa,North Vegas,7,8.1,,27.4,6.1,1.7,10.6,35,21,48,0,-8.9,30.19
2015,11,29,Tecopa,North Vegas,7,8.1,,16.1,5,-0.6,10,34,24,44,0,-10,30.24
2015,11,30,Tecopa,North Vegas,7,4.8,,16.1,5,-0.6,10.6,36,21,51,0,-10,30.27
2015,12,1,Tecopa,North Vegas,7,6.4,,14.5,6.7,0,12.8,34,16,51,0,-10,30.28
2015,12,2,Tecopa,North Vegas,7,4.8,,19.3,8.3,1.1,15,27,14,40,0,-10.6,30.32
2015,12,3,Tecopa,North Vegas,7,6.4,,14.5,8.9,2.2,15,29,17,40,0,-8.9,30.21
2015,12,4,Tecopa,North Vegas,7,4.8,,12.9,9.4,2.8,15.6,31,18,44,0,-7.8,30.14
2015,12,5,Tecopa,North Vegas,7,6.4,,29,9.4,3.3,15.6,34,19,49,0,-6.7,30.42
2015,12,6,Tecopa,North Vegas,7,6.4,,20.9,9.4,2.8,15.6,32,19,44,0,-7.2,30.4
2015,12,7,Tecopa,North Vegas,7,6.4,,20.9,10.6,4.4,16.1,32,19,44,0,-7.8,30.3
2015,12,8,Tecopa,North Vegas,7,4.8,,16.1,11.7,4.4,18.3,29,16,42,0,-6.1,30.21
2015,12,9,Tecopa,North Vegas,7,4.8,,12.9,11.1,6.7,15.6,40,27,53,0,-2.8,30.11
2015,12,10,Tecopa,North Vegas,7,11.3,,38.6,12.8,4.4,20.6,41,17,64,0,-1.7,29.85
2015,12,11,Tecopa,North Vegas,7,19.3,,40.3,11.1,5.6,16.7,50,29,71,0.03,0.6,29.68
2015,12,12,Tecopa,North Vegas,7,22.5,,41.9,10,6.7,13.3,36,22,50,0,-6.1,29.98
2015,12,13,Tecopa,North Vegas,7,14.5,,58,9.4,2.8,15.6,39,26,52,0,-3.9,29.9
2015,12,14,Tecopa,North Vegas,7,30.6,,56.4,7.8,4.4,11.1,41,24,58,0.03,-5.6,29.8
2015,12,15,Tecopa,North Vegas,7,25.8,,41.9,6.7,3.3,10,30,21,38,0,-10,30.06
2015,12,16,Tecopa,North Vegas,7,14.5,,33.8,5.6,0.6,10,32,20,44,0,-10,30.21
2015,12,17,Tecopa,North Vegas,7,4.8,,14.5,4.4,-1.1,10,39,24,54,0,-8.9,30.31
2015,12,18,Tecopa,North Vegas,7,6.4,,16.1,6.1,0,12.2,40,24,56,0,-7.2,30.23
2015,12,19,Tecopa,North Vegas,7,6.4,,24.2,7.2,0,13.9,43,26,59,0,-5.6,29.99
2015,12,20,Tecopa,North Vegas,7,8.1,,16.1,7.8,3.3,11.7,62,39,85,0,0.6,30.11
2015,12,21,Tecopa,North Vegas,7,8.1,,16.1,6.1,2.2,10,63,50,76,0,0,30.09
2015,12,22,Tecopa,North Vegas,7,11.3,,22.5,11.7,6.7,16.1,57,42,71,0,1.7,29.68
2015,12,23,Tecopa,North Vegas,7,8.1,,25.8,10,3.3,16.1,54,29,79,0,0,29.74
2015,12,24,Tecopa,North Vegas,7,14.5,,59.6,9.4,5,13.9,30,20,39,0.03,-7.2,29.83
2015,12,25,Tecopa,North Vegas,7,25.8,,53.1,6.1,2.8,8.9,55,25,85,0.05,-6.1,30
2015,12,26,Tecopa,North Vegas,7,33.8,,51.5,5.6,2.8,8.3,24,15,33,0,-15,30.37
2015,12,27,Tecopa,North Vegas,7,8.1,,35.4,2.8,-2.2,7.2,27,16,38,0,-15.6,30.32
2015,12,28,Tecopa,North Vegas,7,6.4,,38.6,3.3,-1.7,7.8,30,17,43,0,-12.2,29.95
2015,12,29,Tecopa,North Vegas,7,17.7,,33.8,5.6,0.6,10,45,26,64,0,-7.2,30.06
2015,12,30,Tecopa,North Vegas,7,8.1,,16.1,3.3,-2.8,9.4,45,26,63,0,-8.9,30.26
2015,12,31,Tecopa,North Vegas,7,16.1,,32.2,5.6,1.7,8.9,34,21,47,0,-11.1,30.33
2016,1,1,Tecopa,North Vegas,7,8.1,,22.5,3.9,-1.1,8.9,30,22,37,0,-12.2,30.32
2016,1,2,Tecopa,North Vegas,7,6.4,,20.9,6.7,1.1,11.7,37,27,47,0,-7.2,30.27
2016,1,3,Tecopa,North Vegas,7,6.4,,14.5,8.9,3.9,13.3,40,26,54,0,-5,30.12
2016,1,4,Tecopa,North Vegas,7,4.8,,14.5,9.4,6.7,12.2,64,39,89,0.05,1.7,29.93
2016,1,5,Tecopa,North Vegas,7,11.3,,20.9,9.4,7.8,10.6,90,80,100,0.69,7.8,29.86
2016,1,6,Tecopa,North Vegas,7,16.1,,40.3,10,6.7,12.8,72,43,100,0.43,4.4,29.83
2016,1,7,Tecopa,North Vegas,7,16.1,,38.6,8.3,5,11.7,56,41,70,0,0.6,29.8
2016,1,8,Tecopa,North Vegas,7,16.1,,35.4,8.3,3.3,12.8,51,32,70,0,-2.8,30
2016,1,9,Tecopa,North Vegas,7,6.4,,20.9,6.7,2.2,10.6,55,39,70,0,-2.2,30.22
2016,1,10,Tecopa,North Vegas,7,6.4,,19.3,7.8,3.3,11.7,57,38,76,0,-1.1,30.26
2016,1,11,Tecopa,North Vegas,7,8.1,,22.5,6.1,1.1,10.6,46,27,64,0,-5.6,30.41
2016,1,12,Tecopa,North Vegas,7,6.4,,19.3,5.6,-0.6,11.7,48,26,69,0,-5.6,30.37
2016,1,13,Tecopa,North Vegas,7,6.4,,14.5,4.4,-1.1,10,51,33,69,0,-5,30.19
2016,1,14,Tecopa,North Vegas,7,6.4,,20.9,6.1,-0.6,12.2,49,32,66,0,-3.9,30.11
2016,1,15,Tecopa,North Vegas,7,14.5,,45.1,8.3,1.1,15,50,30,70,0,-2.8,30.03
2016,1,16,Tecopa,North Vegas,7,4.8,,12.9,7.2,2.8,11.1,51,38,64,0,-2.2,30.24
2016,1,17,Tecopa,North Vegas,7,4.8,,16.1,6.7,0.6,12.8,60,38,82,0,-1.1,30.28
2016,1,18,Tecopa,North Vegas,7,6.4,,25.8,10.6,5,16.1,53,35,70,0,0.6,30.15
2016,1,19,Tecopa,North Vegas,7,6.4,,20.9,7.2,3.9,10.6,71,50,92,0.03,2.2,30.23
2016,1,20,Tecopa,North Vegas,7,3.2,,22.5,11.1,5,16.7,68,46,89,0,3.9,30.29
2016,1,21,Tecopa,North Vegas,7,3.2,,12.9,8.9,2.8,14.4,52,24,79,0,-2.2,30.4
2016,1,22,Tecopa,North Vegas,7,6.4,,14.5,8.9,3.3,14.4,42,24,59,0,-5,30.24
2016,1,23,Tecopa,North Vegas,7,9.7,,48.3,9.4,5,13.3,44,30,57,0,-2.8,30
2016,1,24,Tecopa,North Vegas,7,24.2,,40.3,12.2,7.8,16.1,39,20,58,0,-3.3,30.05
2016,1,25,Tecopa,North Vegas,7,16.1,,35.4,10,5.6,14.4,35,21,49,0,-6.1,30.23
2016,1,26,Tecopa,North Vegas,7,12.9,,33.8,9.4,5,13.9,27,17,36,0,-9.4,30.42
2016,1,27,Tecopa,North Vegas,7,6.4,,14.5,8.3,1.7,15,33,19,47,0,-7.8,30.41
2016,1,28,Tecopa,North Vegas,7,3.2,,12.9,10,3.3,16.7,34,20,48,0,-5.6,30.27
2016,1,29,Tecopa,North Vegas,7,6.4,,14.5,11.7,6.1,16.7,33,20,45,0,-3.9,30.09
2016,1,30,Tecopa,North Vegas,7,11.3,,38.6,13.9,5.6,22.2,38,23,53,0,-0.6,29.82
2016,1,31,Tecopa,North Vegas,7,16.1,,45.1,10.6,5,15.6,61,38,83,0.36,2.2,29.61
2016,2,1,Tecopa,North Vegas,7,37,,64.4,5.6,2.8,8.3,51,25,76,0.05,-5.6,29.82
2016,2,2,Tecopa,North Vegas,7,14.5,,38.6,3.9,0.6,6.7,35,25,44,0,-10.6,30.27
2016,2,3,Tecopa,North Vegas,7,4.8,,22.5,4.4,-1.1,9.4,36,19,53,0,-10,30.48
2016,2,4,Tecopa,North Vegas,7,8.1,,25.8,5,-1.1,11.1,44,24,63,0,-7.2,30.49
2016,2,5,Tecopa,North Vegas,7,11.3,,24.2,9.4,3.3,15.6,39,24,54,0,-5,30.53
2016,2,6,Tecopa,North Vegas,7,9.7,,16.1,8.9,2.8,15.6,39,24,59,0,-4.4,30.47
2016,2,7,Tecopa,North Vegas,7,14.5,,38.6,14.4,6.7,22.2,29,12,45,0,-5.6,30.41
2016,2,8,Tecopa,North Vegas,7,16.1,,32.2,16.7,10,22.8,26,16,36,0,-4.4,30.42
2016,2,9,Tecopa,North Vegas,7,8.1,,24.2,15,7.8,22.2,30,18,42,0,-2.8,30.36
2016,2,10,Tecopa,North Vegas,7,4.8,,20.9,15,7.2,22.2,32,18,45,0,-3.3,30.31
2016,2,11,Tecopa,North Vegas,7,4.8,,14.5,15,7.2,22.2,30,15,45,0,-3.9,30.27
2016,2,12,Tecopa,North Vegas,7,6.4,,12.9,15,6.7,22.8,31,16,45,0,-3.9,30.24
2016,2,13,Tecopa,North Vegas,7,9.7,,32.2,15,6.7,22.8,32,15,49,0,-5,30.17
2016,2,14,Tecopa,North Vegas,7,22.5,,38.6,16.7,10.6,22.8,19,11,26,0,-6.1,30.16
2016,2,15,Tecopa,North Vegas,7,19.3,,38.6,20,14.4,25,31,21,40,0,0.6,30.16
2016,2,16,Tecopa,North Vegas,7,8.1,,22.5,17.2,10.6,23.9,31,16,46,0,-0.6,30.05
2016,2,17,Tecopa,North Vegas,7,12.9,,41.9,17.2,8.3,25.6,36,14,57,0.03,-0.6,29.85
2016,2,18,Tecopa,North Vegas,7,20.9,,59.6,15,10,20,41,19,62,0.03,1.7,29.88
2016,2,19,Tecopa,North Vegas,7,9.7,,20.9,15,6.7,22.8,32,10,53,0,-2.2,30.06
2016,2,20,Tecopa,North Vegas,7,9.7,,32.2,16.1,8.9,22.8,33,19,46,0,-2.8,30.12
2016,2,21,Tecopa,North Vegas,7,8.1,,22.5,16.7,9.4,23.9,28,16,39,0,-3.3,30.1
2016,2,22,Tecopa,North Vegas,7,25.8,,58,16.7,11.1,22.2,21,7,35,0,-7.8,30.02
2016,2,23,Tecopa,North Vegas,7,11.3,,27.4,12.8,7.8,17.8,20,10,29,0,-10.6,30.24
2016,2,24,Tecopa,North Vegas,7,6.4,,14.5,12.2,5.6,18.9,27,15,39,0,-8.3,30.28
2016,2,25,Tecopa,North Vegas,7,4.8,,20.9,15.6,7.8,23.3,26,14,37,0,-6.1,30.2
2016,2,26,Tecopa,North Vegas,7,4.8,,19.3,16.7,8.9,24.4,27,14,39,0,-3.9,30.15
2016,2,27,Tecopa,North Vegas,7,9.7,,22.5,18.9,11.7,26.1,24,13,35,0,-3.9,30.02
2016,2,28,Tecopa,North Vegas,7,9.7,,27.4,18.9,12.8,25,23,14,31,0,-5.6,30.06
2016,2,29,Tecopa,North Vegas,7,9.7,,24.2,20.6,12.8,27.8,22,10,33,0,-3.9,30.06
2016,3,1,Tecopa,North Vegas,7,9.7,,20.9,19.4,12.2,26.1,21,13,29,0,-4.4,30.08
2016,3,2,Tecopa,North Vegas,7,6.4,,19.3,19.4,12.2,26.7,23,12,33,0,-3.3,30.04
2016,3,3,Tecopa,North Vegas,7,9.7,,24.2,19.4,12.2,26.1,22,6,38,0,-6.1,30.01
2016,3,4,Tecopa,North Vegas,7,8.1,,19.3,18.9,11.7,26.1,18,10,26,0,-6.7,29.94
2016,3,5,Tecopa,North Vegas,7,22.5,,40.3,21.1,16.7,25,30,16,43,0,2.8,29.87
2016,3,6,Tecopa,North Vegas,7,24.2,,75.7,13.3,6.1,20.6,38,20,56,0.03,1.7,29.8
2016,3,7,Tecopa,North Vegas,7,12.9,,35.4,10.6,5.6,15,47,28,65,0,-1.1,29.79
2016,3,8,Tecopa,North Vegas,7,22.5,,38.6,14.4,8.3,20.6,36,12,60,0,-3.9,29.9
2016,3,9,Tecopa,North Vegas,7,14.5,,38.6,17.8,12.2,22.8,24,12,35,0,-5.6,30.03
2016,3,10,Tecopa,North Vegas,7,9.7,,22.5,18.3,10.6,26.1,25,12,38,0,-4.4,30.04
2016,3,11,Tecopa,North Vegas,7,19.3,,51.5,18.3,10.6,26.1,30,11,48,0,-3.3,29.82
2016,3,12,Tecopa,North Vegas,7,14.5,,32.2,13.9,8.3,19.4,47,22,71,0.03,0,29.98
2016,3,13,Tecopa,North Vegas,7,12.9,,33.8,15.6,10,20.6,37,24,50,0,0.6,29.97
2016,3,14,Tecopa,North Vegas,7,8.1,,20.9,16.1,10,21.7,43,23,63,0,2.8,29.98
2016,3,15,Tecopa,North Vegas,7,9.7,,25.8,17.2,11.7,22.2,25,10,40,0,-8.3,30.09
2016,3,16,Tecopa,North Vegas,7,9.7,,25.8,17.8,11.7,23.9,19,9,28,0,-7.2,30.08
2016,3,17,Tecopa,North Vegas,7,8.1,,19.3,18.9,10.6,27.2,20,10,30,0,-6.1,29.93
2016,3,18,Tecopa,North Vegas,7,9.7,,22.5,20.6,14.4,26.7,18,11,25,0,-6.1,29.93
2016,3,19,Tecopa,North Vegas,7,8.1,,19.3,20.6,12.8,27.8,21,10,32,0,-5.6,30
2016,3,20,Tecopa,North Vegas,7,12.9,,33.8,21.1,12.2,30,19,6,32,0,-6.1,29.99
2016,3,21,Tecopa,North Vegas,7,25.8,,46.7,22.8,17.8,27.2,20,10,29,0,-5.6,29.87
2016,3,22,Tecopa,North Vegas,7,35.4,,62.8,16.1,12.2,20,20,7,33,0,-8.9,29.87
2016,3,23,Tecopa,North Vegas,7,17.7,,40.3,15,9.4,20.6,20,10,29,0,-10,30.2
2016,3,24,Tecopa,North Vegas,7,8.1,,22.5,16.7,8.9,24.4,20,11,29,0,-8.3,30.09
2016,3,25,Tecopa,North Vegas,7,17.7,,37,21.1,15,27.2,13,7,19,0,-9.4,29.84
2016,3,26,Tecopa,North Vegas,7,22.5,,58,16.1,11.7,20.6,16,8,24,0,-12.2,29.97
2016,3,27,Tecopa,North Vegas,7,6.4,,16.1,15,8.3,21.7,21,10,31,0,-8.9,30.01
2016,3,28,Tecopa,North Vegas,7,32.2,,62.8,16.1,9.4,22.8,28,17,39,0.03,-2.2,29.61
2016,3,29,Tecopa,North Vegas,7,16.1,,37,12.2,7.8,16.1,32,18,45,0,-5.6,29.73
2016,3,30,Tecopa,North Vegas,7,11.3,,27.4,13.3,8.9,17.2,29,22,36,0,-5.6,29.93
2016,3,31,Tecopa,North Vegas,7,17.7,,35.4,16.1,9.4,22.8,26,13,39,0,-3.9,29.98
2016,4,1,Tecopa,North Vegas,7,11.3,,29,18.3,12.2,24.4,26,16,36,0,-2.2,30.1
2015,11,1,TejonRanch,Palmdale,3,20.9,,49.9,20.6,11.1,30,31,11,51,0,0,30.02
2015,11,2,TejonRanch,Palmdale,3,25.8,,59.6,15.6,8.9,22.2,56,19,93,0.48,5.6,29.77
2015,11,3,TejonRanch,Palmdale,3,20.9,,41.9,10,5.6,13.9,68,47,89,0,3.3,29.83
2015,11,4,TejonRanch,Palmdale,3,20.9,,41.9,7.8,2.8,12.8,54,32,76,0,-0.6,29.98
2015,11,5,TejonRanch,Palmdale,3,4.8,,16.1,7.2,-0.6,15,53,24,82,0,-2.8,30.22
2015,11,6,TejonRanch,Palmdale,3,12.9,,37,9.4,1.1,17.8,46,17,75,0,-3.9,30.24
2015,11,7,TejonRanch,Palmdale,3,11.3,,27.4,10.6,1.7,18.9,41,18,64,0,-5.6,30.16
2015,11,8,TejonRanch,Palmdale,3,8.1,,25.8,10,0.6,18.9,44,19,69,0,-3.9,30.02
2015,11,9,TejonRanch,Palmdale,3,24.2,,41.9,12.8,8.9,16.1,51,24,77,0,2.8,29.93
2015,11,10,TejonRanch,Palmdale,3,29,,58,6.7,1.1,12.2,57,38,76,0,-0.6,30.11
2015,11,11,TejonRanch,Palmdale,3,9.7,,24.2,6.7,-2.2,15.6,52,18,85,0,-5.6,30.32
2015,11,12,TejonRanch,Palmdale,3,8.1,,29,7.8,-2.8,17.8,38,13,63,0,-9.4,30.2
2015,11,13,TejonRanch,Palmdale,3,8.1,,20.9,10,-1.1,20.6,35,11,58,0,-8.9,30.11
2015,11,14,TejonRanch,Palmdale,3,4.8,,14.5,10,0,20,37,12,61,0,-7.8,30
2015,11,15,TejonRanch,Palmdale,3,22.5,,59.6,10.6,3.3,17.2,52,18,86,0.36,-1.1,29.87
2015,11,16,TejonRanch,Palmdale,3,27.4,,64.4,5,0,9.4,58,34,82,0,-2.8,30.05
2015,11,17,TejonRanch,Palmdale,3,6.4,,16.1,6.7,-2.8,16.1,50,14,85,0,-5.6,30.25
2015,11,18,TejonRanch,Palmdale,3,8.1,,16.1,10.6,0.6,20,48,21,75,0,-1.7,30.11
2015,11,19,TejonRanch,Palmdale,3,4.8,,16.1,11.1,1.1,21.1,47,18,76,0,-1.7,30.1
2015,11,20,TejonRanch,Palmdale,3,8.1,,22.5,13.3,2.8,23.3,42,14,70,0,-2.8,30.09
2015,11,21,TejonRanch,Palmdale,3,9.7,,27.4,12.8,3.9,21.7,44,17,70,0,-2.8,30.14
2015,11,22,TejonRanch,Palmdale,3,8.1,,16.1,10.6,0.6,20.6,35,9,61,0,-8.3,30.09
2015,11,23,TejonRanch,Palmdale,3,12.9,,35.4,12.8,1.1,23.9,30,12,47,0,-6.7,29.97
2015,11,24,TejonRanch,Palmdale,3,24.2,,49.9,12.2,5,18.9,49,20,77,0,-1.1,29.85
2015,11,25,TejonRanch,Palmdale,3,29,,58,8.3,3.9,12.2,53,35,71,0.03,-1.7,29.85
2015,11,26,TejonRanch,Palmdale,3,9.7,,24.2,4.4,-1.1,10,58,31,85,0,-4.4,30
2015,11,27,TejonRanch,Palmdale,3,11.3,,37,5,-1.7,11.1,40,26,54,0,-8.3,30.04
2015,11,28,TejonRanch,Palmdale,3,9.7,,25.8,3.3,-3.9,10,44,24,63,0,-8.9,30.13
2015,11,29,TejonRanch,Palmdale,3,6.4,,16.1,3.9,-2.8,10.6,36,19,53,0,-10.6,30.19
2015,11,30,TejonRanch,Palmdale,3,6.4,,16.1,2.8,-5.6,11.1,40,20,60,0,-11.7,30.22
2015,12,1,TejonRanch,Palmdale,3,8.1,,19.3,5.6,-3.9,14.4,35,14,55,0,-11.7,30.23
2015,12,2,TejonRanch,Palmdale,3,6.4,,14.5,6.7,-2.8,15.6,31,12,50,0,-11.7,30.26
2015,12,3,TejonRanch,Palmdale,3,3.2,,14.5,8.3,-0.6,16.7,32,14,49,0,-10,30.14
2015,12,4,TejonRanch,Palmdale,3,17.7,,56.4,7.8,0,15,53,40,65,0,-2.2,30.13
2015,12,5,TejonRanch,Palmdale,3,6.4,,19.3,6.7,-2.8,15.6,59,26,92,0,-3.9,30.37
2015,12,6,TejonRanch,Palmdale,3,4.8,,14.5,8.3,0,16.1,43,22,63,0,-5.6,30.34
2015,12,7,TejonRanch,Palmdale,3,6.4,,16.1,8.3,-0.6,16.7,40,16,63,0,-7.2,30.27
2015,12,8,TejonRanch,Palmdale,3,4.8,,16.1,10,1.1,18.9,37,18,56,0,-5.6,30.18
2015,12,9,TejonRanch,Palmdale,3,9.7,,29,14.4,2.8,26.1,35,11,59,0,-3.9,30.06
2015,12,10,TejonRanch,Palmdale,3,24.2,,45.1,16.1,11.1,20.6,53,19,86,0,3.9,29.89
2015,12,11,TejonRanch,Palmdale,3,29,,59.6,7.8,4.4,11.1,66,48,83,0.1,2.2,29.83
2015,12,12,TejonRanch,Palmdale,3,12.9,,37,6.1,-0.6,12.2,55,32,78,0,-1.7,30.05
2015,12,13,TejonRanch,Palmdale,3,29,,62.8,8.3,-0.6,16.7,60,27,92,0.61,1.1,29.95
2015,12,14,TejonRanch,Palmdale,3,35.4,,69.2,3.3,0.6,6.1,68,53,82,0,-2.2,29.95
2015,12,15,TejonRanch,Palmdale,3,9.7,,19.3,2.2,-3.9,7.8,57,26,88,0,-6.1,30.1
2015,12,16,TejonRanch,Palmdale,3,4.8,,16.1,1.7,-5.6,8.9,54,26,81,0,-7.8,30.22
2015,12,17,TejonRanch,Palmdale,3,6.4,,14.5,3.3,-4.4,10.6,53,24,81,0,-6.7,30.24
2015,12,18,TejonRanch,Palmdale,3,4.8,,16.1,4.4,-3.3,11.7,49,22,75,0,-7.2,30.16
2015,12,19,TejonRanch,Palmdale,3,14.5,,49.9,6.1,-3.3,15.6,58,27,89,0.3,-1.1,29.97
2015,12,20,TejonRanch,Palmdale,3,19.3,,46.7,5.6,1.7,9.4,65,53,76,0,-1.1,30.13
2015,12,21,TejonRanch,Palmdale,3,20.9,,40.3,7.8,0.6,15,65,47,83,0,2.8,30.07
2015,12,22,TejonRanch,Palmdale,3,41.9,,78.9,13.9,10.6,16.7,69,55,83,0.03,7.2,29.73
2015,12,23,TejonRanch,Palmdale,3,40.3,,77.3,8.3,5,11.7,65,52,77,0,2.2,29.8
2015,12,24,TejonRanch,Palmdale,3,24.2,,61.2,6.1,-1.1,12.8,49,18,79,0.23,-2.2,29.93
2015,12,25,TejonRanch,Palmdale,3,27.4,,53.1,2.8,-0.6,6.1,66,49,82,0,-2.8,30.1
2015,12,26,TejonRanch,Palmdale,3,29,,58,3.3,-2.8,8.9,46,11,81,0,-14.4,30.32
2015,12,27,TejonRanch,Palmdale,3,9.7,,32.2,1.1,-6.1,7.8,33,16,50,0,-15.6,30.24
2015,12,28,TejonRanch,Palmdale,3,16.1,,56.4,2.2,-6.7,11.1,51,23,78,0.03,-7.8,29.93
2015,12,29,TejonRanch,Palmdale,3,9.7,,19.3,1.7,-6.1,8.9,62,31,92,0,-6.1,30.06
2015,12,30,TejonRanch,Palmdale,3,6.4,,22.5,1.7,-6.7,10,50,15,84,0,-8.9,30.19
2015,12,31,TejonRanch,Palmdale,3,11.3,,38.6,1.7,-6.1,9.4,46,24,68,0,-10,30.23
2016,1,1,TejonRanch,Palmdale,3,6.4,,14.5,0,-8.3,7.8,44,20,67,0,-12.8,30.22
2016,1,2,TejonRanch,Palmdale,3,4.8,,14.5,2.8,-4.4,10,42,23,60,0,-10,30.18
2016,1,3,TejonRanch,Palmdale,3,3.2,,9.7,4.4,-1.1,10,44,29,59,0,-7.2,30
2016,1,4,TejonRanch,Palmdale,3,6.4,,16.1,7.8,2.2,13.3,57,38,76,0.03,-2.2,29.84
2016,1,5,TejonRanch,Palmdale,3,12.9,,48.3,7.2,3.9,10,84,67,100,1.91,5,29.8
2016,1,6,TejonRanch,Palmdale,3,24.2,,49.9,6.1,3.9,8.3,85,70,100,0.84,2.8,29.86
2016,1,7,TejonRanch,Palmdale,3,25.8,,51.5,6.7,3.3,9.4,76,60,92,0.18,1.7,29.86
2016,1,8,TejonRanch,Palmdale,3,11.3,,25.8,5.6,0,10.6,68,46,89,0,-0.6,30.05
2016,1,9,TejonRanch,Palmdale,3,11.3,,33.8,6.1,0,11.7,70,50,89,0,1.1,30.16
2016,1,10,TejonRanch,Palmdale,3,9.7,,27.4,6.7,1.1,11.7,74,54,93,0,3.3,30.18
2016,1,11,TejonRanch,Palmdale,3,9.7,,24.2,5.6,-0.6,11.1,70,44,96,0,0,30.34
2016,1,12,TejonRanch,Palmdale,3,6.4,,14.5,4.4,-2.8,11.7,61,29,92,0,-2.2,30.3
2016,1,13,TejonRanch,Palmdale,3,14.5,,37,7.2,-2.2,16.7,68,43,92,0,0.6,30.15
2016,1,14,TejonRanch,Palmdale,3,14.5,,49.9,9.4,1.7,16.7,54,22,85,0,1.1,30.08
2016,1,15,TejonRanch,Palmdale,3,24.2,,62.8,8.3,2.8,13.9,66,47,85,0,3.9,30.05
2016,1,16,TejonRanch,Palmdale,3,17.7,,46.7,10.6,2.8,18.3,69,45,93,0,5,30.16
2016,1,17,TejonRanch,Palmdale,3,4.8,,16.1,8.9,1.7,15.6,70,40,100,0,2.8,30.19
2016,1,18,TejonRanch,Palmdale,3,25.8,,56.4,10,5.6,14.4,65,46,83,0,6.1,30.14
2016,1,19,TejonRanch,Palmdale,3,19.3,,40.3,8.9,3.3,14.4,74,55,92,0.13,6.7,30.15
2016,1,20,TejonRanch,Palmdale,3,11.3,,25.8,11.1,3.9,18.3,58,26,89,0,4.4,30.21
2016,1,21,TejonRanch,Palmdale,3,6.4,,19.3,8.3,1.1,15,72,43,100,0,2.8,30.29
2016,1,22,TejonRanch,Palmdale,3,4.8,,14.5,7.2,1.1,13.3,63,41,85,0,1.1,30.16
2016,1,23,TejonRanch,Palmdale,3,17.7,,48.3,10.6,5,16.1,59,41,76,0,2.8,30.02
2016,1,24,TejonRanch,Palmdale,3,19.3,,38.6,9.4,4.4,13.9,54,32,76,0,1.1,30.1
2016,1,25,TejonRanch,Palmdale,3,9.7,,24.2,7.2,0,14.4,59,33,85,0,-1.1,30.19
2016,1,26,TejonRanch,Palmdale,3,14.5,,37,7.8,-1.1,16.1,51,17,85,0,-5,30.33
2016,1,27,TejonRanch,Palmdale,3,8.1,,19.3,6.1,-1.1,13.3,48,26,69,0,-5,30.36
2016,1,28,TejonRanch,Palmdale,3,6.4,,29,7.8,-1.7,16.7,51,23,78,0,-4.4,30.23
2016,1,29,TejonRanch,Palmdale,3,22.5,,46.7,16.7,10,23.3,42,16,68,0,1.7,30.06
2016,1,30,TejonRanch,Palmdale,3,25.8,,41.9,13.3,7.2,18.9,61,39,83,0,7.2,29.93
2016,1,31,TejonRanch,Palmdale,3,41.9,,74.1,7.8,1.7,13.9,71,59,83,0.41,4.4,29.67
2016,2,1,TejonRanch,Palmdale,3,32.2,,59.6,2.8,-2.2,7.2,58,41,75,0,-4.4,30.02
2016,2,2,TejonRanch,Palmdale,3,17.7,,46.7,3.9,-4.4,11.7,54,19,89,0,-4.4,30.21
2016,2,3,TejonRanch,Palmdale,3,6.4,,22.5,3.9,-3.3,10.6,58,24,92,0,-5,30.38
2016,2,4,TejonRanch,Palmdale,3,8.1,,25.8,5.6,-2.8,13.3,50,22,78,0,-6.1,30.41
2016,2,5,TejonRanch,Palmdale,3,11.3,,33.8,7.2,-2.2,16.1,48,17,78,0,-5,30.44
2016,2,6,TejonRanch,Palmdale,3,9.7,,32.2,7.8,-2.2,17.8,46,17,75,0,-5,30.39
2016,2,7,TejonRanch,Palmdale,3,16.1,,38.6,10,-1.7,21.1,46,14,78,0,-5.6,30.33
2016,2,8,TejonRanch,Palmdale,3,20.9,,40.3,12.8,2.8,22.2,34,14,54,0,-5.6,30.31
2016,2,9,TejonRanch,Palmdale,3,8.1,,25.8,12.8,1.7,23.9,39,14,64,0,-3.9,30.28
2016,2,10,TejonRanch,Palmdale,3,6.4,,16.1,12.8,1.7,23.3,43,16,70,0,-2.8,30.26
2016,2,11,TejonRanch,Palmdale,3,6.4,,20.9,12.2,1.1,22.8,44,17,70,0,-2.2,30.22
2016,2,12,TejonRanch,Palmdale,3,6.4,,19.3,12.2,1.7,22.8,43,16,70,0,-2.8,30.19
2016,2,13,TejonRanch,Palmdale,3,6.4,,37,12.8,2.2,23.3,44,17,70,0,-1.7,30.16
2016,2,14,TejonRanch,Palmdale,3,9.7,,29,13.9,2.8,24.4,42,13,70,0,-1.7,30.16
2016,2,15,TejonRanch,Palmdale,3,9.7,,27.4,14.4,3.9,24.4,43,21,65,0,0.6,30.14
2016,2,16,TejonRanch,Palmdale,3,6.4,,16.1,13.9,3.9,23.9,48,19,76,0,0.6,30
2016,2,17,TejonRanch,Palmdale,3,14.5,,48.3,13.9,5,22.2,50,19,80,0.23,2.8,29.83
2016,2,18,TejonRanch,Palmdale,3,17.7,,41.9,10,3.9,16.1,58,33,83,0.03,5,29.92
2016,2,19,TejonRanch,Palmdale,3,6.4,,25.8,10.6,1.7,18.9,57,22,92,0,1.1,30.07
2016,2,20,TejonRanch,Palmdale,3,6.4,,16.1,10,0,19.4,55,20,89,0,-0.6,30.13
2016,2,21,TejonRanch,Palmdale,3,11.3,,41.9,12.8,1.1,23.9,40,9,70,0,-6.1,30.12
2016,2,22,TejonRanch,Palmdale,3,16.1,,35.4,13.9,5,22.8,28,11,44,0,-6.1,30.06
2016,2,23,TejonRanch,Palmdale,3,9.7,,29,10.6,1.1,20,42,14,70,0,-5.6,30.12
2016,2,24,TejonRanch,Palmdale,3,8.1,,20.9,10.6,1.1,20,31,10,52,0,-8.3,30.2
2016,2,25,TejonRanch,Palmdale,3,6.4,,19.3,11.7,0.6,22.8,37,12,61,0,-6.1,30.16
2016,2,26,TejonRanch,Palmdale,3,6.4,,24.2,13.9,2.8,24.4,38,11,64,0,-3.3,30.12
2016,2,27,TejonRanch,Palmdale,3,17.7,,40.3,16.1,6.1,26.1,41,10,71,0,-1.1,30.05
2016,2,28,TejonRanch,Palmdale,3,11.3,,35.4,17.2,8.9,25.6,32,16,48,0,-0.6,30.05
2016,2,29,TejonRanch,Palmdale,3,11.3,,37,16.7,6.7,26.7,33,12,53,0,-3.9,30.07
2016,3,1,TejonRanch,Palmdale,3,11.3,,37,17.2,6.7,27.8,28,10,45,0,-2.2,30.08
2016,3,2,TejonRanch,Palmdale,3,14.5,,33.8,16.7,6.1,27.2,32,6,58,0,-2.2,30.04
2016,3,3,TejonRanch,Palmdale,3,17.7,,46.7,17.2,8.9,25,27,7,47,0,-4.4,30.01
2016,3,4,TejonRanch,Palmdale,3,12.9,,40.3,15,5.6,24.4,41,19,62,0,-1.1,29.96
2016,3,5,TejonRanch,Palmdale,3,25.8,,49.9,13.9,10.6,16.7,66,55,77,0,7.8,29.96
2016,3,6,TejonRanch,Palmdale,3,25.8,,56.4,10.6,6.7,13.9,68,43,93,0.53,5,29.93
2016,3,7,TejonRanch,Palmdale,3,22.5,,45.1,5.6,1.7,8.9,74,56,92,0.81,2.2,29.8
2016,3,8,TejonRanch,Palmdale,3,14.5,,45.1,9.4,1.7,17.2,61,32,89,0,0.6,29.98
2016,3,9,TejonRanch,Palmdale,3,11.3,,33.8,12.2,3.9,20.6,52,27,76,0,1.1,30.05
2016,3,10,TejonRanch,Palmdale,3,12.9,,37,15.6,5,26.1,49,15,83,0,3.3,30.03
2016,3,11,TejonRanch,Palmdale,3,27.4,,69.2,12.2,6.1,18.3,62,37,86,0.76,3.3,29.89
2016,3,12,TejonRanch,Palmdale,3,20.9,,48.3,11.1,5.6,16.1,61,39,83,0,2.8,30.08
2016,3,13,TejonRanch,Palmdale,3,22.5,,45.1,11.7,5.6,17.2,66,42,89,0,6.1,30.09
2016,3,14,TejonRanch,Palmdale,3,35.4,,62.8,13.9,9.4,18.3,63,40,86,0,5.6,30.08
2016,3,15,TejonRanch,Palmdale,3,6.4,,29,13.3,4.4,22.2,54,22,85,0,1.1,30.08
2016,3,16,TejonRanch,Palmdale,3,8.1,,19.3,14.4,3.9,25,47,15,79,0,0.6,30.03
2016,3,17,TejonRanch,Palmdale,3,12.9,,35.4,16.7,6.7,26.1,43,16,70,0,2.2,29.92
2016,3,18,TejonRanch,Palmdale,3,9.7,,27.4,17.8,8.3,26.7,43,15,71,0,2.8,29.91
2016,3,19,TejonRanch,Palmdale,3,11.3,,35.4,17.8,8.3,27.2,43,9,77,0,2.2,29.97
2016,3,20,TejonRanch,Palmdale,3,14.5,,49.9,17.8,9.4,25.6,38,15,61,0,1.1,30.02
2016,3,21,TejonRanch,Palmdale,3,27.4,,51.5,15.6,10.6,20,54,36,72,0,3.9,30.02
2016,3,22,TejonRanch,Palmdale,3,33.8,,59.6,11.1,6.7,15,48,30,66,0,-0.6,30.04
2016,3,23,TejonRanch,Palmdale,3,11.3,,32.2,10,0.6,19.4,43,10,75,0,-6.7,30.2
2016,3,24,TejonRanch,Palmdale,3,14.5,,40.3,13.3,2.8,23.9,42,14,70,0,-2.2,30.11
2016,3,25,TejonRanch,Palmdale,3,22.5,,48.3,15,6.1,23.9,38,17,58,0,0,29.9
2016,3,26,TejonRanch,Palmdale,3,12.9,,41.9,15.6,7.2,23.9,41,11,70,0,-1.7,29.9
2016,3,27,TejonRanch,Palmdale,3,17.7,,37,15.6,5.6,25,43,19,67,0,1.7,29.97
2016,3,28,TejonRanch,Palmdale,3,33.8,,61.2,11.7,5.6,17.2,62,34,89,0,3.3,29.78
2016,3,29,TejonRanch,Palmdale,3,25.8,,49.9,8.9,3.9,13.9,45,24,65,0,-2.2,29.83
2016,3,30,TejonRanch,Palmdale,3,12.9,,32.2,9.4,2.8,16.1,50,23,76,0.03,-1.1,29.93
2016,3,31,TejonRanch,Palmdale,3,17.7,,49.9,12.8,2.8,22.2,46,16,76,0,-1.7,30.03
2016,4,1,TejonRanch,Palmdale,3,11.3,,29,15.6,6.1,25,42,13,70,0,-0.6,30.08
2015,11,1,FtIrwin,FtIrwin,4,14.5,,49.9,22.2,14.4,29.4,21,11,34,0,-2.8,29.93
2015,11,2,FtIrwin,FtIrwin,4,29,,58,17.2,8.3,25.6,34,11,73,0,0,29.65
2015,11,3,FtIrwin,FtIrwin,4,27.4,,49.9,11.1,6.7,15,61,37,77,0.25,2.2,29.78
2015,11,4,FtIrwin,FtIrwin,4,16.1,,27.4,7.8,5,10.6,59,36,80,0.03,0,29.97
2015,11,5,FtIrwin,FtIrwin,4,12.9,,25.8,8.9,4.4,12.8,35,28,42,0,-5.6,30.24
2015,11,6,FtIrwin,FtIrwin,4,12.9,,33.8,11.1,6.7,15,28,21,38,0,-6.7,30.25
2015,11,7,FtIrwin,FtIrwin,4,9.7,,19.3,13.3,8.9,17.8,26,17,34,0,-6.7,30.16
2015,11,8,FtIrwin,FtIrwin,4,9.7,,19.3,12.2,6.7,17.8,25,17,37,0,-6.7,30
2015,11,9,FtIrwin,FtIrwin,4,24.2,,58,12.2,8.3,16.1,42,26,72,0,-0.6,29.9
2015,11,10,FtIrwin,FtIrwin,4,29,,59.6,10,5.6,14.4,39,17,72,0,-4.4,30.04
2015,11,11,FtIrwin,FtIrwin,4,11.3,,25.8,11.1,6.7,16.1,24,16,37,0,-10,30.3
2015,11,12,FtIrwin,FtIrwin,4,11.3,,16.1,11.7,5.6,17.8,20,12,27,0,-11.7,30.19
2015,11,13,FtIrwin,FtIrwin,4,11.3,,19.3,15,10.6,19.4,17,13,21,0,-10.6,30.07
2015,11,14,FtIrwin,FtIrwin,4,9.7,,12.9,13.3,9.4,17.8,18,14,23,0,-10,29.96
2015,11,15,FtIrwin,FtIrwin,4,17.7,,59.6,11.1,5.6,17.2,38,17,70,0,-4.4,29.78
2015,11,16,FtIrwin,FtIrwin,4,38.6,,64.4,8.9,5,12.2,29,16,69,0,-10,29.95
2015,11,17,FtIrwin,FtIrwin,4,19.3,,41.9,10,4.4,15.6,18,12,23,0,-13.9,30.23
2015,11,18,FtIrwin,FtIrwin,4,11.3,,16.1,13.3,6.7,20,23,15,31,0,-7.8,30.09
2015,11,19,FtIrwin,FtIrwin,4,9.7,,14.5,15,10,20,23,17,30,0,-6.7,30.06
2015,11,20,FtIrwin,FtIrwin,4,12.9,,27.4,16.7,11.1,22.8,22,15,31,0,-5,30.05
2015,11,21,FtIrwin,FtIrwin,4,9.7,,20.9,16.1,12.2,20,22,13,38,0,-6.7,30.11
2015,11,22,FtIrwin,FtIrwin,4,9.7,,14.5,15,11.1,18.9,12,10,15,0,-14.4,30.06
2015,11,23,FtIrwin,FtIrwin,4,11.3,,24.2,14.4,10,18.9,14,11,27,0,-12.8,29.94
2015,11,24,FtIrwin,FtIrwin,4,17.7,,41.9,15,9.4,20,32,16,68,0,-3.3,29.81
2015,11,25,FtIrwin,FtIrwin,4,32.2,,61.2,7.2,3.9,10,42,28,76,0,-5,29.78
2015,11,26,FtIrwin,FtIrwin,4,12.9,,24.2,5.6,1.1,9.4,46,30,75,0,-6.1,30.04
2015,11,27,FtIrwin,FtIrwin,4,20.9,,37,6.7,3.3,10,28,20,32,0,-11.1,30.08
2015,11,28,FtIrwin,FtIrwin,4,16.1,,27.4,5.6,2.2,8.9,31,24,37,0,-11.1,30.16
2015,11,29,FtIrwin,FtIrwin,4,9.7,,14.5,5.6,1.1,9.4,28,20,37,0,-12.2,30.23
2015,11,30,FtIrwin,FtIrwin,4,9.7,,19.3,5,0,10,26,19,35,0,-12.8,30.24
2015,12,1,FtIrwin,FtIrwin,4,11.3,,16.1,6.7,1.7,12.2,24,17,33,0,-12.8,30.25
2015,12,2,FtIrwin,FtIrwin,4,8.1,,16.1,8.9,4.4,13.9,21,14,26,0,-12.8,30.26
2015,12,3,FtIrwin,FtIrwin,4,6.4,,12.9,11.7,6.7,16.7,17,12,21,0,-13.9,30.14
2015,12,4,FtIrwin,FtIrwin,4,9.7,,27.4,11.1,6.7,15,33,15,52,0,-5,30.09
2015,12,5,FtIrwin,FtIrwin,4,8.1,,14.5,10.6,5,16.1,35,21,59,0,-5.6,30.36
2015,12,6,FtIrwin,FtIrwin,4,6.4,,16.1,11.1,6.7,15,24,17,29,0,-10,30.34
2015,12,7,FtIrwin,FtIrwin,4,6.4,,16.1,10.6,5.6,15.6,23,17,30,0,-10,30.26
2015,12,8,FtIrwin,FtIrwin,4,12.9,,16.1,11.1,8.3,14.4,22,17,25,0,-10.6,30.2
2015,12,9,FtIrwin,FtIrwin,4,8.1,,14.5,13.3,10,16.7,24,18,30,0,-7.2,30.03
2015,12,10,FtIrwin,FtIrwin,4,17.7,,40.3,15.6,10,21.1,35,15,77,0,-2.8,29.84
2015,12,11,FtIrwin,FtIrwin,4,41.9,,70.8,8.3,5,11.7,54,33,76,0,-0.6,29.72
2015,12,12,FtIrwin,FtIrwin,4,29,,38.6,8.9,5.6,12.8,37,24,57,0,-5.6,30
2015,12,13,FtIrwin,FtIrwin,4,20.9,,59.6,10,3.9,16.7,49,30,66,0,-1.7,29.92
2015,12,14,FtIrwin,FtIrwin,4,38.6,,70.8,6.7,2.8,10,35,20,65,0,-9.4,29.86
2015,12,15,FtIrwin,FtIrwin,4,24.2,,37,4.4,0.6,7.8,29,20,38,0,-12.2,30.1
2015,12,16,FtIrwin,FtIrwin,4,14.5,,24.2,5,1.7,8.3,28,18,38,0,-12.8,30.23
2015,12,17,FtIrwin,FtIrwin,4,6.4,,12.9,5.6,1.1,10,23,16,31,0,-13.9,30.24
2015,12,18,FtIrwin,FtIrwin,4,4.8,,16.1,7.2,2.8,11.7,25,18,30,0,-12.8,30.18
2015,12,19,FtIrwin,FtIrwin,4,11.3,,29,8.9,3.9,13.3,35,17,81,0,-8.3,29.96
2015,12,20,FtIrwin,FtIrwin,4,14.5,,38.6,6.7,3.3,9.4,63,47,76,0,-0.6,30.12
2015,12,21,FtIrwin,FtIrwin,4,17.7,,88.6,7.2,1.7,12.8,65,44,80,0,1.7,30.03
2015,12,22,FtIrwin,FtIrwin,4,41.9,,62.8,14.4,11.1,17.2,54,35,73,0,4.4,29.62
2015,12,23,FtIrwin,FtIrwin,4,38.6,,58,9.4,5,13.9,52,32,64,0,0,29.69
2015,12,24,FtIrwin,FtIrwin,4,19.3,,54.7,7.8,2.8,12.2,49,20,71,0,-4.4,29.88
2015,12,25,FtIrwin,FtIrwin,4,33.8,,53.1,5.6,1.7,9.4,40,21,59,0,-8.9,30.05
2015,12,26,FtIrwin,FtIrwin,4,45.1,,58,3.9,1.1,6.7,23,15,36,0,-16.7,30.35
2015,12,27,FtIrwin,FtIrwin,4,11.3,,22.5,3.3,0,7.2,18,13,22,0,-19.4,30.28
2015,12,28,FtIrwin,FtIrwin,4,9.7,,19.3,2.2,-2.2,6.1,23,15,48,0,-17.8,29.95
2015,12,29,FtIrwin,FtIrwin,4,14.5,,32.2,4.4,0,8.9,36,24,60,0,-10,30.08
2015,12,30,FtIrwin,FtIrwin,4,9.7,,16.1,3.3,-1.1,8.3,38,27,53,0,-9.4,30.24
2015,12,31,FtIrwin,FtIrwin,4,12.9,,25.8,4.4,1.7,7.8,31,22,44,0,-12.2,30.27
2016,1,1,FtIrwin,FtIrwin,4,16.1,,25.8,3.3,-0.6,7.8,26,20,30,0,-15,30.26
2016,1,2,FtIrwin,FtIrwin,4,3.2,,9.7,4.4,1.1,7.8,26,22,32,0,-12.8,30.22
2016,1,3,FtIrwin,FtIrwin,4,3.2,,12.9,7.2,3.3,11.1,30,25,34,0,-10,30.05
2016,1,4,FtIrwin,FtIrwin,4,6.4,,19.3,7.8,5,10,46,34,74,0,-2.8,29.86
2016,1,5,FtIrwin,FtIrwin,4,14.5,,37,5.6,3.3,7.8,97,74,100,0.91,6.1,29.85
2016,1,6,FtIrwin,FtIrwin,4,20.9,,58,6.7,3.9,8.9,82,64,100,0.28,2.8,29.88
2016,1,7,FtIrwin,FtIrwin,4,17.7,,37,6.7,3.3,9.4,72,48,87,0,1.1,29.86
2016,1,8,FtIrwin,FtIrwin,4,12.9,,29,6.7,3.3,10.6,50,30,73,0,-3.9,30.04
2016,1,9,FtIrwin,FtIrwin,4,8.1,,20.9,5.6,2.2,8.9,53,46,64,0,-2.8,30.19
2016,1,10,FtIrwin,FtIrwin,4,4.8,,9.7,7.2,4.4,10,80,57,97,0.03,2.8,30.23
2016,1,11,FtIrwin,FtIrwin,4,9.7,,22.5,6.7,3.3,10,51,39,67,0,-3.3,30.36
2016,1,12,FtIrwin,FtIrwin,4,8.1,,19.3,7.2,3.3,11.1,43,31,53,0,-5.6,30.32
2016,1,13,FtIrwin,FtIrwin,4,11.3,,27.4,7.8,2.2,13.3,44,31,56,0,-3.3,30.14
2016,1,14,FtIrwin,FtIrwin,4,16.1,,35.4,7.8,3.9,12.2,53,24,80,0,-1.1,30.07
2016,1,15,FtIrwin,FtIrwin,4,32.2,,58,11.1,6.7,13.9,42,29,69,0,-2.2,29.99
2016,1,16,FtIrwin,FtIrwin,4,8.1,,12.9,8.9,5,12.8,52,35,67,0,-1.1,30.19
2016,1,17,FtIrwin,FtIrwin,4,9.7,,24.2,9.4,5,13.9,45,35,60,0,-1.7,30.22
2016,1,18,FtIrwin,FtIrwin,4,19.3,,58,13.3,9.4,16.7,52,40,59,0,2.8,30.1
2016,1,19,FtIrwin,FtIrwin,4,9.7,,24.2,12.2,6.7,17.8,77,39,93,0.15,6.7,30.16
2016,1,20,FtIrwin,FtIrwin,4,8.1,,14.5,8.9,3.9,13.9,79,58,98,0.03,6.1,30.25
2016,1,21,FtIrwin,FtIrwin,4,8.1,,22.5,10,6.1,14.4,50,31,75,0,0,30.31
2016,1,22,FtIrwin,FtIrwin,4,6.4,,14.5,10,6.7,13.9,39,23,55,0,-3.9,30.17
2016,1,23,FtIrwin,FtIrwin,4,12.9,,41.9,11.1,6.7,15.6,38,27,54,0,-2.8,29.97
2016,1,24,FtIrwin,FtIrwin,4,17.7,,40.3,9.4,3.9,15,41,22,61,0,-3.9,30.07
2016,1,25,FtIrwin,FtIrwin,4,12.9,,32.2,9.4,6.1,12.8,38,26,51,0,-5,30.19
2016,1,26,FtIrwin,FtIrwin,4,14.5,,25.8,10,5.6,14.4,29,18,41,0,-8.3,30.35
2016,1,27,FtIrwin,FtIrwin,4,8.1,,14.5,10.6,6.7,14.4,23,18,31,0,-10,30.34
2016,1,28,FtIrwin,FtIrwin,4,9.7,,16.1,11.1,6.1,16.1,30,20,38,0,-6.7,30.22
2016,1,29,FtIrwin,FtIrwin,4,11.3,,25.8,12.2,7.8,16.7,32,22,55,0,-4.4,30.03
2016,1,30,FtIrwin,FtIrwin,4,53.1,,77.3,15.6,10.6,20,50,33,77,0,4.4,29.78
2016,1,31,FtIrwin,FtIrwin,4,24.2,,61.2,7.8,1.1,13.9,69,48,85,0.05,2.8,29.64
2016,2,1,FtIrwin,FtIrwin,4,41.9,,64.4,3.9,0.6,7.2,46,21,93,0,-7.8,29.9
2016,2,2,FtIrwin,FtIrwin,4,16.1,,27.4,3.3,0,6.7,32,24,40,0,-12.2,30.25
2016,2,3,FtIrwin,FtIrwin,4,6.4,,16.1,4.4,0,9.4,32,20,47,0,-11.1,30.43
2016,2,4,FtIrwin,FtIrwin,4,8.1,,20.9,7.2,1.7,12.8,32,19,45,0,-8.9,30.45
2016,2,5,FtIrwin,FtIrwin,4,9.7,,19.3,10,4.4,15,32,19,47,0,-6.7,30.46
2016,2,6,FtIrwin,FtIrwin,4,8.1,,19.3,11.1,6.7,16.1,29,18,40,0,-6.7,30.38
2016,2,7,FtIrwin,FtIrwin,4,17.7,,37,14.4,8.9,19.4,23,13,33,0,-7.2,30.32
2016,2,8,FtIrwin,FtIrwin,4,12.9,,29,15.6,11.1,20.6,20,13,28,0,-6.7,30.3
2016,2,9,FtIrwin,FtIrwin,4,9.7,,22.5,18.3,13.3,23.3,21,12,26,0,-6.1,30.24
2016,2,10,FtIrwin,FtIrwin,4,8.1,,19.3,17.2,11.7,22.8,22,14,29,0,-5.6,30.22
2016,2,11,FtIrwin,FtIrwin,4,11.3,,14.5,16.1,10.6,21.7,23,14,30,0,-5.6,30.18
2016,2,12,FtIrwin,FtIrwin,4,9.7,,14.5,16.7,10.6,22.2,22,14,30,0,-6.1,30.15
2016,2,13,FtIrwin,FtIrwin,4,11.3,,25.8,17.2,10.6,23.9,21,12,32,0,-6.7,30.1
2016,2,14,FtIrwin,FtIrwin,4,16.1,,35.4,16.7,11.7,22.2,20,10,31,0,-6.1,30.1
2016,2,15,FtIrwin,FtIrwin,4,12.9,,38.6,19.4,15,23.9,29,19,36,0,0,30.09
2016,2,16,FtIrwin,FtIrwin,4,8.1,,16.1,19.4,13.9,25,25,13,38,0,-2.8,29.95
2016,2,17,FtIrwin,FtIrwin,4,11.3,,40.3,16.1,10,22.2,40,14,86,0.38,0,29.79
2016,2,18,FtIrwin,FtIrwin,4,19.3,,51.5,12.2,7.8,15.6,58,19,87,0.23,2.2,29.91
2016,2,19,FtIrwin,FtIrwin,4,11.3,,29,12.2,6.7,18.3,38,15,56,0,-2.2,30.05
2016,2,20,FtIrwin,FtIrwin,4,8.1,,12.9,12.8,5.6,20,37,19,60,0,-2.2,30.1
2016,2,21,FtIrwin,FtIrwin,4,11.3,,24.2,15.6,8.9,22.2,29,15,48,0,-3.3,30.07
2016,2,22,FtIrwin,FtIrwin,4,19.3,,46.7,15.6,10.6,20.6,19,7,31,0,-8.9,30
2016,2,23,FtIrwin,FtIrwin,4,12.9,,24.2,13.3,9.4,16.7,18,14,25,0,-11.1,30.13
2016,2,24,FtIrwin,FtIrwin,4,6.4,,14.5,12.8,6.7,18.9,18,12,27,0,-11.7,30.2
2016,2,25,FtIrwin,FtIrwin,4,11.3,,16.1,16.1,10,22.2,17,11,22,0,-10,30.13
2016,2,26,FtIrwin,FtIrwin,4,11.3,,24.2,17.8,11.1,24.4,17,11,24,0,-8.3,30.07
2016,2,27,FtIrwin,FtIrwin,4,9.7,,19.3,17.8,11.7,23.9,23,13,41,0,-3.9,29.97
2016,2,28,FtIrwin,FtIrwin,4,6.4,,14.5,18.9,12.8,25,23,12,36,0,-3.9,30
2016,2,29,FtIrwin,FtIrwin,4,8.1,,16.1,20,12.8,26.7,22,12,44,0,-3.3,30
2016,3,1,FtIrwin,FtIrwin,4,12.9,,35.4,19.4,12.2,26.7,21,10,35,0,-4.4,30.01
2016,3,2,FtIrwin,FtIrwin,4,17.7,,38.6,20,13.3,26.1,16,9,27,0,-8.3,29.97
2016,3,3,FtIrwin,FtIrwin,4,8.1,,24.2,19.4,13.9,25,13,7,20,0,-10.6,29.96
2016,3,4,FtIrwin,FtIrwin,4,16.1,,35.4,19.4,16.1,22.8,24,11,40,0,-3.3,29.87
2016,3,5,FtIrwin,FtIrwin,4,29,,48.3,15.6,13.3,18.3,54,44,70,0,6.1,29.89
2016,3,6,FtIrwin,FtIrwin,4,32.2,,80.5,11.1,8.9,13.3,51,32,79,0,1.1,29.83
2016,3,7,FtIrwin,FtIrwin,4,20.9,,37,6.7,5.6,8.3,68,52,86,0.08,1.1,29.8
2016,3,8,FtIrwin,FtIrwin,4,20.9,,38.6,12.2,6.1,18.9,43,17,74,0,-1.7,29.94
2016,3,9,FtIrwin,FtIrwin,4,8.1,,19.3,14.4,6.7,21.7,32,16,60,0,-2.8,30.03
2016,3,10,FtIrwin,FtIrwin,4,11.3,,27.4,17.8,11.1,25,24,9,38,0,-3.3,29.98
2016,3,11,FtIrwin,FtIrwin,4,29,,93.4,13.3,5.6,20.6,45,22,82,0.03,0.6,29.82
2016,3,12,FtIrwin,FtIrwin,4,41.9,,61.2,7.8,5,11.1,61,44,73,0,0.6,29.98
2016,3,13,FtIrwin,FtIrwin,4,32.2,,72.5,11.7,7.2,16.1,58,38,73,0,3.3,30
2016,3,14,FtIrwin,FtIrwin,4,35.4,,83.7,15,10,20,52,26,78,0,3.9,29.98
2016,3,15,FtIrwin,FtIrwin,4,8.1,,19.3,14.4,7.8,21.1,41,20,69,0,0.6,30.04
2016,3,16,FtIrwin,FtIrwin,4,11.3,,16.1,18.3,13.3,23.3,20,12,33,0,-5.6,29.98
2016,3,17,FtIrwin,FtIrwin,4,11.3,,25.8,20,12.8,26.7,17,11,25,0,-6.1,29.85
2016,3,18,FtIrwin,FtIrwin,4,9.7,,24.2,20,12.8,26.7,19,11,35,0,-5,29.85
2016,3,19,FtIrwin,FtIrwin,4,9.7,,27.4,21.1,14.4,27.2,19,12,35,0,-3.9,29.89
2016,3,20,FtIrwin,FtIrwin,4,12.9,,35.4,21.1,15,26.7,22,7,38,0,-3.9,29.93
2016,3,21,FtIrwin,FtIrwin,4,22.5,,46.7,17.2,12.2,21.7,40,14,59,0,2.2,29.93
2016,3,22,FtIrwin,FtIrwin,4,40.3,,69.2,13.3,8.3,18.3,36,17,63,0,-3.9,29.9
2016,3,23,FtIrwin,FtIrwin,4,30.6,,48.3,12.8,7.8,17.8,17,12,27,0,-11.7,30.17
2016,3,24,FtIrwin,FtIrwin,4,12.9,,27.4,16.7,10,23.9,15,8,33,0,-11.1,30.04
2016,3,25,FtIrwin,FtIrwin,4,11.3,,38.6,17.8,11.1,24.4,27,11,44,0,-3.3,29.82
2016,3,26,FtIrwin,FtIrwin,4,16.1,,33.8,16.7,11.7,21.1,18,7,44,0,-11.1,29.87
2016,3,27,FtIrwin,FtIrwin,4,12.9,,51.5,17.8,11.7,24.4,16,9,40,0,-10,29.92
2016,3,28,FtIrwin,FtIrwin,4,41.9,,95,12.2,6.1,17.2,44,24,76,0,0,29.66
2016,3,29,FtIrwin,FtIrwin,4,37,,53.1,8.9,3.9,13.9,38,16,59,0,-5.6,29.77
2016,3,30,FtIrwin,FtIrwin,4,12.9,,24.2,10.6,5,16.1,36,19,58,0,-4.4,29.93
2016,3,31,FtIrwin,FtIrwin,4,17.7,,37,15.6,8.9,21.7,28,13,43,0,-4.4,29.96
2016,4,1,FtIrwin,FtIrwin,4,16.1,,27.4,18.3,12.8,23.9,23,13,37,0,-3.9,30.03
2015,11,1,Sheephole,TwentyninePalms,6,11.3,,33.8,22.2,12.2,31.7,25,9,40,0,-1.1,29.98
2015,11,2,Sheephole,TwentyninePalms,6,16.1,,54.7,20,12.2,27.8,35,10,58,0,1.1,29.72
2015,11,3,Sheephole,TwentyninePalms,6,11.3,,24.2,13.3,8.9,17.2,47,29,64,0,1.7,29.79
2015,11,4,Sheephole,TwentyninePalms,6,17.7,,53.1,11.1,7.2,15,47,28,63,0,-0.6,29.96
2015,11,5,Sheephole,TwentyninePalms,6,9.7,,16.1,10,3.9,15.6,36,19,58,0,-5.6,30.23
2015,11,6,Sheephole,TwentyninePalms,6,12.9,,25.8,11.7,6.1,17.2,30,20,42,0,-6.1,30.24
2015,11,7,Sheephole,TwentyninePalms,6,12.9,,24.2,13.3,7.2,18.9,28,17,37,0,-6.1,30.16
2015,11,8,Sheephole,TwentyninePalms,6,8.1,,14.5,12.2,3.9,20.6,29,15,47,0,-6.7,30.02
2015,11,9,Sheephole,TwentyninePalms,6,11.3,,45.1,13.3,5,21.1,38,17,61,0,-1.7,29.92
2015,11,10,Sheephole,TwentyninePalms,6,19.3,,46.7,11.1,6.7,15,44,24,63,0,-1.7,30.06
2015,11,11,Sheephole,TwentyninePalms,6,11.3,,20.9,10,3.9,16.7,35,16,65,0,-6.7,30.3
2015,11,12,Sheephole,TwentyninePalms,6,11.3,,14.5,10,2.8,17.8,22,13,31,0,-11.1,30.18
2015,11,13,Sheephole,TwentyninePalms,6,8.1,,16.1,12.2,3.9,20.6,22,13,33,0,-10,30.09
2015,11,14,Sheephole,TwentyninePalms,6,9.7,,19.3,12.2,3.9,21.1,24,13,35,0,-8.9,30
2015,11,15,Sheephole,TwentyninePalms,6,20.9,,54.7,11.1,3.9,18.9,43,23,66,0,-1.1,29.84
2015,11,16,Sheephole,TwentyninePalms,6,46.7,,64.4,10,6.7,12.8,39,23,52,0,-5,29.93
2015,11,17,Sheephole,TwentyninePalms,6,20.9,,33.8,11.1,6.1,16.7,19,12,32,0,-12.2,30.2
2015,11,18,Sheephole,TwentyninePalms,6,11.3,,22.5,14.4,6.1,22.8,27,15,37,0,-6.1,30.06
2015,11,19,Sheephole,TwentyninePalms,6,8.1,,19.3,15,7.2,22.8,26,11,40,0,-6.7,30.08
2015,11,20,Sheephole,TwentyninePalms,6,11.3,,25.8,15.6,7.2,23.9,28,16,37,0,-3.3,29.98
2015,11,21,Sheephole,TwentyninePalms,6,14.5,,20.9,16.1,10,21.7,25,13,43,0,-5.6,30.08
2015,11,22,Sheephole,TwentyninePalms,6,6.4,,12.9,13.3,5,21.1,19,9,32,0,-12.2,30.09
2015,11,23,Sheephole,TwentyninePalms,6,9.7,,19.3,12.2,3.9,21.1,19,9,28,0,-12.2,29.98
2015,11,24,Sheephole,TwentyninePalms,6,9.7,,41.9,13.3,3.9,22.2,26,12,49,0,-6.7,29.83
2015,11,25,Sheephole,TwentyninePalms,6,12.9,,24.2,10,5,15,48,27,67,0,-1.7,29.81
2015,11,26,Sheephole,TwentyninePalms,6,12.9,,20.9,7.2,2.8,11.7,48,35,65,0,-3.3,30.01
2015,11,27,Sheephole,TwentyninePalms,6,11.3,,14.5,6.7,1.7,10.6,33,27,42,0,-7.8,30.05
2015,11,28,Sheephole,TwentyninePalms,6,8.1,,19.3,5.6,0.6,11.1,34,24,46,0,-9.4,30.14
2015,11,29,Sheephole,TwentyninePalms,6,8.1,,19.3,6.7,-1.1,11.7,29,18,39,0,-11.1,30.2
2015,11,30,Sheephole,TwentyninePalms,6,8.1,,16.1,4.4,-2.8,11.7,30,16,45,0,-12.8,30.22
2015,12,1,Sheephole,TwentyninePalms,6,9.7,,16.1,7.2,-1.1,15.6,25,13,38,0,-12.8,30.22
2015,12,2,Sheephole,TwentyninePalms,6,8.1,,12.9,7.8,-1.1,17.2,21,12,40,0,-13.3,30.25
2015,12,3,Sheephole,TwentyninePalms,6,4.8,,14.5,10,2.8,16.7,21,12,29,0,-13.3,30.15
2015,12,4,Sheephole,TwentyninePalms,6,8.1,,16.1,8.3,2.8,13.9,34,18,68,0,-8.9,30.13
2015,12,5,Sheephole,TwentyninePalms,6,8.1,,16.1,10,1.7,17.8,46,21,78,0,-3.3,30.36
2015,12,6,Sheephole,TwentyninePalms,6,8.1,,19.3,10,2.8,16.7,32,18,48,0,-7.8,30.34
2015,12,7,Sheephole,TwentyninePalms,6,9.7,,20.9,11.1,3.9,18.9,26,15,38,0,-9.4,30.24
2015,12,8,Sheephole,TwentyninePalms,6,9.7,,19.3,14.4,5.6,22.8,26,13,38,0,-6.7,30.13
2015,12,9,Sheephole,TwentyninePalms,6,9.7,,14.5,13.9,7.2,20.6,33,21,44,0,-3.9,30.05
2015,12,10,Sheephole,TwentyninePalms,6,6.4,,20.9,12.2,3.9,21.1,34,16,51,0,-3.9,29.89
2015,12,11,Sheephole,TwentyninePalms,6,22.5,,58,11.1,7.2,15.6,50,29,69,0,0.6,29.74
2015,12,12,Sheephole,TwentyninePalms,6,29,,41.9,10,5.6,13.9,39,23,55,0,-5,29.99
2015,12,13,Sheephole,TwentyninePalms,6,16.1,,49.9,9.4,2.2,16.7,48,21,66,0,-1.7,29.95
2015,12,14,Sheephole,TwentyninePalms,6,41.9,,51.5,6.7,3.9,10,44,33,58,0,-5,29.87
2015,12,15,Sheephole,TwentyninePalms,6,17.7,,29,4.4,0.6,8.9,36,21,59,0,-10,30.08
2015,12,16,Sheephole,TwentyninePalms,6,12.9,,22.5,4.4,-1.1,10.6,31,18,47,0,-12.2,30.21
2015,12,17,Sheephole,TwentyninePalms,6,6.4,,19.3,5,-2.2,12.2,29,15,41,0,-13.3,30.26
2015,12,18,Sheephole,TwentyninePalms,6,4.8,,14.5,6.7,-1.1,13.9,29,16,40,0,-12.8,30.18
2015,12,19,Sheephole,TwentyninePalms,6,9.7,,32.2,6.7,-1.1,15,36,16,71,0,-7.8,29.97
2015,12,20,Sheephole,TwentyninePalms,6,12.9,,25.8,7.8,2.8,12.8,55,31,76,0,-1.1,30.12
2015,12,21,Sheephole,TwentyninePalms,6,9.7,,27.4,6.7,0.6,12.8,58,35,82,0,-1.1,30.08
2015,12,22,Sheephole,TwentyninePalms,6,25.8,,46.7,14.4,10,18.9,57,42,69,0,6.1,29.68
2015,12,23,Sheephole,TwentyninePalms,6,30.6,,46.7,12.2,7.2,17.8,42,17,57,0,-0.6,29.68
2015,12,24,Sheephole,TwentyninePalms,6,19.3,,37,8.3,3.9,12.8,45,28,60,0,-3.3,29.89
2015,12,25,Sheephole,TwentyninePalms,6,30.6,,53.1,6.7,2.8,10,43,20,65,0,-6.1,30.04
2015,12,26,Sheephole,TwentyninePalms,6,29,,51.5,4.4,1.7,7.8,22,13,39,0,-16.1,30.3
2015,12,27,Sheephole,TwentyninePalms,6,16.1,,32.2,3.3,-2.2,8.9,20,13,27,0,-18.3,30.25
2015,12,28,Sheephole,TwentyninePalms,6,8.1,,37,2.2,-4.4,8.9,33,13,68,0,-14.4,29.92
2015,12,29,Sheephole,TwentyninePalms,6,12.9,,24.2,4.4,-1.1,10,45,26,66,0,-7.8,30.05
2015,12,30,Sheephole,TwentyninePalms,6,8.1,,19.3,3.3,-3.3,10.6,44,27,61,0,-8.9,30.22
2015,12,31,Sheephole,TwentyninePalms,6,16.1,,25.8,4.4,-1.1,10,36,23,54,0,-10,30.23
2016,1,1,Sheephole,TwentyninePalms,6,11.3,,22.5,3.3,-2.2,8.9,30,21,40,0,-13.3,30.23
2016,1,2,Sheephole,TwentyninePalms,6,4.8,,12.9,5.6,-1.1,12.2,33,21,43,0,-10.6,30.19
2016,1,3,Sheephole,TwentyninePalms,6,4.8,,27.4,8.3,1.7,15,40,27,51,0,-5.6,30.02
2016,1,4,Sheephole,TwentyninePalms,6,4.8,,19.3,8.9,2.8,12.8,53,43,93,0,-0.6,29.86
2016,1,5,Sheephole,TwentyninePalms,6,8.1,,33.8,7.8,3.9,12.2,86,69,96,0.76,5,29.89
2016,1,6,Sheephole,TwentyninePalms,6,17.7,,49.9,8.3,3.9,12.8,73,53,89,0.18,3.3,29.89
2016,1,7,Sheephole,TwentyninePalms,6,22.5,,35.4,7.2,3.9,10.6,69,52,89,0.08,1.7,29.86
2016,1,8,Sheephole,TwentyninePalms,6,19.3,,35.4,7.8,2.8,11.7,58,34,70,0,-1.1,30.02
2016,1,9,Sheephole,TwentyninePalms,6,9.7,,16.1,5.6,-1.1,11.7,61,37,85,0,-1.1,30.19
2016,1,10,Sheephole,TwentyninePalms,6,8.1,,20.9,8.3,3.9,11.7,76,50,92,0,3.3,30.21
2016,1,11,Sheephole,TwentyninePalms,6,14.5,,22.5,6.7,2.2,11.7,57,24,86,0,-2.8,30.34
2016,1,12,Sheephole,TwentyninePalms,6,11.3,,20.9,6.7,-1.1,13.9,46,19,69,0,-5.6,30.29
2016,1,13,Sheephole,TwentyninePalms,6,9.7,,14.5,5.6,-1.1,12.8,50,24,73,0,-4.4,30.15
2016,1,14,Sheephole,TwentyninePalms,6,11.3,,22.5,10,5,15,57,36,76,0,0.6,30.07
2016,1,15,Sheephole,TwentyninePalms,6,27.4,,75.7,11.1,5.6,17.2,46,32,71,0.05,0.6,29.97
2016,1,16,Sheephole,TwentyninePalms,6,8.1,,16.1,8.3,2.8,13.9,58,33,83,0,0,30.29
2016,1,17,Sheephole,TwentyninePalms,6,9.7,,20.9,10,2.8,16.7,56,34,83,0,1.1,30.15
2016,1,18,Sheephole,TwentyninePalms,6,8.1,,45.1,12.2,5,18.9,57,33,82,0,2.8,30.07
2016,1,19,Sheephole,TwentyninePalms,6,8.1,,20.9,10.6,5,16.1,64,35,90,0.15,3.3,29.97
2016,1,20,Sheephole,TwentyninePalms,6,6.4,,16.1,11.1,5,17.8,72,38,96,0,5,30.23
2016,1,21,Sheephole,TwentyninePalms,6,6.4,,16.1,10,3.9,16.7,56,21,89,0,0,30.31
2016,1,22,Sheephole,TwentyninePalms,6,1.6,,11.3,8.9,2.8,15,46,22,65,0,-3.3,30.18
2016,1,23,Sheephole,TwentyninePalms,6,8.1,,33.8,9.4,5,13.9,46,31,60,0,-1.7,30.01
2016,1,24,Sheephole,TwentyninePalms,6,19.3,,37,11.1,6.7,16.1,41,23,56,0,-2.8,30.07
2016,1,25,Sheephole,TwentyninePalms,6,14.5,,32.2,10,5,15,44,23,67,0,-3.3,30.18
2016,1,26,Sheephole,TwentyninePalms,6,9.7,,19.3,8.9,2.8,15.6,32,13,57,0,-8.9,30.35
2016,1,27,Sheephole,TwentyninePalms,6,4.8,,16.1,8.9,1.7,16.7,28,14,42,0,-9.4,30.35
2016,1,28,Sheephole,TwentyninePalms,6,6.4,,14.5,11.1,3.9,17.8,29,15,43,0,-7.8,30.22
2016,1,29,Sheephole,TwentyninePalms,6,8.1,,20.9,12.8,5,20.6,31,18,45,0,-5,30.06
2016,1,30,Sheephole,TwentyninePalms,6,14.5,,29,17.8,11.1,23.9,42,21,63,0,3.3,29.84
2016,1,31,Sheephole,TwentyninePalms,6,24.2,,61.2,11.1,5,16.7,64,37,82,0.2,3.3,29.66
2016,2,1,Sheephole,TwentyninePalms,6,48.3,,62.8,6.7,2.8,10,42,24,53,0,-6.1,29.93
2016,2,2,Sheephole,TwentyninePalms,6,11.3,,27.4,4.4,-1.1,10.6,35,21,57,0,-10,30.21
2016,2,3,Sheephole,TwentyninePalms,6,9.7,,19.3,5,-1.1,11.1,32,14,56,0,-11.7,30.4
2016,2,4,Sheephole,TwentyninePalms,6,9.7,,22.5,6.7,-1.1,13.9,31,14,49,0,-10.6,30.42
2016,2,5,Sheephole,TwentyninePalms,6,14.5,,22.5,10,3.9,16.7,31,17,45,0,-7.2,30.44
2016,2,6,Sheephole,TwentyninePalms,6,8.1,,20.9,10,2.8,17.8,31,16,50,0,-7.2,30.38
2016,2,7,Sheephole,TwentyninePalms,6,16.1,,27.4,13.3,5.6,21.1,22,13,37,0,-8.3,30.28
2016,2,8,Sheephole,TwentyninePalms,6,19.3,,24.2,16.7,10.6,22.2,22,12,31,0,-7.2,30.21
2016,2,9,Sheephole,TwentyninePalms,6,9.7,,16.1,15.6,7.8,23.9,24,11,39,0,-6.1,30.25
2016,2,10,Sheephole,TwentyninePalms,6,8.1,,20.9,15.6,6.1,25,24,11,38,0,-6.7,30.19
2016,2,11,Sheephole,TwentyninePalms,6,8.1,,14.5,15.6,6.7,25,24,11,37,0,-7.2,30.15
2016,2,12,Sheephole,TwentyninePalms,6,8.1,,16.1,15.6,6.1,25.6,24,10,40,0,-7.2,29.98
2016,2,13,Sheephole,TwentyninePalms,6,9.7,,20.9,16.7,7.8,26.1,22,9,34,0,-7.2,30.06
2016,2,14,Sheephole,TwentyninePalms,6,16.1,,38.6,17.8,11.1,25,23,9,40,0,-4.4,30.07
2016,2,15,Sheephole,TwentyninePalms,6,20.9,,25.8,19.4,13.9,25,28,19,37,0,-0.6,30.1
2016,2,16,Sheephole,TwentyninePalms,6,8.1,,16.1,18.3,10.6,26.1,28,13,43,0,-2.8,29.99
2016,2,17,Sheephole,TwentyninePalms,6,11.3,,33.8,17.8,8.9,26.7,28,11,44,0,-2.8,29.78
2016,2,18,Sheephole,TwentyninePalms,6,19.3,,37,15.6,10,21.1,40,26,53,0,2.2,29.87
2016,2,19,Sheephole,TwentyninePalms,6,9.7,,20.9,14.4,7.8,21.1,35,18,63,0,-2.2,30.05
2016,2,20,Sheephole,TwentyninePalms,6,11.3,,22.5,15.6,7.8,22.8,32,14,61,0,-3.3,30.01
2016,2,21,Sheephole,TwentyninePalms,6,14.5,,40.3,16.7,7.2,25.6,22,6,39,0,-7.2,29.97
2016,2,22,Sheephole,TwentyninePalms,6,22.5,,37,17.8,12.2,22.8,14,6,22,0,-11.7,29.98
2016,2,23,Sheephole,TwentyninePalms,6,14.5,,20.9,14.4,10,18.9,18,13,23,0,-10.6,30.11
2016,2,24,Sheephole,TwentyninePalms,6,4.8,,14.5,12.2,3.9,20.6,18,9,31,0,-12.8,30.21
2016,2,25,Sheephole,TwentyninePalms,6,4.8,,14.5,14.4,5,23.9,17,8,26,0,-12.2,30.13
2016,2,26,Sheephole,TwentyninePalms,6,8.1,,16.1,16.1,6.7,25.6,17,8,29,0,-10,30.03
2016,2,27,Sheephole,TwentyninePalms,6,12.9,,27.4,18.9,11.7,26.7,24,12,43,0,-3.3,29.95
2016,2,28,Sheephole,TwentyninePalms,6,12.9,,25.8,20.6,13.9,27.2,18,10,27,0,-6.1,30.02
2016,2,29,Sheephole,TwentyninePalms,6,11.3,,19.3,20,12.8,27.8,21,11,34,0,-3.9,30.03
2016,3,1,Sheephole,TwentyninePalms,6,9.7,,24.2,20,11.1,28.9,21,11,35,0,-4.4,30.01
2016,3,2,Sheephole,TwentyninePalms,6,12.9,,22.5,20,11.1,28.9,18,5,37,0,-7.2,30.01
2016,3,3,Sheephole,TwentyninePalms,6,9.7,,20.9,19.4,11.1,27.8,19,6,37,0,-7.2,29.98
2016,3,4,Sheephole,TwentyninePalms,6,11.3,,24.2,18.9,10.6,26.7,13,6,23,0,-11.7,29.85
2016,3,5,Sheephole,TwentyninePalms,6,17.7,,48.3,18.3,13.9,22.8,35,25,44,0,2.8,29.93
2016,3,6,Sheephole,TwentyninePalms,6,37,,70.8,15,10,20,39,15,54,0,1.1,29.89
2016,3,7,Sheephole,TwentyninePalms,6,14.5,,38.6,10,7.8,11.7,52,41,61,0,0,29.79
2016,3,8,Sheephole,TwentyninePalms,6,20.9,,33.8,12.2,6.1,18.9,40,17,68,0,-2.2,29.93
2016,3,9,Sheephole,TwentyninePalms,6,12.9,,24.2,15.6,7.8,23.9,26,13,44,0,-4.4,29.94
2016,3,10,Sheephole,TwentyninePalms,6,9.7,,20.9,19.4,11.7,27.2,27,12,47,0,-1.7,29.94
2016,3,11,Sheephole,TwentyninePalms,6,14.5,,48.3,15.6,7.8,23.9,39,15,71,0.03,-1.1,29.88
2016,3,12,Sheephole,TwentyninePalms,6,19.3,,40.3,13.9,7.2,20.6,35,21,52,0,-1.7,30.02
2016,3,13,Sheephole,TwentyninePalms,6,16.1,,40.3,16.1,10,22.2,39,17,57,0,0.6,29.91
2016,3,14,Sheephole,TwentyninePalms,6,27.4,,49.9,18.3,12.8,23.9,38,14,60,0,1.7,29.89
2016,3,15,Sheephole,TwentyninePalms,6,14.5,,20.9,16.7,8.9,25,32,10,61,0,-2.2,29.97
2016,3,16,Sheephole,TwentyninePalms,6,9.7,,16.1,18.3,11.1,26.1,21,8,40,0,-6.7,29.92
2016,3,17,Sheephole,TwentyninePalms,6,6.4,,22.5,19.4,11.1,27.8,19,9,30,0,-6.1,29.89
2016,3,18,Sheephole,TwentyninePalms,6,12.9,,20.9,22.2,15,28.9,23,8,39,0,-1.7,29.89
2016,3,19,Sheephole,TwentyninePalms,6,11.3,,25.8,21.1,13.9,30,21,10,33,0,-2.8,29.94
2016,3,20,Sheephole,TwentyninePalms,6,11.3,,35.4,21.1,12.8,30,17,4,28,0,-6.7,29.99
2016,3,21,Sheephole,TwentyninePalms,6,12.9,,29,18.9,11.1,26.7,20,7,49,0,-6.7,29.94
2016,3,22,Sheephole,TwentyninePalms,6,32.2,,49.9,15.6,11.1,18.9,33,15,55,0,-2.8,29.82
2016,3,23,Sheephole,TwentyninePalms,6,20.9,,33.8,13.9,7.8,20,18,10,34,0,-11.1,30.18
2016,3,24,Sheephole,TwentyninePalms,6,11.3,,32.2,16.7,7.8,25.6,14,6,30,0,-12.2,30.04
2016,3,25,Sheephole,TwentyninePalms,6,16.1,,24.2,20,12.8,27.2,21,9,35,0,-5,29.82
2016,3,26,Sheephole,TwentyninePalms,6,17.7,,35.4,17.8,12.8,23.9,16,7,36,0,-10,29.89
2016,3,27,Sheephole,TwentyninePalms,6,9.7,,35.4,17.2,7.8,26.7,15,6,35,0,-10.6,29.86
2016,3,28,Sheephole,TwentyninePalms,6,16.1,,53.1,15,8.9,22.2,40,22,59,0,1.1,29.73
2016,3,29,Sheephole,TwentyninePalms,6,27.4,,45.1,11.1,6.7,16.1,39,20,52,0.03,-3.9,29.81
2016,3,30,Sheephole,TwentyninePalms,6,11.3,,19.3,10,3.9,17.8,43,20,66,0.05,-2.8,29.94
2016,3,31,Sheephole,TwentyninePalms,6,17.7,,38.6,14.4,6.7,21.7,32,14,58,0,-3.3,29.93
2016,4,1,Sheephole,TwentyninePalms,6,17.7,,29,18.9,13.9,25.6,22,12,35,0,-4.4,30.04
2015,11,1,PanocheHills,PanocheHills_Madera,1,6,,14,18.9,11.7,26.1,70,45,94,0,10.6,30.07
2015,11,2,PanocheHills,PanocheHills_Madera,1,8,,22,14.5,11.7,17.2,50,0,100,3.25,11.7,29.82
2015,11,3,PanocheHills,PanocheHills_Madera,1,5,,12,13.6,8.3,18.9,62,25,99,0,8.9,29.89
2015,11,4,PanocheHills,PanocheHills_Madera,1,5,,12,11.4,5.6,17.2,62,38,85,0,5,30.02
2015,11,5,PanocheHills,PanocheHills_Madera,1,3,,9,10.6,2.8,18.3,66,34,97,0,5.6,30.23
2015,11,6,PanocheHills,PanocheHills_Madera,1,2,,8,10.9,2.8,18.9,65,35,95,0,5,30.25
2015,11,7,PanocheHills,PanocheHills_Madera,1,2,,7,11.7,2.8,20.6,67,36,98,0,5.6,30.11
2015,11,8,PanocheHills,PanocheHills_Madera,1,5,,20,12.2,3.3,21.1,71,42,99,0.33,6.1,30
2015,11,9,PanocheHills,PanocheHills_Madera,1,4,,24,10,5,15,50,0,99,0.38,7.8,29.99
2015,11,10,PanocheHills,PanocheHills_Madera,1,5,,17,9.2,4.4,13.9,87,75,99,0,6.1,30.21
2015,11,11,PanocheHills,PanocheHills_Madera,1,2,,8,9.2,2.2,16.1,79,57,100,0,5.6,30.36
2015,11,12,PanocheHills,PanocheHills_Madera,1,3,,10,9.7,3.3,16.1,76,52,100,0,5,30.24
2015,11,13,PanocheHills,PanocheHills_Madera,1,2,,5,10,1.7,18.3,77,53,100,0,5,30.13
2015,11,14,PanocheHills,PanocheHills_Madera,1,2,,7,10.9,1.7,20,66,31,100,0,2.6,30.21
2015,11,15,PanocheHills,PanocheHills_Madera,1,5,,20,10.3,4.4,16.1,75,50,100,0.05,7.5,30.36
2015,11,16,PanocheHills,PanocheHills_Madera,1,4,,24,10.3,6.1,14.4,42,29,55,0,5.6,30.24
2015,11,17,PanocheHills,PanocheHills_Madera,1,5,,17,8.9,2.2,15.6,66,41,91,0,2.5,30.13
2015,11,18,PanocheHills,PanocheHills_Madera,1,2,,8,9.8,1.7,17.8,75,52,97,0,4.8,30.11
2015,11,19,PanocheHills,PanocheHills_Madera,1,3,,10,10.6,2.2,18.9,78,56,100,0,4.7,30
2015,11,20,PanocheHills,PanocheHills_Madera,1,2,,5,12.5,5,20,79,57,100,0,6.4,29.99
2015,11,21,PanocheHills,PanocheHills_Madera,1,3,,9,11.9,4.4,19.4,80,59,100,0,5.8,30.08
2015,11,22,PanocheHills,PanocheHills_Madera,1,2,,9,13.1,4.4,21.7,78,55,100,0,10.9,30.12
2015,11,23,PanocheHills,PanocheHills_Madera,1,3,,10,12.8,5,20.6,60,19,100,0,9.7,30.15
2015,11,24,PanocheHills,PanocheHills_Madera,1,2,,12,11.4,2.8,20,75,51,99,0.03,7.8,29.99
2015,11,25,PanocheHills,PanocheHills_Madera,1,2,,12,7.8,2.2,13.3,50,0,99,0.38,2.8,29.99
2015,11,26,PanocheHills,PanocheHills_Madera,1,3,,10,5.3,0,10.6,78,57,98,0,1.1,30.08
2015,11,27,PanocheHills,PanocheHills_Madera,1,3,,9,5.6,-1.1,12.2,69,41,96,0,0.6,30.12
2015,11,28,PanocheHills,PanocheHills_Madera,1,2,,9,4.5,-3.3,12.2,64,39,88,0,1.1,30.15
2015,11,29,PanocheHills,PanocheHills_Madera,1,2,,9,5.3,-3.3,13.9,66,37,94,0,-0.6,30.2
2015,11,30,PanocheHills,PanocheHills_Madera,1,4,,9,4.2,-2.8,11.1,75,54,95,0,0.6,30.22
2015,12,1,PanocheHills,PanocheHills_Madera,1,2,,9,7.5,0.6,14.4,62,39,84,0,1.1,30.25
2015,12,2,PanocheHills,PanocheHills_Madera,1,3,,8,7.2,0,14.4,71,49,93,0,2.2,30.2
2015,12,3,PanocheHills,PanocheHills_Madera,1,7,,28,13.6,2.2,25,60,23,97,0.03,5,30.06
2015,12,4,PanocheHills,PanocheHills_Madera,1,6,,16,10.3,3.9,16.7,73,47,98,0,5,30.2
2015,12,5,PanocheHills,PanocheHills_Madera,1,4,,10,8.1,1.7,14.4,82,66,97,0,5,30.29
2015,12,6,PanocheHills,PanocheHills_Madera,1,2,,8,12,3.3,20.6,68,38,98,0,4.4,30.3
2015,12,7,PanocheHills,PanocheHills_Madera,1,3,,8,11.7,5,18.3,63,26,99,0,5,30.28
2015,12,8,PanocheHills,PanocheHills_Madera,1,2,,8,11.2,6.7,15.6,50,0,100,0,6.7,30.23
2015,12,9,PanocheHills,PanocheHills_Madera,1,4,,10,12.5,7.8,17.2,81,62,100,0,8.3,30.16
2015,12,10,PanocheHills,PanocheHills_Madera,1,6,,21,9.2,5.6,12.8,50,0,100,0.1,9.4,29.95
2015,12,11,PanocheHills,PanocheHills_Madera,1,5,,16,9.7,5,14.4,78,60,95,0.18,7.2,29.9
2015,12,12,PanocheHills,PanocheHills_Madera,1,3,,13,7.8,1.1,14.4,80,60,100,0,3.3,30.14
2015,12,13,PanocheHills,PanocheHills_Madera,1,8,,30,8.1,3.9,12.2,83,69,96,0.48,6.1,30.02
2015,12,14,PanocheHills,PanocheHills_Madera,1,8,,23,7.5,2.8,12.2,63,44,81,0,0.6,30.07
2015,12,15,PanocheHills,PanocheHills_Madera,1,2,,8,4.2,-2.2,10.6,72,49,94,0,0,30.17
2015,12,16,PanocheHills,PanocheHills_Madera,1,3,,8,5.8,-1.7,13.3,68,41,94,0,0,30.26
2015,12,17,PanocheHills,PanocheHills_Madera,1,3,,7,6.1,-1.7,13.9,67,40,93,0,1.1,30.28
2015,12,18,PanocheHills,PanocheHills_Madera,1,5,,12,6.1,-2.8,15,67,36,98,0,1.1,30.09
2015,12,19,PanocheHills,PanocheHills_Madera,1,3,,15,8.9,4.4,13.3,50,0,100,1.29,6.1,30.01
2015,12,20,PanocheHills,PanocheHills_Madera,1,5,,13,6.2,0.6,11.7,87,75,99,0,5.6,30.22
2015,12,21,PanocheHills,PanocheHills_Madera,1,10,,17,8.9,6.1,11.7,93,88,97,0.05,6.7,30.1
2015,12,22,PanocheHills,PanocheHills_Madera,1,7,,16,14.7,10,19.4,50,0,100,0.03,11.1,29.84
2015,12,23,PanocheHills,PanocheHills_Madera,1,10,,20,5.6,0,11.1,72,54,89,0.03,4.4,29.94
2015,12,24,PanocheHills,PanocheHills_Madera,1,4,,26,5.3,0,10.6,82,71,92,0.05,3.3,30.01
2015,12,25,PanocheHills,PanocheHills_Madera,1,6,,14,5,-0.6,10.6,75,54,96,0.13,1.1,30.2
2015,12,26,PanocheHills,PanocheHills_Madera,1,3,,10,6.4,0.6,12.2,83,65,100,0.03,0,30.4
2015,12,27,PanocheHills,PanocheHills_Madera,1,4,,10,7.2,1.1,13.3,86,71,100,0.08,0.6,30.25
2015,12,28,PanocheHills,PanocheHills_Madera,1,5,,15,7.5,1.7,13.3,86,71,100,0.13,2.8,30.04
2015,12,29,PanocheHills,PanocheHills_Madera,1,4,,8,7.8,2.2,13.3,72,52,92,0.33,1.7,30.14
2015,12,30,PanocheHills,PanocheHills_Madera,1,3,,7,4.7,-2.8,12.2,78,56,99,0,0.6,30.26
2015,12,31,PanocheHills,PanocheHills_Madera,1,2,,8,4.8,-1.1,10.6,81,63,99,0,1.1,30.21
2016,1,1,PanocheHills,PanocheHills_Madera,1,2,,8,4.8,-1.1,10.6,74,50,98,0,0,30.16
2016,1,2,PanocheHills,PanocheHills_Madera,1,2,,8,6.7,3.9,9.4,73,59,87,0,2.8,30.08
2016,1,3,PanocheHills,PanocheHills_Madera,1,3,,8,7.5,2.8,12.2,79,64,94,0,4.4,29.9
2016,1,4,PanocheHills,PanocheHills_Madera,1,5,,13,9.5,6.1,12.8,90,82,97,0.08,4.4,29.81
2016,1,5,PanocheHills,PanocheHills_Madera,1,10,,20,10,6.1,13.9,91,82,100,0.89,8.3,29.76
2016,1,6,PanocheHills,PanocheHills_Madera,1,13,,24,8.7,5.6,11.7,92,84,100,0.74,7.2,29.8
2016,1,7,PanocheHills,PanocheHills_Madera,1,5,,13,8.1,3.9,12.2,70,40,100,0,5.6,29.95
2016,1,8,PanocheHills,PanocheHills_Madera,1,4,,12,6.4,0.6,12.2,90,80,100,0,4.4,30.11
2016,1,9,PanocheHills,PanocheHills_Madera,1,7,,15,9.7,6.1,13.3,50,0,100,0,6.1,30.17
2016,1,10,PanocheHills,PanocheHills_Madera,1,4,,14,10,7.2,12.8,50,0,100,0,7.2,30.22
2016,1,11,PanocheHills,PanocheHills_Madera,1,2,,8,10,5,15,50,0,100,0,6.1,30.33
2016,1,12,PanocheHills,PanocheHills_Madera,1,5,,12,8.6,4.4,12.8,50,0,100,0.03,5,30.24
2016,1,13,PanocheHills,PanocheHills_Madera,1,7,,20,12.2,6.1,18.3,50,0,99,0,6.1,30.16
2016,1,14,PanocheHills,PanocheHills_Madera,1,5,,15,8.9,2.8,15,82,64,100,0.05,5,30.17
2016,1,15,PanocheHills,PanocheHills_Madera,1,4,,12,12.3,7.8,16.7,81,61,100,0,7.8,30.11
2016,1,16,PanocheHills,PanocheHills_Madera,1,4,,10,13.3,9.4,17.2,50,0,100,0.38,8.3,30.22
2016,1,17,PanocheHills,PanocheHills_Madera,1,7,,14,11.2,6.7,15.6,50,0,99,0.23,8.3,30.16
2016,1,18,PanocheHills,PanocheHills_Madera,1,5,,15,14.5,11.1,17.8,50,0,100,0.94,11.1,30.16
2016,1,19,PanocheHills,PanocheHills_Madera,1,10,,24,12.2,10,14.4,50,0,100,1.98,10.6,30.13
2016,1,20,PanocheHills,PanocheHills_Madera,1,3,,8,11.4,7.8,15,50,0,100,0,10,30.25
2016,1,21,PanocheHills,PanocheHills_Madera,1,6,,15,11.4,9.4,13.3,46,0,92,0,8.3,30.2
2016,1,22,PanocheHills,PanocheHills_Madera,1,10,,20,10.9,8.9,12.8,84,75,92,1.04,7.8,30.06
2016,1,23,PanocheHills,PanocheHills_Madera,1,8,,21,11.2,6.7,15.6,71,53,89,0,8.9,30.07
2016,1,24,PanocheHills,PanocheHills_Madera,1,5,,12,8.9,3.9,13.9,72,56,87,0,6.1,30.2
2016,1,25,PanocheHills,PanocheHills_Madera,1,2,,9,8.1,2.8,13.3,77,65,89,0,6.1,30.26
2016,1,26,PanocheHills,PanocheHills_Madera,1,2,,8,10.3,4.4,16.1,70,51,89,0,6.7,30.33
2016,1,27,PanocheHills,PanocheHills_Madera,1,1,,8,9.5,5,13.9,78,66,90,0,6.1,30.33
2016,1,28,PanocheHills,PanocheHills_Madera,1,3,,8,8.4,2.8,13.9,83,72,93,0.03,6.1,30.29
2016,1,29,PanocheHills,PanocheHills_Madera,1,4,,10,12,7.2,16.7,76,61,90,0,8.3,30.19
2016,1,30,PanocheHills,PanocheHills_Madera,1,5,,15,11.1,8.9,13.3,76,61,90,0.15,9.4,30.03
2016,1,31,PanocheHills,PanocheHills_Madera,1,10,,22,8.7,5.6,11.7,71,52,89,1.75,5.6,29.79
2016,2,1,PanocheHills,PanocheHills_Madera,1,9,,21,6.7,1.7,11.7,53,32,74,0,-1.1,30.11
2016,2,2,PanocheHills,PanocheHills_Madera,1,4,,10,5,-1.1,11.1,66,44,87,0,1.1,30.29
2016,2,3,PanocheHills,PanocheHills_Madera,1,2,,10,6.1,-0.6,12.8,70,49,90,0,1.7,30.4
2016,2,4,PanocheHills,PanocheHills_Madera,1,3,,13,7.2,1.1,13.3,70,50,89,0,3.9,30.43
2016,2,5,PanocheHills,PanocheHills_Madera,1,2,,8,8.1,0,16.1,68,44,91,0,4.4,30.42
2016,2,6,PanocheHills,PanocheHills_Madera,1,2,,7,9.7,2.2,17.2,69,49,89,0,4.4,30.4
2016,2,7,PanocheHills,PanocheHills_Madera,1,2,,7,10.8,3.3,18.3,64,42,85,0,7.2,30.28
2016,2,8,PanocheHills,PanocheHills_Madera,1,2,,8,12,3.9,20,66,42,89,0,8.3,30.24
2016,2,9,PanocheHills,PanocheHills_Madera,1,3,,9,12.8,3.9,21.7,67,42.1,91.5,0,7.8,30.21
2016,2,10,PanocheHills,PanocheHills_Madera,1,3,,9,13.4,5,21.7,68,45,91,0,8.9,30.21
2016,2,11,PanocheHills,PanocheHills_Madera,1,3,,10,13.7,5.6,21.7,65,41.9,87.6,0,8.9,30.17
2016,2,12,PanocheHills,PanocheHills_Madera,1,3,,10,13.4,6.1,20.6,68,46,89,0,7.8,30.19
2016,2,13,PanocheHills,PanocheHills_Madera,1,3,,13,14.5,7.2,21.7,65,39,90,0,8.9,30.23
2016,2,14,PanocheHills,PanocheHills_Madera,1,1,,6,13.6,6.1,21.1,64,44,84,0,8.3,30.23
2016,2,15,PanocheHills,PanocheHills_Madera,1,2,,8,13.9,6.7,21.1,67,46,87,0,9.4,30.16
2016,2,16,PanocheHills,PanocheHills_Madera,1,5,,10,14.5,5.6,23.3,64,38,89,0,9.4,29.98
2016,2,17,PanocheHills,PanocheHills_Madera,1,13,,28,15.6,10,21.1,55,29,80,0.23,9.4,29.7
2016,2,18,PanocheHills,PanocheHills_Madera,1,5,,16,11.2,5.6,16.7,65,43,86,0.15,6.7,29.98
2016,2,19,PanocheHills,PanocheHills_Madera,1,4,,9,11.1,3.9,18.3,64,39,89,0,5.6,30.15
2016,2,20,PanocheHills,PanocheHills_Madera,1,5,,12,10.9,6.1,15.6,71,54,88,0,7.8,30.21
2016,2,21,PanocheHills,PanocheHills_Madera,1,3,,12,10.9,3.9,17.8,69,46,91,0,7.2,30.24
2016,2,22,PanocheHills,PanocheHills_Madera,1,4,,12,12,5,18.9,64,38,89,0,6.7,30.19
2016,2,23,PanocheHills,PanocheHills_Madera,1,3,,9,12,3.9,20,52,27,76,0,7.2,30.07
2016,2,24,PanocheHills,PanocheHills_Madera,1,4,,10,12.8,5,20.6,60,41.7,77.5,0,8.3,30.12
2016,2,25,PanocheHills,PanocheHills_Madera,1,2,,9,13.4,5.6,21.1,65,45,85,0,7.8,30.12
2016,2,26,PanocheHills,PanocheHills_Madera,1,4,,12,15.3,6.7,23.9,62,37,86,0,8.9,30.11
2016,2,27,PanocheHills,PanocheHills_Madera,1,5,,12,15.6,10,21.1,60,31,89,0,10.6,30.16
2016,2,28,PanocheHills,PanocheHills_Madera,1,3,,13,13.1,6.7,19.4,59,35,83,0,8.3,30.17
2016,2,29,PanocheHills,PanocheHills_Madera,1,2,,8,14.5,6.7,22.2,60,35,85,0,8.3,30.16
2016,3,1,PanocheHills,PanocheHills_Madera,1,4,,13,15.9,6.7,25,47,21,73,0,10.6,30.12
2016,3,2,PanocheHills,PanocheHills_Madera,1,4,,13,15.3,6.1,24.4,57,34,80,0,8.9,30.09
2016,3,3,PanocheHills,PanocheHills_Madera,1,7,,20,15,8.9,21.1,68,46,90,0.15,11.1,30.08
2016,3,4,PanocheHills,PanocheHills_Madera,1,5,,18,15.6,10,21.1,73,53,92,0.89,12.8,30.01
2016,3,5,PanocheHills,PanocheHills_Madera,1,14,,31,14.8,11.7,17.8,79,65,92,0.94,13.9,29.92
2016,3,6,PanocheHills,PanocheHills_Madera,1,6,,24,12.8,8.3,17.2,67,48,85,0.08,9.4,29.91
2016,3,7,PanocheHills,PanocheHills_Madera,1,8,,22,8.6,5,12.2,76,65,87,0.36,6.7,29.83
2016,3,8,PanocheHills,PanocheHills_Madera,1,3,,9,9.5,2.2,16.7,68,47,89,0,7.2,30.09
2016,3,9,PanocheHills,PanocheHills_Madera,1,4,,12,13.1,6.1,20,68,48,87,0,8.9,30.11
2016,3,10,PanocheHills,PanocheHills_Madera,1,6,,15,15.3,8.9,21.7,70,51,89,0,11.7,30.01
2016,3,11,PanocheHills,PanocheHills_Madera,1,9,,23,13.1,10.6,15.6,57,32,82,0.15,9.4,29.88
2016,3,12,PanocheHills,PanocheHills_Madera,1,4,,10,11.4,6.1,16.7,66,45,86,0,8.3,30.17
2016,3,13,PanocheHills,PanocheHills_Madera,1,9,,15,11.7,8.9,14.4,85,78,91,1.14,11.1,30.11
2016,3,14,PanocheHills,PanocheHills_Madera,1,10,,21,12,7.2,16.7,72,51,92,0.05,9.4,30.17
2016,3,15,PanocheHills,PanocheHills_Madera,1,5,,13,11.1,4.4,17.8,66,42,89,0,7.2,30.2
2016,3,16,PanocheHills,PanocheHills_Madera,1,2,,7,12.8,5.6,20,58,42,74,0,7.8,30.08
2016,3,17,PanocheHills,PanocheHills_Madera,1,2,,7,14.2,6.1,22.2,65,42,87,0,9.4,29.96
2016,3,18,PanocheHills,PanocheHills_Madera,1,4,,9,15.6,7.8,23.3,65,42,88,0,11.7,29.95
2016,3,19,PanocheHills,PanocheHills_Madera,1,3,,8,16.1,8.9,23.3,63,37,88,0,10.6,30
2016,3,20,PanocheHills,PanocheHills_Madera,1,5,,14,16.4,9.4,23.3,61,36,86,0,11.7,30.04
2016,3,21,PanocheHills,PanocheHills_Madera,1,6,,18,15.3,10,20.6,59,32,86,0,10,30.09
2016,3,22,PanocheHills,PanocheHills_Madera,1,10,,24,12.3,6.7,17.8,60,37,83,0,5.6,30.17
2016,3,23,PanocheHills,PanocheHills_Madera,1,3,,10,13.3,8.3,18.3,54,32,75,0,6.7,30.26
2016,3,24,PanocheHills,PanocheHills_Madera,1,4,,14,13.3,4.4,22.2,57,37,77,0,7.8,30.19
2016,3,25,PanocheHills,PanocheHills_Madera,1,6,,18,15,7.2,22.8,60,34,85,0,8.3,30.02
2016,3,26,PanocheHills,PanocheHills_Madera,1,5,,10,14.8,6.7,22.8,50,21,78,0,8.9,29.95
2016,3,27,PanocheHills,PanocheHills_Madera,1,5,,13,15.9,7.8,23.9,53,27,78,0,9.4,30
2016,3,28,PanocheHills,PanocheHills_Madera,1,11,,23,11.2,6.7,15.6,53,32,73,0.1,3.3,29.89
2016,3,29,PanocheHills,PanocheHills_Madera,1,5,,14,10.6,3.3,17.8,53,30,76,0,2.8,29.88
2016,3,30,PanocheHills,PanocheHills_Madera,1,4,,14,11.7,3.3,20,49,27,70,0,5,29.97
2016,3,31,PanocheHills,PanocheHills_Madera,1,5,,12,13.6,5,22.2,54,34,73,0,7.8,30.08
2016,4,1,PanocheHills,Cuyama,1,3,,8,13.6,4.4,22.8,49,27,70,0,7.8,30.13
2015,11,1,Cuyama,Cuyama,2,3,,15,18.6,7.2,30,42,12,72,0,8.9,30.05
2015,11,2,Cuyama,Cuyama,2,3,,15,11.7,4.4,18.9,77,60,94,0.28,10.6,29.88
2015,11,3,Cuyama,Cuyama,2,4,,17,8.1,2.2,13.9,80,63,97,0.03,6.7,29.88
2015,11,4,Cuyama,Cuyama,2,3,,18,6.9,-0.6,14.4,68,39,97,0.03,2.8,30
2015,11,5,Cuyama,Cuyama,2,3,,15,8.4,-1.1,17.8,58,24,91,0,1.1,30.18
2015,11,6,Cuyama,Cuyama,2,4,,14,8.1,-0.6,16.7,64,37,90,0,0.6,30.15
2015,11,7,Cuyama,Cuyama,2,4,,16,11.1,-1.1,23.3,56,19,92,0,-1.7,30.07
2015,11,8,Cuyama,Cuyama,2,3,,16,12,1.1,22.8,51,17,84,0,3.3,30
2015,11,9,Cuyama,Cuyama,2,2,,17,9.8,3.9,15.6,70,43,96,0.1,7.8,30.02
2015,11,10,Cuyama,Cuyama,2,5,,17,6.4,1.1,11.7,74,52,96,0,3.3,30.15
2015,11,11,Cuyama,Cuyama,2,4,,15,7,-1.1,15,67,42,92,0,0,30.25
2015,11,12,Cuyama,Cuyama,2,2,,12,5.8,-2.8,14.4,71,50,91,0,-2.8,30.08
2015,11,13,Cuyama,Cuyama,2,3,,15,10.6,-2.2,23.3,54,16,92,0,-4.4,30
2015,11,14,Cuyama,Cuyama,2,2,,12,12.8,1.1,24.4,43,11,75,0,-1.7,29.93
2015,11,15,Cuyama,Cuyama,2,6,,22,5.6,-1.1,12.2,73,54,91,0.38,3.9,29.95
2015,11,16,Cuyama,Cuyama,2,10,,23,4.2,-1.7,10,63,40,86,0,-2.2,30.1
2015,11,17,Cuyama,Cuyama,2,6,,16,6.7,-3.3,16.7,59,27,90,0,-2.2,30.19
2015,11,18,Cuyama,Cuyama,2,4,,21,9.2,-0.6,18.9,60,31,88,0,1.1,30.06
2015,11,19,Cuyama,Cuyama,2,3,,14,10.3,0.6,20,61,31,90,0,3.3,30.01
2015,11,20,Cuyama,Cuyama,2,2,,9,12,1.7,22.2,54,27,81,0,3.3,29.97
2015,11,21,Cuyama,Cuyama,2,3,,14,15.3,2.2,28.3,49,14,83,0,1.1,29.99
2015,11,22,Cuyama,Cuyama,2,2,,10,14.5,2.8,26.1,44,14,73,0,-0.6,29.96
2015,11,23,Cuyama,Cuyama,2,3,,13,13.9,2.2,25.6,41,12,70,0,2.8,29.93
2015,11,24,Cuyama,Cuyama,2,3,,12,7.8,-1.1,16.7,68,41,95,0.03,7.2,29.95
2015,11,25,Cuyama,Cuyama,2,6,,17,5,-1.1,11.1,69,43,95,0.03,2.8,29.93
2015,11,26,Cuyama,Cuyama,2,4,,15,2.5,-2.8,7.8,78,65,90,0,0,29.99
2015,11,27,Cuyama,Cuyama,2,2,,15,3.4,-3.3,10,68,48,88,0,0.6,30.03
2015,11,28,Cuyama,Cuyama,2,4,,15,4.5,-3.9,12.8,60,31,88,0,-1.1,30.06
2015,11,29,Cuyama,Cuyama,2,3,,12,5,-5,15,56,23,88,0,-1.7,30.13
2015,11,30,Cuyama,Cuyama,2,3,,15,5.8,-5.6,17.2,48,18,78,0,-2.8,30.15
2015,12,1,Cuyama,Cuyama,2,2,,13,8.1,-1.7,17.8,47,20,73,0,-1.7,30.13
2015,12,2,Cuyama,Cuyama,2,2,,9,10,-2.2,22.2,43,13,73,0,-1.1,30.13
2015,12,3,Cuyama,Cuyama,2,2,,14,11.7,1.1,22.2,46,16,76,0,2.2,30.08
2015,12,4,Cuyama,Cuyama,2,3,,15,7,0.6,13.3,74,57,90,0,3.3,30.13
2015,12,5,Cuyama,Cuyama,2,1,,7,8.1,-2.8,18.9,58,25,91,0,-2.2,30.23
2015,12,6,Cuyama,Cuyama,2,3,,13,11.4,0.6,22.2,36,12,59,0,0,30.26
2015,12,7,Cuyama,Cuyama,2,3,,13,10.9,1.7,20,37,17,57,0,1.7,30.17
2015,12,8,Cuyama,Cuyama,2,3,,12,13.1,2.2,23.9,51,28,74,0,5.6,30.1
2015,12,9,Cuyama,Cuyama,2,2,,12,11.7,2.2,21.1,53,29,76,0,6.1,30.06
2015,12,10,Cuyama,Cuyama,2,3,,15,9.5,0,18.9,73,51,95,0,10,30
2015,12,11,Cuyama,Cuyama,2,4,,17,5.9,1.1,10.6,77,58,96,0.33,5.6,29.91
2015,12,12,Cuyama,Cuyama,2,9,,18,5,-0.6,10.6,79,60,97,0,1.1,30.06
2015,12,13,Cuyama,Cuyama,2,4,,13,7.3,-1.1,15.6,71,48,93,0.23,3.3,30.07
2015,12,14,Cuyama,Cuyama,2,6,,16,3.4,-1.1,7.8,75,60,89,0,-0.6,30.04
2015,12,15,Cuyama,Cuyama,2,5,,13,2.2,-3.9,8.3,70,48,91,0,-3.9,30.07
2015,12,16,Cuyama,Cuyama,2,2,,10,3.1,-6.1,12.2,60,29,90,0,-3.3,30.18
2015,12,17,Cuyama,Cuyama,2,2,,10,7,-2.8,16.7,55,25,85,0,-0.6,30.18
2015,12,18,Cuyama,Cuyama,2,2,,9,7.8,-2.2,17.8,60,30,90,0,1.7,30.07
2015,12,19,Cuyama,Cuyama,2,4,,8,3.4,-3.3,10,78,60,96,0.46,5,30
2015,12,20,Cuyama,Cuyama,2,5,,14,5,0,10,83,69,97,0,2.2,30.18
2015,12,21,Cuyama,Cuyama,2,3,,8,6.9,-0.6,14.4,82,68,96,0,6.1,30.15
2015,12,22,Cuyama,Cuyama,2,5,,21,12,8.3,15.6,88,78,98,0.2,11.7,29.9
2015,12,23,Cuyama,Cuyama,2,12,,24,6.4,-1.7,14.4,58,39,76,0,2.8,29.87
2015,12,24,Cuyama,Cuyama,2,6,,17,6.7,-1.7,15,67,34,93,0,2.2,30
2015,12,25,Cuyama,Cuyama,2,8,,18,7.5,-1.7,16.7,62,38,87,0.13,0,30.15
2015,12,26,Cuyama,Cuyama,2,5,,13,7,-1.1,15,53,19,81,0,-2.8,30.29
2015,12,27,Cuyama,Cuyama,2,3,,14,7.5,0,15,62,17,93,0.18,-2.8,30.19
2015,12,28,Cuyama,Cuyama,2,5,,16,6.9,-0.6,14.4,72,44,93,0.23,0,29.97
2015,12,29,Cuyama,Cuyama,2,5,,12,7.5,0.6,14.4,65,29,93,0.15,-1.1,30.04
2015,12,30,Cuyama,Cuyama,2,2,,14,3.1,-5,11.1,61,33,89,0,-2.8,30.16
2015,12,31,Cuyama,Cuyama,2,3,,13,3.3,-5.6,12.2,62,38,85,0,-1.1,30.13
2016,1,1,Cuyama,Cuyama,2,1,,13,4.2,-5.6,13.9,55,23,87,0,-1.7,30.1
2016,1,2,Cuyama,Cuyama,2,3,,16,6.1,-1.7,13.9,55,28,81,0,-0.6,30.04
2016,1,3,Cuyama,Cuyama,2,10,,28,8.6,1.1,16.1,54,22,86,0,3.9,29.88
2016,1,4,Cuyama,Cuyama,2,7,,18,9.5,3.3,15.6,64,45,83,0,5.6,29.79
2016,1,5,Cuyama,Cuyama,2,9,,24,8.1,4.4,11.7,82,69,94,1.42,8.3,29.82
2016,1,6,Cuyama,Cuyama,2,6,,22,7.3,2.8,11.7,82,69,95,1.24,6.1,29.89
2016,1,7,Cuyama,Cuyama,2,5,,16,5.6,1.7,9.4,87,78,95,1.55,5.6,29.93
2016,1,8,Cuyama,Cuyama,2,4,,15,6.7,2.2,11.1,80,64,96,0.03,3.9,30.06
2016,1,9,Cuyama,Cuyama,2,3,,18,6.7,1.7,11.7,80,64,96,0,5.6,30.16
2016,1,10,Cuyama,Cuyama,2,2,,9,7,2.8,11.1,85,74,96,0,8.3,30.18
2016,1,11,Cuyama,Cuyama,2,2,,12,8.1,2.2,13.9,75,54,95,0,7.2,30.27
2016,1,12,Cuyama,Cuyama,2,4,,13,9.2,1.1,17.2,62,32,92,0,1.7,30.21
2016,1,13,Cuyama,Cuyama,2,6,,15,7.8,0.6,15,74,54,93,0,5.6,30.16
2016,1,14,Cuyama,Cuyama,2,3,,14,8.4,1.7,15,70,46,94,0,6.1,30.12
2016,1,15,Cuyama,Cuyama,2,3,,15,8.4,2.8,13.9,85,77,93,0,8.3,30.1
2016,1,16,Cuyama,Cuyama,2,3,,15,10.3,1.7,18.9,78,61,95,0,9.4,30.17
2016,1,17,Cuyama,Cuyama,2,3,,12,9.2,2.8,15.6,76,57,95,0,10,30.18
2016,1,18,Cuyama,Cuyama,2,3,,12,10.8,4.4,17.2,79,62,95,0,11.1,30.18
2016,1,19,Cuyama,Cuyama,2,2,,7,9.8,3.9,15.6,88,78,97,0.38,11.7,30.18
2016,1,20,Cuyama,Cuyama,2,1,,8,9.7,2.2,17.2,75,51,98,0,10,30.21
2016,1,21,Cuyama,Cuyama,2,4,,10,10,0.6,19.4,64,35,93,0,6.1,30.15
2016,1,22,Cuyama,Cuyama,2,1,,12,13.1,3.9,22.2,62,31,92,0,6.1,30.1
2016,1,23,Cuyama,Cuyama,2,6,,18,10.3,6.1,14.4,74,53,95,0,7.8,30.07
2016,1,24,Cuyama,Cuyama,2,5,,18,6.7,2.8,10.6,80,66,93,0,3.9,30.11
2016,1,25,Cuyama,Cuyama,2,2,,10,7,1.7,12.2,78,62,94,0,3.3,30.14
2016,1,26,Cuyama,Cuyama,2,2,,9,8.1,0,16.1,71,48,94,0,2.2,30.24
2016,1,27,Cuyama,Cuyama,2,3,,13,10,1.7,18.3,54,24,84,0,3.3,30.26
2016,1,28,Cuyama,Cuyama,2,3,,15,10,-0.6,20.6,52,19,85,0,3.3,30.18
2016,1,29,Cuyama,Cuyama,2,5,,20,11.4,2.2,20.6,63,37,89,0,7.2,30.11
2016,1,30,Cuyama,Cuyama,2,4,,10,10.6,3.3,17.8,63,37,89,0,10,30.03
2016,1,31,Cuyama,Cuyama,2,9,,28,7.5,2.2,12.8,85,73,97,1.55,5,29.81
2016,2,1,Cuyama,Cuyama,2,9,,18,3.4,-1.1,7.8,71,52,90,0,-2.8,30.09
2016,2,2,Cuyama,Cuyama,2,5,,16,4.2,-2.2,10.6,65,38,92,0,0.6,30.23
2016,2,3,Cuyama,Cuyama,2,4,,13,5.8,-1.7,13.3,69,45,92,0,2.2,30.33
2016,2,4,Cuyama,Cuyama,2,3,,9,6.7,-1.7,15,67,41,93,0,2.8,30.32
2016,2,5,Cuyama,Cuyama,2,2,,10,9.2,-1.1,19.4,58,23,93,0,1.1,30.33
2016,2,6,Cuyama,Cuyama,2,3,,9,8.9,-0.6,18.3,61,31,90,0,1.7,30.25
2016,2,7,Cuyama,Cuyama,2,2,,9,12.3,0.6,23.9,59,27,91,0,2.2,30.16
2016,2,8,Cuyama,Cuyama,2,2,,10,14.2,2.8,25.6,47,16,77,0,2.8,30.15
2016,2,9,Cuyama,Cuyama,2,3,,8,8.4,0.6,16.1,46,17.1,75.2,0,2.2,30.16
2016,2,10,Cuyama,Cuyama,2,3,,10,8.9,1.1,16.7,52,20,83,0,5,30.15
2016,2,11,Cuyama,Cuyama,2,2,,10,8.4,1.1,15.6,46,12.8,78.8,0,4.4,30.12
2016,2,12,Cuyama,Cuyama,2,1,,12,14.2,3.3,25,57,22,92,0.08,6.7,30.11
2016,2,13,Cuyama,Cuyama,2,2,,13,11.4,2.2,20.6,66,38,93,0.03,6.7,30.11
2016,2,14,Cuyama,Cuyama,2,4,,20,11.1,2.2,20,64,39,88,0,2.8,30.09
2016,2,15,Cuyama,Cuyama,2,3,,10,13.6,2.8,24.4,63,37,88,0,5,30
2016,2,16,Cuyama,Cuyama,2,3,,15,15,2.2,27.8,54,19,88,0.13,3.9,29.89
2016,2,17,Cuyama,Cuyama,2,9,,22,13.9,7.2,20.6,46,21,70,0,5.6,29.81
2016,2,18,Cuyama,Cuyama,2,7,,16,8.4,1.1,15.6,66,42,89,0.13,7.2,29.99
2016,2,19,Cuyama,Cuyama,2,3,,14,7.8,-1.1,16.7,67,40,93,0,5.6,30.12
2016,2,20,Cuyama,Cuyama,2,3,,12,9.5,3.3,15.6,67,45,89,0,6.1,30.12
2016,2,21,Cuyama,Cuyama,2,3,,13,9.2,-1.1,19.4,62,34,90,0,7.2,30.13
2016,2,22,Cuyama,Cuyama,2,4,,14,8.9,0,17.8,59,33,85,0,0.6,30.02
2016,2,23,Cuyama,Cuyama,2,4,,10,12.5,0.6,24.4,49,21.9,75.8,0,1.7,30.01
2016,2,24,Cuyama,Cuyama,2,2,,13,14.2,1.7,26.7,43,13,73.9,0,2.8,30.1
2016,2,25,Cuyama,Cuyama,2,2,,13,12.5,1.7,23.3,54,26,81,0,3.9,30.09
2016,2,26,Cuyama,Cuyama,2,2,,17,15,3.3,26.7,52,19,84,0,6.7,30.11
2016,2,27,Cuyama,Cuyama,2,3,,17,13.9,5.6,22.2,63,39,87,0,10,30.07
2016,2,28,Cuyama,Cuyama,2,2,,15,13.4,5.6,21.1,68,42,93,0,8.3,30.06
2016,2,29,Cuyama,Cuyama,2,3,,13,12.8,2.8,22.8,57,27,86,0,3.9,30.05
2016,3,1,Cuyama,Cuyama,2,5,,16,15.6,3.9,27.2,44,16,72,0,5,30.1
2016,3,2,Cuyama,Cuyama,2,3,,15,15.3,3.3,27.2,44,11,76,0,7.2,30.1
2016,3,3,Cuyama,Cuyama,2,2,,10,13.6,2.8,24.4,50,13,87,0,8.9,30.09
2016,3,4,Cuyama,Cuyama,2,4,,13,13.1,4.4,21.7,60,30,89,0,11.1,30.03
2016,3,5,Cuyama,Cuyama,2,4,,15,15,10.6,19.4,73,52,93,0.43,12.2,29.99
2016,3,6,Cuyama,Cuyama,2,8,,22,9.7,5,14.4,70,49,90,0.25,6.7,30.01
2016,3,7,Cuyama,Cuyama,2,8,,14,6.4,3.3,9.4,80,70,90,1.07,5.6,29.87
2016,3,8,Cuyama,Cuyama,2,9,,22,9.4,4.4,14.4,76,60,91,0,5.6,30.01
2016,3,9,Cuyama,Cuyama,2,3,,13,12.2,2.2,22.2,66,38,93,0,8.3,30.07
2016,3,10,Cuyama,Cuyama,2,2,,12,14.7,4.4,25,60,29,91,0,10,30.05
2016,3,11,Cuyama,Cuyama,2,5,,28,10.6,5.6,15.6,65,40,89,0.56,7.2,29.98
2016,3,12,Cuyama,Cuyama,2,5,,18,8.4,1.7,15,75,53,96,0,5.6,30.16
2016,3,13,Cuyama,Cuyama,2,2,,16,9.7,3.3,16.1,79,63,95,0,8.9,30.16
2016,3,14,Cuyama,Cuyama,2,5,,20,13.1,8.3,17.8,74,52,96,0,11.1,30.13
2016,3,15,Cuyama,Cuyama,2,3,,13,10.3,4.4,16.1,70,51,88,0,6.7,30.05
2016,3,16,Cuyama,Cuyama,2,2,,13,12,2.8,21.1,69,44,93,0,6.7,29.96
2016,3,17,Cuyama,Cuyama,2,2,,12,15.3,3.9,26.7,58,26,90,0,9.4,29.9
2016,3,18,Cuyama,Cuyama,2,2,,9,15.9,5.6,26.1,57,24,90,0,10.6,29.96
2016,3,19,Cuyama,Cuyama,2,1,,13,15.6,5.6,25.6,60,31,88,0,11.1,30.03
2016,3,20,Cuyama,Cuyama,2,2,,14,15,5.6,24.4,60,29,91,0,10,30.09
2016,3,21,Cuyama,Cuyama,2,3,,17,11.4,3.9,18.9,68,43,93,0,8.9,30.13
2016,3,22,Cuyama,Cuyama,2,10,,22,10,4.4,15.6,60,26,94,0,5,30.12
2016,3,23,Cuyama,Cuyama,2,6,,16,10.6,2.8,18.3,59,30,87,0,2.8,30.18
2016,3,24,Cuyama,Cuyama,2,4,,20,11.2,1.7,20.6,57,27,87,0,5,30.11
2016,3,25,Cuyama,Cuyama,2,5,,21,12.8,3.9,21.7,58,29,87,0,7.2,29.93
2016,3,26,Cuyama,Cuyama,2,5,,20,13.1,3.9,22.2,59,27,90,0,7.8,29.9
2016,3,27,Cuyama,Cuyama,2,3,,18,14.2,4.4,23.9,54,28,80,0,8.9,30.02
2016,3,28,Cuyama,Cuyama,2,7,,26,8.4,1.7,15,65,37,92,0,4.4,29.94
2016,3,29,Cuyama,Cuyama,2,4,,17,7,-1.1,15,58,27,88,0,3.3,29.92
2016,3,30,Cuyama,Cuyama,2,4,,17,8.1,-0.6,16.7,59,28,89,0,3.3,29.98
2016,3,31,Cuyama,Cuyama,2,4,,21,11.1,1.1,21.1,54,26,82,0,5,30.08
2016,4,1,Cuyama,Cuyama,2,2,,16,13.6,3.3,23.9,58,30,86,0,7.2,30.12
