Year,Census,Site,Rep,Gradient,Microsite,Nutrient,swc,Phacelia,Plantago,Salvia,Phacelia.biomass,Plantago.biomass,Salvia.biomass,phyto.biomass
2016,end,PanocheHills,1,1,shrub,Added,15.4,9,0,0,3.7231,,,3.7231
2016,end,PanocheHills,1,1,open,Added,25.3,5,2,5,0.4859,0.0276,0.0241,0.5376
2016,end,PanocheHills,2,1,shrub,Ambient,18.6,4,0,5,0.159,,1.055,1.214
2016,end,PanocheHills,2,1,open,Ambient,16.9,1,4,14,,0.0963,0.3596,0.4559
2016,end,PanocheHills,3,1,shrub,Added,16.6,3,0,1,0.3487,,0.0058,0.3545
2016,end,PanocheHills,3,1,open,Added,21.4,4,0,0,0.1777,,0.0438,0.2215
2016,end,PanocheHills,4,1,shrub,Ambient,19.4,3,0,30,0.9661,,0.1449,1.111
2016,end,PanocheHills,4,1,open,Ambient,19,5,0,6,,,0.2608,0.2608
2016,end,PanocheHills,5,1,shrub,Added,12.2,6,0,7,0.3637,,,0.3637
2016,end,PanocheHills,5,1,open,Added,21.5,0,1,13,,,0.6751,0.6751
2016,end,PanocheHills,6,1,shrub,Ambient,18.4,9,0,20,1.1156,,0.0572,1.1728
2016,end,PanocheHills,6,1,open,Ambient,19.4,3,0,7,,,0.3241,0.3241
2016,end,PanocheHills,7,1,shrub,Added,25.2,2,0,0,0.6512,,,0.6512
2016,end,PanocheHills,7,1,open,Added,19.2,0,0,0,,,,0
2016,end,PanocheHills,8,1,shrub,Ambient,18.9,7,8,24,0.435,0.1565,0.4058,0.9973
2016,end,PanocheHills,8,1,open,Ambient,21.8,1,6,16,0.0391,0.282,0.0768,0.3979
2016,end,PanocheHills,9,1,shrub,Added,29,12,0,0,4.0768,,0.1464,4.2232
2016,end,PanocheHills,9,1,open,Added,23.4,5,40,0,0.5129,1.5163,,2.0292
2016,end,PanocheHills,10,1,shrub,Ambient,15.9,9,0,10,3.6459,,0.0832,3.7291
2016,end,PanocheHills,10,1,open,Ambient,17.4,4,0,10,,,0.2581,0.2581
2016,end,PanocheHills,11,1,shrub,Added,13.4,0,0,14,,,1.678,1.678
2016,end,PanocheHills,11,1,open,Added,22,0,1,10,0.0451,,0.3891,0.4342
2016,end,PanocheHills,12,1,shrub,Ambient,16.8,3,0,12,0.1178,,0.2833,0.4011
2016,end,PanocheHills,12,1,open,Ambient,17.8,0,0,0,,,,0
2016,end,PanocheHills,13,1,shrub,Added,21.4,3,0,0,0.5321,,,0.5321
2016,end,PanocheHills,13,1,open,Added,21.4,12,0,0,0.4667,,,0.4667
2016,end,PanocheHills,14,1,shrub,Ambient,21.2,4,5,15,2.2297,,0.0157,2.2454
2016,end,PanocheHills,14,1,open,Ambient,18.5,4,5,15,0.2743,0.1362,0.2904,0.7009
2016,end,PanocheHills,15,1,shrub,Added,14.9,11,0,6,1.2376,,,1.2376
2016,end,PanocheHills,15,1,open,Added,16.2,2,1,10,0.0682,,0.4033,0.4715
2016,end,PanocheHills,16,1,shrub,Ambient,17.5,8,0,0,2.1253,,,2.1253
2016,end,PanocheHills,16,1,open,Ambient,19,3,6,1,,,0.0466,0.0466
2016,end,PanocheHills,17,1,shrub,Added,12.9,0,0,7,,,0.0616,0.0616
2016,end,PanocheHills,17,1,open,Added,13.6,6,5,9,0.533,0.0648,0.0664,0.6642
2016,end,PanocheHills,18,1,shrub,Ambient,19.8,7,0,8,,,0.1918,0.1918
2016,end,PanocheHills,18,1,open,Ambient,18.7,4,1,13,0.555,,0.2126,0.7676
2016,end,PanocheHills,19,1,shrub,Added,14.5,0,0,0,,,,0
2016,end,PanocheHills,19,1,open,Added,17.8,1,1,4,0.0873,,0.3762,0.4635
2016,end,PanocheHills,20,1,shrub,Ambient,15.1,20,0,24,9.8499,,0.562,10.4119
2016,end,PanocheHills,20,1,open,Ambient,24.4,0,9,24,,0.1049,0.521,0.6259
2016,end,PanocheHills,21,1,shrub,Added,15.8,8,0,8,2.0692,,0.1682,2.2374
2016,end,PanocheHills,21,1,open,Added,20.7,0,2,6,,0.0997,0.3919,0.4916
2016,end,PanocheHills,22,1,shrub,Ambient,14.4,8,0,8,1.597,,0.0812,1.6782
2016,end,PanocheHills,22,1,open,Ambient,20.2,2,3,4,0.0426,0.0597,0.0127,0.115
2016,end,PanocheHills,23,1,shrub,Added,15.8,3,0,9,0.8097,,1.7065,2.5162
2016,end,PanocheHills,23,1,open,Added,18.5,0,0,0,,,,0
2016,end,PanocheHills,24,1,shrub,Ambient,20.9,2,0,21,0.6704,,0.372,1.0424
2016,end,PanocheHills,24,1,open,Ambient,22.4,20,4,17,0.7517,0.0678,0.7796,1.5991
2016,end,PanocheHills,25,1,shrub,Added,22.7,8,0,8,0.6181,,0.0486,0.6667
2016,end,PanocheHills,25,1,open,Added,25,0,0,23,,,1.2589,1.2589
2016,end,PanocheHills,26,1,shrub,Ambient,19.6,1,0,1,0.3102,,,0.3102
2016,end,PanocheHills,26,1,open,Ambient,18.8,0,1,1,,,0.0281,0.0281
2016,end,PanocheHills,27,1,shrub,Added,20.5,5,0,19,0.3842,,0.2207,0.6049
2016,end,PanocheHills,27,1,open,Added,18.2,0,2,13,,,0.1016,0.1016
2016,end,PanocheHills,28,1,shrub,Ambient,18,4,0,1,0.4501,,0.0019,0.4523
2016,end,PanocheHills,28,1,open,Ambient,16,0,6,5,,0.176,0.0502,0.2262
2016,end,PanocheHills,29,1,shrub,Added,14.5,5,0,6,2.3958,,0.0646,2.4604
2016,end,PanocheHills,29,1,open,Added,17.7,0,6,3,,0.3637,0.0451,0.4088
2016,end,PanocheHills,30,1,shrub,Ambient,17.6,1,0,8,0.0259,,0.1077,0.1336
2016,end,PanocheHills,30,1,open,Ambient,19,2,15,33,0.0802,0.6216,0.9957,1.6975
2016,end,Cuyama,1,2,shrub,Added,2.6,2,0,2,0.5964,,,0.5964
2016,end,Cuyama,1,2,open,Added,0,1,0,2,0.1904,,0.4603,0.6507
2016,end,Cuyama,2,2,shrub,Ambient,0,0,0,0,,,,0
2016,end,Cuyama,2,2,open,Ambient,0,1,6,5,1.3251,0.0663,0.0365,1.4279
2016,end,Cuyama,3,2,shrub,Added,1.4,0,0,3,,,0.6987,0.6987
2016,end,Cuyama,3,2,open,Added,1,0,0,0,,,,0
2016,end,Cuyama,4,2,shrub,Ambient,7.3,2,0,1,0.2003,,,0.2003
2016,end,Cuyama,4,2,open,Ambient,0,0,0,0,,,,0
2016,end,Cuyama,5,2,shrub,Added,4.6,2,0,4,0.5891,,0.0821,0.6712
2016,end,Cuyama,5,2,open,Added,0,1,0,3,0.2544,,0.2552,0.5096
2016,end,Cuyama,6,2,shrub,Ambient,3.5,8,0,4,0.3842,,0.1106,0.4948
2016,end,Cuyama,6,2,open,Ambient,0,0,0,3,,,1.0076,1.0076
2016,end,Cuyama,7,2,shrub,Added,3.1,0,0,5,,,0.4782,0.4782
2016,end,Cuyama,7,2,open,Added,0,2,0,2,4.2893,,0.1794,4.4687
2016,end,Cuyama,8,2,shrub,Ambient,1.9,0,0,5,,,1.9523,1.9523
2016,end,Cuyama,8,2,open,Ambient,4,0,0,2,,,0.9852,0.9852
2016,end,Cuyama,9,2,shrub,Added,0.3,0,0,0,,,,0
2016,end,Cuyama,9,2,open,Added,0,1,0,5,0.2139,,,0.2139
2016,end,Cuyama,10,2,shrub,Ambient,6.6,3,0,5,0.2966,,0.1229,0.4195
2016,end,Cuyama,10,2,open,Ambient,4.4,1,0,0,0.3251,,,0.3251
2016,end,Cuyama,11,2,shrub,Added,6.4,1,0,3,0.0228,,,0.0228
2016,end,Cuyama,11,2,open,Added,0.2,0,0,0,,,,0
2016,end,Cuyama,12,2,shrub,Ambient,0.6,0,0,9,,,0.1722,0.1722
2016,end,Cuyama,12,2,open,Ambient,1.1,0,0,4,,,0.1011,0.1011
2016,end,Cuyama,13,2,shrub,Added,0.2,0,0,7,,,0.2315,0.2315
2016,end,Cuyama,13,2,open,Added,1.3,1,0,5,0.1141,,,0.1141
2016,end,Cuyama,14,2,shrub,Ambient,1.8,0,0,0,,,,0
2016,end,Cuyama,14,2,open,Ambient,1.4,0,0,0,,,,0
2016,end,Cuyama,15,2,shrub,Added,5.2,0,0,5,,,0.6542,0.6542
2016,end,Cuyama,15,2,open,Added,0.4,0,0,0,,,,0
2016,end,Cuyama,16,2,shrub,Ambient,1.8,4,0,9,1.297,,0.2592,1.5562
2016,end,Cuyama,16,2,open,Ambient,1,0,0,0,,,,0
2016,end,Cuyama,17,2,shrub,Added,3.4,0,0,7,,,0.1249,0.1249
2016,end,Cuyama,17,2,open,Added,0.7,1,0,1,0.2659,,0.0645,0.3304
2016,end,Cuyama,18,2,shrub,Ambient,4.2,1,1,7,0.4336,0.0267,0.276,0.7363
2016,end,Cuyama,18,2,open,Ambient,0.6,0,0,8,,,1.221,1.221
2016,end,Cuyama,19,2,shrub,Added,0.6,1,0,2,3.4883,,0.0647,3.553
2016,end,Cuyama,19,2,open,Added,0,1,0,0,2.0215,,,2.0215
2016,end,Cuyama,20,2,shrub,Ambient,5.6,1,0,8,0.5092,,1.678,2.1872
2016,end,Cuyama,20,2,open,Ambient,0,0,0,0,,,,0
2016,end,Cuyama,21,2,shrub,Added,3.9,1,0,4,,,0.1435,0.1435
2016,end,Cuyama,21,2,open,Added,0,0,,2,,,0.095,0.095
2016,end,Cuyama,22,2,shrub,Ambient,0,1,0,15,0.0121,,1.2017,1.2138
2016,end,Cuyama,22,2,open,Ambient,3.8,0,0,10,,,0.4521,0.4521
2016,end,Cuyama,23,2,shrub,Added,1.8,0,0,0,,,,0
2016,end,Cuyama,23,2,open,Added,0,2,0,8,0.5921,,,0.5921
2016,end,Cuyama,24,2,shrub,Ambient,2.9,0,0,12,,,3.2152,3.2152
2016,end,Cuyama,24,2,open,Ambient,1.2,1,0,5,1.214,,,1.214
2016,end,Cuyama,25,2,shrub,Added,2.8,0,0,0,,,,0
2016,end,Cuyama,25,2,open,Added,0,0,0,11,,,0.4364,0.4364
2016,end,Cuyama,26,2,shrub,Ambient,1.3,5,0,3,0.334,,0.8581,1.1921
2016,end,Cuyama,26,2,open,Ambient,0.8,0,0,2,,,,0.5977
2016,end,Cuyama,27,2,shrub,Added,2.2,3,0,8,1.40727,,0.3303,1.73757
2016,end,Cuyama,27,2,open,Added,3.2,7,1,3,1.7583,,,1.7583
2016,end,Cuyama,28,2,shrub,Ambient,0.1,2,0,10,0.4084,,,0.4084
2016,end,Cuyama,28,2,open,Ambient,0,1,0,2,0.0177,,0.3344,0.3521
2016,end,Cuyama,29,2,shrub,Added,3.6,1,0,4,0.3509,,0.4779,0.8288
2016,end,Cuyama,29,2,open,Added,4.2,2,0,1,0.2142,,,0.2142
2016,end,Cuyama,30,2,shrub,Ambient,0.7,0,0,0,,,,0
2016,end,Cuyama,30,2,open,Ambient,0.9,0,0,0,,,,0
2016,end,Barstow,1,4,shrub,Added,3.2,0,0,0,,,,0
2016,end,Barstow,1,4,open,Added,4,0,0,0,,,,0
2016,end,Barstow,2,4,shrub,Ambient,3.1,0,0,0,,,,0
2016,end,Barstow,2,4,open,Ambient,5,0,0,0,,0.0455,,0.0455
2016,end,Barstow,3,4,shrub,Added,1.9,0,0,0,,,,0
2016,end,Barstow,3,4,open,Added,2.6,0,0,1,,0.0378,,0.0378
2016,end,Barstow,4,4,shrub,Ambient,2.7,0,0,0,,0.023,0.0159,0.0389
2016,end,Barstow,4,4,open,Ambient,2.2,3,0,1,0.0232,,0.0421,0.0653
2016,end,Barstow,5,4,shrub,Added,2.8,0,1,1,,0.0127,0.2017,0.2145
2016,end,Barstow,5,4,open,Added,4.7,0,0,0,0.0188,0.0554,,0.0742
2016,end,Barstow,6,4,shrub,Ambient,3.8,0,0,0,,,,0
2016,end,Barstow,6,4,open,Ambient,3.4,0,1,5,,0.0039,0.0324,0.0363
2016,end,Barstow,7,4,shrub,Added,2.9,0,0,0,,,,0
2016,end,Barstow,7,4,open,Added,3.1,0,0,0,,,,0
2016,end,Barstow,8,4,shrub,Ambient,0,0,0,0,0.0204,,,0.0204
2016,end,Barstow,8,4,open,Ambient,3.2,0,0,0,,,,0
2016,end,Barstow,9,4,shrub,Added,3.6,0,0,3,,,0.07596,0.07596
2016,end,Barstow,9,4,open,Added,4,0,0,0,,,,0
2016,end,Barstow,10,4,shrub,Ambient,1.5,0,0,0,,,,0
2016,end,Barstow,10,4,open,Ambient,5.6,0,0,0,,,,0
2016,end,Barstow,11,4,shrub,Added,1.4,0,0,0,,,,0
2016,end,Barstow,11,4,open,Added,3.4,0,0,0,,,,0
2016,end,Barstow,12,4,shrub,Ambient,3.2,0,0,0,,,,0
2016,end,Barstow,12,4,open,Ambient,3,0,0,0,,,,0
2016,end,Barstow,13,4,shrub,Added,4.4,0,0,0,0.0195,0.0259,,0.0454
2016,end,Barstow,13,4,open,Added,4,0,0,0,0.0087,,,0.0087
2016,end,Barstow,14,4,shrub,Ambient,4.2,0,0,3,,,0.0562,0.0562
2016,end,Barstow,14,4,open,Ambient,4.9,0,1,1,,0.0057,0.0164,0.0221
2016,end,Barstow,15,4,shrub,Added,3.8,0,0,0,,,,0
2016,end,Barstow,15,4,open,Added,3.9,0,0,0,0.0108,,,0.0108
2016,end,Barstow,16,4,shrub,Ambient,3,0,0,0,,,,0
2016,end,Barstow,16,4,open,Ambient,3.8,1,0,0,0.0541,,,0.0541
2016,end,Barstow,17,4,shrub,Added,0.6,0,0,0,0.0125,0.0061,,0.0186
2016,end,Barstow,17,4,open,Added,4.2,0,0,0,,,,0
2016,end,Barstow,18,4,shrub,Ambient,4.2,1,1,0,0.0594,0.0147,,0.0741
2016,end,Barstow,18,4,open,Ambient,5,0,0,0,,,,0
2016,end,Barstow,19,4,shrub,Added,4,0,0,0,,,,0
2016,end,Barstow,19,4,open,Added,3,0,0,0,,,,0
2016,end,Barstow,20,4,shrub,Ambient,5.2,0,0,0,0.0113,,,0.0113
2016,end,Barstow,20,4,open,Ambient,5.2,0,0,0,,,,0
2016,end,Barstow,21,4,shrub,Added,4.2,1,0,0,,0.0083,,0.0083
2016,end,Barstow,21,4,open,Added,3.2,0,0,0,,,,0
2016,end,Barstow,22,4,shrub,Ambient,2.2,0,1,0,,0.0381,,0.0381
2016,end,Barstow,22,4,open,Ambient,3.1,0,0,0,,,,0
2016,end,Barstow,23,4,shrub,Added,1.2,0,0,0,,,,0
2016,end,Barstow,23,4,open,Added,4.4,0,0,0,,,,0
2016,end,Barstow,24,4,shrub,Ambient,5.6,0,0,0,,0.0054,0.0057,0.0111
2016,end,Barstow,24,4,open,Ambient,6.4,0,0,0,,0.0035,,0.0035
2016,end,Barstow,25,4,shrub,Added,2.5,0,1,1,,0.0094,,0.0094
2016,end,Barstow,25,4,open,Added,4.2,0,1,1,,0.0034,0.0401,0.0435
2016,end,Barstow,26,4,shrub,Ambient,4.8,0,1,1,,0.0087,0.0127,0.0214
2016,end,Barstow,26,4,open,Ambient,3.8,0,0,0,,,,0
2016,end,Barstow,27,4,shrub,Added,3.4,0,0,0,,0.0168,,0.0168
2016,end,Barstow,27,4,open,Added,5.1,0,0,0,,0.0099,,0.0099
2016,end,Barstow,28,4,shrub,Ambient,4.4,0,1,0,,0.0067,,0.0067
2016,end,Barstow,28,4,open,Ambient,5,0,1,0,,0.0152,,0.0152
2016,end,Barstow,29,4,shrub,Added,3.9,0,0,0,,,,0
2016,end,Barstow,29,4,open,Added,5.4,0,0,0,,,,0
2016,end,Barstow,30,4,shrub,Ambient,3.4,0,0,0,,,,0
2016,end,Barstow,30,4,open,Ambient,3.2,0,0,0,,,,0
2016,end,HeartofMojave,1,5,shrub,Added,1.8,4,0,0,0.258,,,0.258
2016,end,HeartofMojave,1,5,open,Added,4.2,1,3,1,0.0186,0.0491,0.021,0.0887
2016,end,HeartofMojave,2,5,shrub,Ambient,3.3,1,0,0,0.0324,,,0.0324
2016,end,HeartofMojave,2,5,open,Ambient,3.4,0,0,0,,,,0
2016,end,HeartofMojave,3,5,shrub,Added,2.2,0,0,4,,0.0684,,0.0684
2016,end,HeartofMojave,3,5,open,Added,3.7,0,0,0,,,0.3952,0.3952
2016,end,HeartofMojave,4,5,shrub,Ambient,2.5,1,0,0,0.0689,,,0.0689
2016,end,HeartofMojave,4,5,open,Ambient,3.6,0,0,0,,,,0
2016,end,HeartofMojave,5,5,shrub,Added,1.4,0,0,0,0.1352,,,0.1352
2016,end,HeartofMojave,5,5,open,Added,3.6,0,0,0,,,,0
2016,end,HeartofMojave,6,5,shrub,Ambient,3.3,2,2,1,0.121,0.0179,,0.1389
2016,end,HeartofMojave,6,5,open,Ambient,3.3,0,0,0,,,,0
2016,end,HeartofMojave,7,5,shrub,Added,3,1,0,0,0.4194,,,0.4194
2016,end,HeartofMojave,7,5,open,Added,2.8,1,0,2,0.096,,,0.096
2016,end,HeartofMojave,8,5,shrub,Ambient,2.8,0,0,0,,,,0
2016,end,HeartofMojave,8,5,open,Ambient,1.7,6,0,0,,,0.0544,0.0544
2016,end,HeartofMojave,9,5,shrub,Added,2.1,0,0,0,,,,0
2016,end,HeartofMojave,9,5,open,Added,3,1,1,0,0.0025,0.0099,,0.0124
2016,end,HeartofMojave,10,5,shrub,Ambient,3,2,1,0,0.0092,0.0084,,0.0176
2016,end,HeartofMojave,10,5,open,Ambient,2.9,5,0,0,0.0142,,,0.0142
2016,end,HeartofMojave,11,5,shrub,Added,2.2,3,0,0,0.4948,,,0.4948
2016,end,HeartofMojave,11,5,open,Added,2.6,4,1,7,0.2304,,0.098,0.3284
2016,end,HeartofMojave,12,5,shrub,Ambient,3,5,2,0,0.0811,0.0174,,0.0985
2016,end,HeartofMojave,12,5,open,Ambient,3.6,3,2,0,0.5178,0.0254,,0.5432
2016,end,HeartofMojave,13,5,shrub,Added,3.6,2,0,0,0.1256,,,0.1256
2016,end,HeartofMojave,13,5,open,Added,4,3,0,6,0.1469,,0.1194,0.2663
2016,end,HeartofMojave,14,5,shrub,Ambient,3.5,4,1,0,0.0691,,,0.0691
2016,end,HeartofMojave,14,5,open,Ambient,3.9,0,4,0,,0.0034,,0.0034
2016,end,HeartofMojave,15,5,shrub,Added,2.4,0,0,0,,,,0
2016,end,HeartofMojave,15,5,open,Added,3,3,2,1,0.0467,0.02923,,0.07593
2016,end,HeartofMojave,16,5,shrub,Ambient,2.4,0,0,0,,,,0
2016,end,HeartofMojave,16,5,open,Ambient,2.6,0,0,0,,,,0
2016,end,HeartofMojave,17,5,shrub,Added,2.4,1,1,0,0.0273,0.0458,,0.0731
2016,end,HeartofMojave,17,5,open,Added,2.6,0,0,0,,,,0
2016,end,HeartofMojave,18,5,shrub,Ambient,2.7,2,0,0,0.5902,,,0.5902
2016,end,HeartofMojave,18,5,open,Ambient,3,4,0,0,0.0496,,,0.0496
2016,end,HeartofMojave,19,5,shrub,Added,2.9,1,1,0,0.096,,,0.096
2016,end,HeartofMojave,19,5,open,Added,2.4,5,3,5,0.515,0.0846,0.0573,0.6569
2016,end,HeartofMojave,20,5,shrub,Ambient,1.8,1,0,0,0.0124,,,0.0124
2016,end,HeartofMojave,20,5,open,Ambient,1.8,0,0,0,,,,0
2016,end,HeartofMojave,21,5,shrub,Added,3,0,0,0,0.0287,,,0.0287
2016,end,HeartofMojave,21,5,open,Added,2,1,0,0,0.1389,,,0.1389
2016,end,HeartofMojave,22,5,shrub,Ambient,2.2,6,1,0,0.2847,,,0.2847
2016,end,HeartofMojave,22,5,open,Ambient,3,4,0,0,0.1324,,,0.1324
2016,end,HeartofMojave,23,5,shrub,Added,3.2,8,1,3,1.0634,,0.027,1.0904
2016,end,HeartofMojave,23,5,open,Added,2.9,0,2,0,,0.028,,0.028
2016,end,HeartofMojave,24,5,shrub,Ambient,3.9,0,0,0,,,,0
2016,end,HeartofMojave,24,5,open,Ambient,3,0,0,0,,,,0
2016,end,HeartofMojave,25,5,shrub,Added,1.6,4,3,1,0.1642,0.0457,,0.2099
2016,end,HeartofMojave,25,5,open,Added,4.6,8,3,6,0.6708,0.1089,0.1245,0.9042
2016,end,HeartofMojave,26,5,shrub,Ambient,2.9,1,2,0,0.2735,0.1241,,0.3976
2016,end,HeartofMojave,26,5,open,Ambient,2.3,1,3,0,0.2544,0.1987,,0.4531
2016,end,HeartofMojave,27,5,shrub,Added,1.2,2,0,1,0.15,,,0.15
2016,end,HeartofMojave,27,5,open,Added,2.8,0,0,0,,,,0
2016,end,HeartofMojave,28,5,shrub,Ambient,2.3,0,1,0,0.2211,0.0391,,0.2602
2016,end,HeartofMojave,28,5,open,Ambient,1.7,0,0,0,,,,0
2016,end,HeartofMojave,29,5,shrub,Added,2,2,0,3,0.0641,,0.096,0.1601
2016,end,HeartofMojave,29,5,open,Added,2.6,0,0,0,,,,0
2016,end,HeartofMojave,30,5,shrub,Ambient,2.7,9,3,4,0.0557,0.1425,0.0622,0.2604
2016,end,HeartofMojave,30,5,open,Ambient,2.2,1,1,0,0.0143,0.0044,,0.0187
2016,end,SheepholeValley,1,6,shrub,Added,2.7,3,0,0,0.1103,,,0.1103
2016,end,SheepholeValley,1,6,open,Added,3.2,0,0,0,,,,0
2016,end,SheepholeValley,2,6,shrub,Ambient,2.1,0,0,0,,,,0
2016,end,SheepholeValley,2,6,open,Ambient,2.6,0,1,0,,0.0124,,0.0124
2016,end,SheepholeValley,3,6,shrub,Added,2.8,0,0,0,,,,0
2016,end,SheepholeValley,3,6,open,Added,2.1,3,0,0,0.0418,,,0.0418
2016,end,SheepholeValley,4,6,shrub,Ambient,1.1,1,0,0,0.0164,,,0.0164
2016,end,SheepholeValley,4,6,open,Ambient,2.6,1,1,0,0.0316,,,0.0316
2016,end,SheepholeValley,5,6,shrub,Added,2.4,0,0,0,,,,0
2016,end,SheepholeValley,5,6,open,Added,2,0,0,0,,,,0
2016,end,SheepholeValley,6,6,shrub,Ambient,2.4,1,0,2,0.0951,,,0.0951
2016,end,SheepholeValley,6,6,open,Ambient,2.4,0,0,0,,,,0
2016,end,SheepholeValley,7,6,shrub,Added,1.3,0,0,0,,,,0
2016,end,SheepholeValley,7,6,open,Added,2.4,0,0,0,,,,0
2016,end,SheepholeValley,8,6,shrub,Ambient,2.2,0,0,0,,,,0
2016,end,SheepholeValley,8,6,open,Ambient,2.1,0,0,0,,,,0
2016,end,SheepholeValley,9,6,shrub,Added,2.2,0,0,0,,,,0
2016,end,SheepholeValley,9,6,open,Added,2.1,0,0,0,,,,0
2016,end,SheepholeValley,10,6,shrub,Ambient,2.6,0,0,0,,,,0
2016,end,SheepholeValley,10,6,open,Ambient,2.6,0,0,0,,,,0
2016,end,SheepholeValley,11,6,shrub,Added,2.8,0,0,0,,,,0
2016,end,SheepholeValley,11,6,open,Added,3.8,0,0,0,,,,0
2016,end,SheepholeValley,12,6,shrub,Ambient,1.8,0,0,0,,,,0
2016,end,SheepholeValley,12,6,open,Ambient,1.7,0,0,0,,,,0
2016,end,SheepholeValley,13,6,shrub,Added,1.9,0,0,0,,,,0
2016,end,SheepholeValley,13,6,open,Added,3,0,0,0,,,,0
2016,end,SheepholeValley,14,6,shrub,Ambient,2.4,0,0,0,,,,0
2016,end,SheepholeValley,14,6,open,Ambient,2.1,0,0,0,,,,0
2016,end,SheepholeValley,15,6,shrub,Added,1.5,0,0,0,,,,0
2016,end,SheepholeValley,15,6,open,Added,3.6,0,0,0,,,,0
2016,end,SheepholeValley,16,6,shrub,Ambient,3.4,0,0,0,,,,0
2016,end,SheepholeValley,16,6,open,Ambient,2,0,0,0,,,,0
2016,end,SheepholeValley,17,6,shrub,Added,1.8,0,0,0,,,,0
2016,end,SheepholeValley,17,6,open,Added,2.6,0,0,0,,,,0
2016,end,SheepholeValley,18,6,shrub,Ambient,2.3,0,0,1,,,0.0444,0.0444
2016,end,SheepholeValley,18,6,open,Ambient,2.8,0,0,0,,,,0
2016,end,SheepholeValley,19,6,shrub,Added,2.9,0,0,0,,,,0
2016,end,SheepholeValley,19,6,open,Added,2.7,0,0,0,,,,0
2016,end,SheepholeValley,20,6,shrub,Ambient,2.5,7,0,0,0.119,,,0.119
2016,end,SheepholeValley,20,6,open,Ambient,2.6,0,2,1,,0.0912,0.0074,0.0986
2016,end,SheepholeValley,21,6,shrub,Added,2,0,0,0,,,,0
2016,end,SheepholeValley,21,6,open,Added,2.4,0,0,0,,,,0
2016,end,SheepholeValley,22,6,shrub,Ambient,1.6,0,0,1,,,0.0326,0.0326
2016,end,SheepholeValley,22,6,open,Ambient,2.6,0,0,1,0.0542,,,0.0542
2016,end,SheepholeValley,23,6,shrub,Added,2,0,0,0,,,,0
2016,end,SheepholeValley,23,6,open,Added,2,0,0,0,,,,0
2016,end,SheepholeValley,24,6,shrub,Ambient,2.4,0,3,1,,0.0128,,0.0128
2016,end,SheepholeValley,24,6,open,Ambient,2.2,0,2,0,,0.0037,,0.0037
2016,end,SheepholeValley,25,6,shrub,Added,2,0,0,0,,,,0
2016,end,SheepholeValley,25,6,open,Added,2.4,0,0,0,,,,0
2016,end,SheepholeValley,26,6,shrub,Ambient,3.2,0,0,0,,,,0
2016,end,SheepholeValley,26,6,open,Ambient,2.9,0,0,0,,,,0
2016,end,SheepholeValley,27,6,shrub,Added,1.6,0,0,0,,,,0
2016,end,SheepholeValley,27,6,open,Added,2.3,0,0,0,,,,0
2016,end,SheepholeValley,28,6,shrub,Ambient,2.4,0,0,0,,,,0
2016,end,SheepholeValley,28,6,open,Ambient,2.9,0,0,0,,,,0
2016,end,SheepholeValley,29,6,shrub,Added,2.4,0,0,0,,,,0
2016,end,SheepholeValley,29,6,open,Added,3.4,0,0,0,,,,0
2016,end,SheepholeValley,30,6,shrub,Ambient,1.9,0,0,0,,,,0
2016,end,SheepholeValley,30,6,open,Ambient,1.8,0,0,0,,,,0
2016,end,Tecopa,1,7,shrub,Added,3.4,0,2,0,,0.0125,,0.0125
2016,end,Tecopa,1,7,open,Added,3.8,3,1,0,0.0119,0.0025,,0.0143
2016,end,Tecopa,2,7,shrub,Ambient,3.8,2,5,5,0.0246,0.0201,0.0173,0.062
2016,end,Tecopa,2,7,open,Ambient,3.7,0,0,3,,,0.1782,0.1782
2016,end,Tecopa,3,7,shrub,Added,4.8,0,0,0,,,,0
2016,end,Tecopa,3,7,open,Added,3.6,,2,1,,0.0377,0.0189,0.0566
2016,end,Tecopa,4,7,shrub,Ambient,3.8,1,1,5,0.0564,,0.041,0.0974
2016,end,Tecopa,4,7,open,Ambient,0.7,0,0,0,,,,0
2016,end,Tecopa,5,7,shrub,Added,5,3,2,4,0.0892,0.0063,,0.0955
2016,end,Tecopa,5,7,open,Added,4,4,0,4,,,0.0204,0.0204
2016,end,Tecopa,6,7,shrub,Ambient,3.3,5,0,4,0.0556,,0.0013,0.0569
2016,end,Tecopa,6,7,open,Ambient,3.7,0,0,2,,,0.0274,0.0274
2016,end,Tecopa,7,7,shrub,Added,3.8,0,1,1,,0.0437,0.0128,0.0565
2016,end,Tecopa,7,7,open,Added,4.4,0,0,0,,,,0
2016,end,Tecopa,8,7,shrub,Ambient,3,0,1,2,,0.0173,,0.0173
2016,end,Tecopa,8,7,open,Ambient,2.5,0,1,0,,0.0065,,0.0065
2016,end,Tecopa,9,7,shrub,Added,3.6,0,1,0,,0.0088,,0.0088
2016,end,Tecopa,9,7,open,Added,3.2,0,0,1,,,0.016,0.016
2016,end,Tecopa,10,7,shrub,Ambient,2.5,2,0,8,,,0.0815,0.0815
2016,end,Tecopa,10,7,open,Ambient,4.6,1,0,2,0.0119,,,0.0119
2016,end,Tecopa,11,7,shrub,Added,3.6,1,2,0,,0.0334,0.0228,0.0562
2016,end,Tecopa,11,7,open,Added,3.6,0,0,0,,,,0
2016,end,Tecopa,12,7,shrub,Ambient,2.8,0,0,3,,,0.0478,0.0478
2016,end,Tecopa,12,7,open,Ambient,2.7,0,0,2,,,0.0237,0.0237
2016,end,Tecopa,13,7,shrub,Added,3.2,0,0,0,,,,0
2016,end,Tecopa,13,7,open,Added,3.6,0,0,0,,,,0
2016,end,Tecopa,14,7,shrub,Ambient,3.6,0,0,0,,,,0
2016,end,Tecopa,14,7,open,Ambient,3.2,1,0,5,,,0.0486,0.0486
2016,end,Tecopa,15,7,shrub,Added,3,0,0,0,,,,0
2016,end,Tecopa,15,7,open,Added,3.2,0,2,0,,0.0136,,0.0136
2016,end,Tecopa,16,7,shrub,Ambient,4,0,0,4,,,0.0958,0.0958
2016,end,Tecopa,16,7,open,Ambient,3.6,0,0,0,,,,0
2016,end,Tecopa,17,7,shrub,Added,3,0,0,0,,,,0
2016,end,Tecopa,17,7,open,Added,4,0,0,1,,,0.0067,0.0067
2016,end,Tecopa,18,7,shrub,Ambient,3.2,0,1,0,,0.0055,,0.0055
2016,end,Tecopa,18,7,open,Ambient,2.4,1,1,3,,,0.0663,0.0663
2016,end,Tecopa,19,7,shrub,Added,3.7,0,0,0,0.7025,0.2072,,0.9097
2016,end,Tecopa,19,7,open,Added,3,0,0,1,,,0.0298,0.0298
2016,end,Tecopa,20,7,shrub,Ambient,3.4,0,2,4,,0.0087,0.0227,0.0314
2016,end,Tecopa,20,7,open,Ambient,3,0,2,15,,,0.1859,0.1859
2016,end,Tecopa,21,7,shrub,Added,2.2,1,0,10,0.0089,,0.0457,0.0546
2016,end,Tecopa,21,7,open,Added,3.6,0,2,3,,0.0114,0.021,0.0324
2016,end,Tecopa,22,7,shrub,Ambient,3.1,1,6,6,0.057,,0.0119,0.0689
2016,end,Tecopa,22,7,open,Ambient,2.4,0,0,2,,,0.045,0.045
2016,end,Tecopa,23,7,shrub,Added,2.9,0,0,0,,,,0
2016,end,Tecopa,23,7,open,Added,3.4,0,2,,,0.0214,,0.0214
2016,end,Tecopa,24,7,shrub,Ambient,2.7,0,1,0,,0.0342,,0.0342
2016,end,Tecopa,24,7,open,Ambient,3,0,0,5,,,0.0147,0.0147
2016,end,Tecopa,25,7,shrub,Added,2.9,0,0,0,,,,0
2016,end,Tecopa,25,7,open,Added,3.4,0,0,0,,,,0
2016,end,Tecopa,26,7,shrub,Ambient,2.4,1,0,5,0.0263,,0.0961,0.1224
2016,end,Tecopa,26,7,open,Ambient,2.9,0,0,0,,,,0
2016,end,Tecopa,27,7,shrub,Added,3.2,0,0,0,,,,0
2016,end,Tecopa,27,7,open,Added,2.4,0,0,0,,,,0
2016,end,Tecopa,28,7,shrub,Ambient,3.3,0,0,2,,,0.0069,0.0069
2016,end,Tecopa,28,7,open,Ambient,3,0,0,0,,,,0
2016,end,Tecopa,29,7,shrub,Added,3.3,0,0,0,,,,0
2016,end,Tecopa,29,7,open,Added,3,0,0,0,,,,0
2016,end,Tecopa,30,7,shrub,Ambient,3.1,0,0,0,,,,0
2016,end,Tecopa,30,7,open,Ambient,2.8,0,0,0,,,,0
2016,end,TejonRanch,1,3,shrub,Added,0,0,0,1,,,0.0062,0.0062
2016,end,TejonRanch,1,3,open,Added,0,0,0,0,,,,0
2016,end,TejonRanch,2,3,shrub,Ambient,0,0,1,1,,0.0069,0.0355,0.0424
2016,end,TejonRanch,2,3,open,Ambient,0,0,0,2,,,0.0177,0.0177
2016,end,TejonRanch,3,3,shrub,Added,0,0,0,4,,,0.2326,0.2326
2016,end,TejonRanch,3,3,open,Added,0,0,0,0,,,,0
2016,end,TejonRanch,4,3,shrub,Ambient,0,0,0,0,,,,0
2016,end,TejonRanch,4,3,open,Ambient,0,0,0,0,,,,0
2016,end,TejonRanch,5,3,shrub,Added,0,0,0,7,,,1.2169,1.2169
2016,end,TejonRanch,5,3,open,Added,0,2,0,2,,,0.1092,0.1092
2016,end,TejonRanch,6,3,shrub,Ambient,0,0,0,5,,,0.0896,0.0896
2016,end,TejonRanch,6,3,open,Ambient,0,0,0,0,,,,0
2016,end,TejonRanch,7,3,shrub,Added,0,0,0,0,,,,0
2016,end,TejonRanch,7,3,open,Added,0,0,0,0,,,,0
2016,end,TejonRanch,8,3,shrub,Ambient,0,0,0,4,,,0.1385,0.1385
2016,end,TejonRanch,8,3,open,Ambient,0,0,0,0,,,,0
2016,end,TejonRanch,9,3,shrub,Added,0,1,0,4,0.0503,,0.334,0.3843
2016,end,TejonRanch,9,3,open,Added,0,0,0,1,,,1.3313,1.3313
2016,end,TejonRanch,10,3,shrub,Ambient,0,0,0,2,,,0.6993,0.6993
2016,end,TejonRanch,10,3,open,Ambient,0,0,0,2,,,0.1069,0.1069
2016,end,TejonRanch,11,3,shrub,Added,0,0,0,1,,,0.1494,0.1494
2016,end,TejonRanch,11,3,open,Added,0,0,0,2,,,0.446,0.446
2016,end,TejonRanch,12,3,shrub,Ambient,0,0,0,0,,,,0
2016,end,TejonRanch,12,3,open,Ambient,0,0,0,1,,,0.1521,0.1521
2016,end,TejonRanch,13,3,shrub,Added,0,0,0,1,,,0.2173,0.2173
2016,end,TejonRanch,13,3,open,Added,0,0,0,11,,,5.0101,5.0101
2016,end,TejonRanch,14,3,shrub,Ambient,0,0,0,5,,,0.2699,0.2699
2016,end,TejonRanch,14,3,open,Ambient,0,0,0,4,,,0.5737,0.5737
2016,end,TejonRanch,15,3,shrub,Added,0,0,0,1,,,0.096,0.096
2016,end,TejonRanch,15,3,open,Added,0,0,0,0,,,,0
2016,end,TejonRanch,16,3,shrub,Ambient,0,0,0,4,,,0.184,0.184
2016,end,TejonRanch,16,3,open,Ambient,0,0,0,1,,,0.1875,0.1875
2016,end,TejonRanch,17,3,shrub,Added,0,1,0,4,0.6932,,0.1186,0.8118
2016,end,TejonRanch,17,3,open,Added,0,0,0,1,,,0.0668,0.0668
2016,end,TejonRanch,18,3,shrub,Ambient,0,0,0,0,,,,0
2016,end,TejonRanch,18,3,open,Ambient,0,0,0,3,,,0.0896,0.0896
2016,end,TejonRanch,19,3,shrub,Added,0,0,0,2,,,0.566,0.566
2016,end,TejonRanch,19,3,open,Added,0,0,0,1,,,0.1255,0.1255
2016,end,TejonRanch,20,3,shrub,Ambient,0,0,2,3,,0.0492,0.4603,0.5095
2016,end,TejonRanch,20,3,open,Ambient,0,0,0,0,,,,0
2016,end,TejonRanch,21,3,shrub,Added,0,0,0,0,,,,0
2016,end,TejonRanch,21,3,open,Added,0,0,0,3,,,0.4768,0.4768
2016,end,TejonRanch,22,3,shrub,Ambient,0,0,1,3,,0.0135,0.1652,0.1787
2016,end,TejonRanch,22,3,open,Ambient,0,0,2,2,,0.0353,0.1654,0.1967
2016,end,TejonRanch,23,3,shrub,Added,0,0,0,0,,,,0
2016,end,TejonRanch,23,3,open,Added,0,0,0,0,,,,0
2016,end,TejonRanch,24,3,shrub,Ambient,0,0,0,2,,,0.0399,0.0399
2016,end,TejonRanch,24,3,open,Ambient,0,1,0,2,0.0202,,0.2364,0.2566
2016,end,TejonRanch,25,3,shrub,Added,0,0,0,2,,,0.6121,0.6121
2016,end,TejonRanch,25,3,open,Added,0,0,0,0,,,,0
2016,end,TejonRanch,26,3,shrub,Ambient,0,0,0,1,,,0.0677,0.0677
2016,end,TejonRanch,26,3,open,Ambient,0,0,1,3,,0.0669,0.1224,0.1893
2016,end,TejonRanch,27,3,shrub,Added,0,0,0,1,,,0.0654,0.0654
2016,end,TejonRanch,27,3,open,Added,0,0,0,1,,,0.288,0.288
2016,end,TejonRanch,28,3,shrub,Ambient,0,0,2,1,,,0.0349,0.0349
2016,end,TejonRanch,28,3,open,Ambient,0,0,0,5,,,1.658,1.658
2016,end,TejonRanch,29,3,shrub,Added,0,0,0,1,,,0.0279,0.0279
2016,end,TejonRanch,29,3,open,Added,0,0,0,0,,,,0
2016,end,TejonRanch,30,3,shrub,Ambient,0,0,0,1,,,0.0195,0.0195
2016,end,TejonRanch,30,3,open,Ambient,0,0,0,1,,,0.0191,0.0191
2016,emergence,PanocheHills,1,1,shrub,Added,24.5,6,,,,,,
2016,emergence,PanocheHills,1,1,open,Added,14.4,15,2,,,,,
2016,emergence,PanocheHills,2,1,shrub,Ambient,21.3,4,,3,,,,
2016,emergence,PanocheHills,2,1,open,Ambient,25,1,1,,,,,
2016,emergence,PanocheHills,3,1,shrub,Added,22.2,4,,,,,,
2016,emergence,PanocheHills,3,1,open,Added,28.8,3,11,3,,,,
2016,emergence,PanocheHills,4,1,shrub,Ambient,26.3,4,3,31,,,,
2016,emergence,PanocheHills,4,1,open,Ambient,20.9,7,5,4,,,,
2016,emergence,PanocheHills,5,1,shrub,Added,24.3,3,,4,,,,
2016,emergence,PanocheHills,5,1,open,Added,28.2,1,3,8,,,,
2016,emergence,PanocheHills,6,1,shrub,Ambient,33,14,3,3,,,,
2016,emergence,PanocheHills,6,1,open,Ambient,25.6,4,3,9,,,,
2016,emergence,PanocheHills,7,1,shrub,Added,27.5,8,8,13,,,,
2016,emergence,PanocheHills,7,1,open,Added,34.2,,,3,,,,
2016,emergence,PanocheHills,8,1,shrub,Ambient,27.8,5,9,11,,,,
2016,emergence,PanocheHills,8,1,open,Ambient,33,1,4,8,,,,
2016,emergence,PanocheHills,9,1,shrub,Added,28.4,17,11,16,,,,
2016,emergence,PanocheHills,9,1,open,Added,36.8,4,35,2,,,,
2016,emergence,PanocheHills,10,1,shrub,Ambient,26.9,11,3,23,,,,
2016,emergence,PanocheHills,10,1,open,Ambient,28.2,5,1,9,,,,
2016,emergence,PanocheHills,11,1,shrub,Added,29.8,1,,7,,,,
2016,emergence,PanocheHills,11,1,open,Added,36.8,,,8,,,,
2016,emergence,PanocheHills,12,1,shrub,Ambient,35.9,,3,12,,,,
2016,emergence,PanocheHills,12,1,open,Ambient,32,,,3,,,,
2016,emergence,PanocheHills,13,1,shrub,Added,32.2,2,,,,,,
2016,emergence,PanocheHills,13,1,open,Added,30.6,5,,,,,,
2016,emergence,PanocheHills,14,1,shrub,Ambient,20.2,9,5,14,,,,
2016,emergence,PanocheHills,14,1,open,Ambient,26.6,8,2,1,,,,
2016,emergence,PanocheHills,15,1,shrub,Added,24.6,5,,,,,,
2016,emergence,PanocheHills,15,1,open,Added,33.4,1,4,9,,,,
2016,emergence,PanocheHills,16,1,shrub,Ambient,26.4,7,6,1,,,,
2016,emergence,PanocheHills,16,1,open,Ambient,33.2,3,3,2,,,,
2016,emergence,PanocheHills,17,1,shrub,Added,26,9,,7,,,,
2016,emergence,PanocheHills,17,1,open,Added,33.9,3,,14,,,,
2016,emergence,PanocheHills,18,1,shrub,Ambient,22.3,5,,13,,,,
2016,emergence,PanocheHills,18,1,open,Ambient,28.2,1,1,6,,,,
2016,emergence,PanocheHills,19,1,shrub,Added,25.3,3,,,,,,
2016,emergence,PanocheHills,19,1,open,Added,30.7,2,,9,,,,
2016,emergence,PanocheHills,20,1,shrub,Ambient,26.6,19,,33,,,,
2016,emergence,PanocheHills,20,1,open,Ambient,32.6,,15,14,,,,
2016,emergence,PanocheHills,21,1,shrub,Added,28.8,13,,12,,,,
2016,emergence,PanocheHills,21,1,open,Added,26.6,,2,6,,,,
2016,emergence,PanocheHills,22,1,shrub,Ambient,29.6,1,,6,,,,
2016,emergence,PanocheHills,22,1,open,Ambient,31.4,5,11,6,,,,
2016,emergence,PanocheHills,23,1,shrub,Added,23.1,5,,24,,,,
2016,emergence,PanocheHills,23,1,open,Added,28.5,,,,,,,
2016,emergence,PanocheHills,24,1,shrub,Ambient,24.6,2,,21,,,,
2016,emergence,PanocheHills,24,1,open,Ambient,30.4,14,2,2,,,,
2016,emergence,PanocheHills,25,1,shrub,Added,31.4,7,,3,,,,
2016,emergence,PanocheHills,25,1,open,Added,29,1,3,16,,,,
2016,emergence,PanocheHills,26,1,shrub,Ambient,26.1,,,,,,,
2016,emergence,PanocheHills,26,1,open,Ambient,33.8,,3,1,,,,
2016,emergence,PanocheHills,27,1,shrub,Added,30.4,12,,15,,,,
2016,emergence,PanocheHills,27,1,open,Added,28.2,1,,7,,,,
2016,emergence,PanocheHills,28,1,shrub,Ambient,29.2,5,,1,,,,
2016,emergence,PanocheHills,28,1,open,Ambient,29,1,8,2,,,,
2016,emergence,PanocheHills,29,1,shrub,Added,27.9,3,,4,,,,
2016,emergence,PanocheHills,29,1,open,Added,24.2,1,5,2,,,,
2016,emergence,PanocheHills,30,1,shrub,Ambient,29,4,,8,,,,
2016,emergence,PanocheHills,30,1,open,Ambient,30.5,2,16,19,,,,
2016,emergence,Cuyama,1,2,shrub,Added,13.4,0,0,0,,,,
2016,emergence,Cuyama,1,2,open,Added,14.2,23,16,8,,,,
2016,emergence,Cuyama,2,2,shrub,Ambient,8.3,0,0,2,,,,
2016,emergence,Cuyama,2,2,open,Ambient,18.4,19,6,26,,,,
2016,emergence,Cuyama,3,2,shrub,Added,23,0,0,0,,,,
2016,emergence,Cuyama,3,2,open,Added,21.2,0,0,0,,,,
2016,emergence,Cuyama,4,2,shrub,Ambient,25.8,5,3,0,,,,
2016,emergence,Cuyama,4,2,open,Ambient,15.6,2,1,0,,,,
2016,emergence,Cuyama,5,2,shrub,Added,15.2,2,1,0,,,,
2016,emergence,Cuyama,5,2,open,Added,16.7,5,2,1,,,,
2016,emergence,Cuyama,6,2,shrub,Ambient,14.7,2,1,2,,,,
2016,emergence,Cuyama,6,2,open,Ambient,17,3,1,3,,,,
2016,emergence,Cuyama,7,2,shrub,Added,16.4,2,1,4,,,,
2016,emergence,Cuyama,7,2,open,Added,12.6,5,4,2,,,,
2016,emergence,Cuyama,8,2,shrub,Ambient,13.4,2,0,0,,,,
2016,emergence,Cuyama,8,2,open,Ambient,15.1,0,3,4,,,,
2016,emergence,Cuyama,9,2,shrub,Added,7.7,1,8,0,,,,
2016,emergence,Cuyama,9,2,open,Added,13.2,4,2,1,,,,
2016,emergence,Cuyama,10,2,shrub,Ambient,14.6,4,3,5,,,,
2016,emergence,Cuyama,10,2,open,Ambient,16.4,5,1,0,,,,
2016,emergence,Cuyama,11,2,shrub,Added,15.2,3,0,6,,,,
2016,emergence,Cuyama,11,2,open,Added,9.4,0,2,0,,,,
2016,emergence,Cuyama,12,2,shrub,Ambient,11.8,1,0,4,,,,
2016,emergence,Cuyama,12,2,open,Ambient,13,0,0,0,,,,
2016,emergence,Cuyama,13,2,shrub,Added,9.5,0,1,8,,,,
2016,emergence,Cuyama,13,2,open,Added,11.6,6,3,0,,,,
2016,emergence,Cuyama,14,2,shrub,Ambient,15,3,0,5,,,,
2016,emergence,Cuyama,14,2,open,Ambient,10.8,0,1,4,,,,
2016,emergence,Cuyama,15,2,shrub,Added,12.6,0,0,9,,,,
2016,emergence,Cuyama,15,2,open,Added,11.5,1,2,1,,,,
2016,emergence,Cuyama,16,2,shrub,Ambient,14.2,5,0,1,,,,
2016,emergence,Cuyama,16,2,open,Ambient,20.3,0,1,0,,,,
2016,emergence,Cuyama,17,2,shrub,Added,11.4,0,0,3,,,,
2016,emergence,Cuyama,17,2,open,Added,16.6,1,1,3,,,,
2016,emergence,Cuyama,18,2,shrub,Ambient,12.4,0,2,7,,,,
2016,emergence,Cuyama,18,2,open,Ambient,13.2,3,0,2,,,,
2016,emergence,Cuyama,19,2,shrub,Added,15.9,0,0,11,,,,
2016,emergence,Cuyama,19,2,open,Added,13,1,2,1,,,,
2016,emergence,Cuyama,20,2,shrub,Ambient,12.1,0,0,4,,,,
2016,emergence,Cuyama,20,2,open,Ambient,14.6,0,0,1,,,,
2016,emergence,Cuyama,21,2,shrub,Added,10.6,3,1,18,,,,
2016,emergence,Cuyama,21,2,open,Added,8.8,0,16,2,,,,
2016,emergence,Cuyama,22,2,shrub,Ambient,12,1,0,8,,,,
2016,emergence,Cuyama,22,2,open,Ambient,13.5,2,0,8,,,,
2016,emergence,Cuyama,23,2,shrub,Added,10,0,0,18,,,,
2016,emergence,Cuyama,23,2,open,Added,11.8,2,6,8,,,,
2016,emergence,Cuyama,24,2,shrub,Ambient,10.6,1,1,19,,,,
2016,emergence,Cuyama,24,2,open,Ambient,7.5,0,2,5,,,,
2016,emergence,Cuyama,25,2,shrub,Added,4.2,0,0,0,,,,
2016,emergence,Cuyama,25,2,open,Added,16.5,2,1,11,,,,
2016,emergence,Cuyama,26,2,shrub,Ambient,8,2,0,23,,,,
2016,emergence,Cuyama,26,2,open,Ambient,14.4,3,0,2,,,,
2016,emergence,Cuyama,27,2,shrub,Added,17.5,3,0,10,,,,
2016,emergence,Cuyama,27,2,open,Added,25.5,7,1,11,,,,
2016,emergence,Cuyama,28,2,shrub,Ambient,14.4,5,0,9,,,,
2016,emergence,Cuyama,28,2,open,Ambient,22.2,2,0,3,,,,
2016,emergence,Cuyama,29,2,shrub,Added,16.4,1,0,5,,,,
2016,emergence,Cuyama,29,2,open,Added,12.2,8,0,9,,,,
2016,emergence,Cuyama,30,2,shrub,Ambient,7.8,1,0,3,,,,
2016,emergence,Cuyama,30,2,open,Ambient,10.4,1,0,1,,,,
2016,emergence,Barstow,1,4,shrub,Added,3.6,1,1,,,,,
2016,emergence,Barstow,1,4,open,Added,4.5,1,,,,,,
2016,emergence,Barstow,2,4,shrub,Ambient,9.2,4,,2,,,,
2016,emergence,Barstow,2,4,open,Ambient,10.2,7,1,1,,,,
2016,emergence,Barstow,3,4,shrub,Added,6.8,1,,4,,,,
2016,emergence,Barstow,3,4,open,Added,8.4,,1,3,,,,
2016,emergence,Barstow,4,4,shrub,Ambient,7.4,2,1,19,,,,
2016,emergence,Barstow,4,4,open,Ambient,6.7,8,2,2,,,,
2016,emergence,Barstow,5,4,shrub,Added,10.1,3,2,4,,,,
2016,emergence,Barstow,5,4,open,Added,4.5,5,,3,,,,
2016,emergence,Barstow,6,4,shrub,Ambient,6,1,,4,,,,
2016,emergence,Barstow,6,4,open,Ambient,4,5,1,5,,,,
2016,emergence,Barstow,7,4,shrub,Added,7.5,6,1,8,,,,
2016,emergence,Barstow,7,4,open,Added,8,1,,,,,,
2016,emergence,Barstow,8,4,shrub,Ambient,4.6,,,1,,,,
2016,emergence,Barstow,8,4,open,Ambient,1.4,2,,,,,,
2016,emergence,Barstow,9,4,shrub,Added,6,2,2,1,,,,
2016,emergence,Barstow,9,4,open,Added,7.6,1,,,,,,
2016,emergence,Barstow,10,4,shrub,Ambient,5.5,1,6,1,,,,
2016,emergence,Barstow,10,4,open,Ambient,7.6,,1,,,,,
2016,emergence,Barstow,11,4,shrub,Added,0,8,1,2,,,,
2016,emergence,Barstow,11,4,open,Added,2.5,1,,1,,,,
2016,emergence,Barstow,12,4,shrub,Ambient,8.2,1,,1,,,,
2016,emergence,Barstow,12,4,open,Ambient,0,,,,,,,
2016,emergence,Barstow,13,4,shrub,Added,3.2,,,,,,,
2016,emergence,Barstow,13,4,open,Added,1.2,,,,,,,
2016,emergence,Barstow,14,4,shrub,Ambient,8.1,9,4,5,,,,
2016,emergence,Barstow,14,4,open,Ambient,5.9,1,2,,,,,
2016,emergence,Barstow,15,4,shrub,Added,8.2,1,2,2,,,,
2016,emergence,Barstow,15,4,open,Added,6.3,,,1,,,,
2016,emergence,Barstow,16,4,shrub,Ambient,3.2,1,2,3,,,,
2016,emergence,Barstow,16,4,open,Ambient,7.4,2,1,,,,,
2016,emergence,Barstow,17,4,shrub,Added,5.9,3,,2,,,,
2016,emergence,Barstow,17,4,open,Added,7.4,,,,,,,
2016,emergence,Barstow,18,4,shrub,Ambient,5.7,3,1,6,,,,
2016,emergence,Barstow,18,4,open,Ambient,7,,1,,,,,
2016,emergence,Barstow,19,4,shrub,Added,9.4,,1,,,,,
2016,emergence,Barstow,19,4,open,Added,6.7,,,,,,,
2016,emergence,Barstow,20,4,shrub,Ambient,6,1,1,1,,,,
2016,emergence,Barstow,20,4,open,Ambient,3.6,1,,,,,,
2016,emergence,Barstow,21,4,shrub,Added,5.1,,2,1,,,,
2016,emergence,Barstow,21,4,open,Added,6.2,1,,,,,,
2016,emergence,Barstow,22,4,shrub,Ambient,9.6,6,1,16,,,,
2016,emergence,Barstow,22,4,open,Ambient,6.7,1,,,,,,
2016,emergence,Barstow,23,4,shrub,Added,8,1,1,5,,,,
2016,emergence,Barstow,23,4,open,Added,4.6,,,,,,,
2016,emergence,Barstow,24,4,shrub,Ambient,6,,,,,,,
2016,emergence,Barstow,24,4,open,Ambient,8,,,,,,,
2016,emergence,Barstow,25,4,shrub,Added,7,,2,2,,,,
2016,emergence,Barstow,25,4,open,Added,7.6,5,1,1,,,,
2016,emergence,Barstow,26,4,shrub,Ambient,6.6,,,1,,,,
2016,emergence,Barstow,26,4,open,Ambient,9.2,6,1,1,,,,
2016,emergence,Barstow,27,4,shrub,Added,6.4,5,1,1,,,,
2016,emergence,Barstow,27,4,open,Added,9.1,,,,,,,
2016,emergence,Barstow,28,4,shrub,Ambient,5,1,4,6,,,,
2016,emergence,Barstow,28,4,open,Ambient,6.2,,1,,,,,
2016,emergence,Barstow,29,4,shrub,Added,6.6,3,3,1,,,,
2016,emergence,Barstow,29,4,open,Added,5.7,2,1,,,,,
2016,emergence,Barstow,30,4,shrub,Ambient,7.3,2,1,,,,,
2016,emergence,Barstow,30,4,open,Ambient,8.8,1,,1,,,,
2016,emergence,HeartofMojave,1,5,shrub,Added,4.6,3,,1,,,,
2016,emergence,HeartofMojave,1,5,open,Added,8.7,9,6,2,,,,
2016,emergence,HeartofMojave,2,5,shrub,Ambient,0,3,,2,,,,
2016,emergence,HeartofMojave,2,5,open,Ambient,5,5,4,3,,,,
2016,emergence,HeartofMojave,3,5,shrub,Added,4.2,1,2,,,,,
2016,emergence,HeartofMojave,3,5,open,Added,4.5,,,5,,,,
2016,emergence,HeartofMojave,4,5,shrub,Ambient,6.2,7,2,4,,,,
2016,emergence,HeartofMojave,4,5,open,Ambient,8.2,9,2,8,,,,
2016,emergence,HeartofMojave,5,5,shrub,Added,8.4,9,,,,,,
2016,emergence,HeartofMojave,5,5,open,Added,5.9,4,1,5,,,,
2016,emergence,HeartofMojave,6,5,shrub,Ambient,5.3,2,2,3,,,,
2016,emergence,HeartofMojave,6,5,open,Ambient,6.3,6,3,1,,,,
2016,emergence,HeartofMojave,7,5,shrub,Added,5.6,3,,2,,,,
2016,emergence,HeartofMojave,7,5,open,Added,3.4,4,,1,,,,
2016,emergence,HeartofMojave,8,5,shrub,Ambient,3.2,1,1,5,,,,
2016,emergence,HeartofMojave,8,5,open,Ambient,6.6,8,4,3,,,,
2016,emergence,HeartofMojave,9,5,shrub,Added,5.5,4,,4,,,,
2016,emergence,HeartofMojave,9,5,open,Added,9,3,3,2,,,,
2016,emergence,HeartofMojave,10,5,shrub,Ambient,6.4,3,1,2,,,,
2016,emergence,HeartofMojave,10,5,open,Ambient,7.1,5,2,,,,,
2016,emergence,HeartofMojave,11,5,shrub,Added,6.3,1,,1,,,,
2016,emergence,HeartofMojave,11,5,open,Added,5.2,3,,12,,,,
2016,emergence,HeartofMojave,12,5,shrub,Ambient,4,6,11,5,,,,
2016,emergence,HeartofMojave,12,5,open,Ambient,8.6,4,3,1,,,,
2016,emergence,HeartofMojave,13,5,shrub,Added,7.4,1,,5,,,,
2016,emergence,HeartofMojave,13,5,open,Added,6.7,4,,2,,,,
2016,emergence,HeartofMojave,14,5,shrub,Ambient,5.4,4,1,2,,,,
2016,emergence,HeartofMojave,14,5,open,Ambient,6.4,,3,,,,,
2016,emergence,HeartofMojave,15,5,shrub,Added,4,,,,,,,
2016,emergence,HeartofMojave,15,5,open,Added,7.1,8,2,,,,,
2016,emergence,HeartofMojave,16,5,shrub,Ambient,7.4,3,5,1,,,,
2016,emergence,HeartofMojave,16,5,open,Ambient,4.6,13,1,2,,,,
2016,emergence,HeartofMojave,17,5,shrub,Added,4.7,3,5,1,,,,
2016,emergence,HeartofMojave,17,5,open,Added,8,5,5,16,,,,
2016,emergence,HeartofMojave,18,5,shrub,Ambient,6,2,,,,,,
2016,emergence,HeartofMojave,18,5,open,Ambient,6.6,3,9,1,,,,
2016,emergence,HeartofMojave,19,5,shrub,Added,7.2,1,2,,,,,
2016,emergence,HeartofMojave,19,5,open,Added,8.6,11,12,7,,,,
2016,emergence,HeartofMojave,20,5,shrub,Ambient,4,1,3,6,,,,
2016,emergence,HeartofMojave,20,5,open,Ambient,6.8,7,1,2,,,,
2016,emergence,HeartofMojave,21,5,shrub,Added,10.8,1,,6,,,,
2016,emergence,HeartofMojave,21,5,open,Added,7,5,5,,,,,
2016,emergence,HeartofMojave,22,5,shrub,Ambient,8.7,11,3,,,,,
2016,emergence,HeartofMojave,22,5,open,Ambient,8.2,1,5,7,,,,
2016,emergence,HeartofMojave,23,5,shrub,Added,10.2,1,5,,,,,
2016,emergence,HeartofMojave,23,5,open,Added,0,,,,,,,
2016,emergence,HeartofMojave,24,5,shrub,Ambient,5.3,13,3,,,,,
2016,emergence,HeartofMojave,24,5,open,Ambient,5.6,2,3,2,,,,
2016,emergence,HeartofMojave,25,5,shrub,Added,7.3,4,4,3,,,,
2016,emergence,HeartofMojave,25,5,open,Added,10.4,11,6,7,,,,
2016,emergence,HeartofMojave,26,5,shrub,Ambient,6,1,2,1,,,,
2016,emergence,HeartofMojave,26,5,open,Ambient,0,2,6,6,,,,
2016,emergence,HeartofMojave,27,5,shrub,Added,4.8,4,6,1,,,,
2016,emergence,HeartofMojave,27,5,open,Added,0,,,,,,,
2016,emergence,HeartofMojave,28,5,shrub,Ambient,7.6,,5,6,,,,
2016,emergence,HeartofMojave,28,5,open,Ambient,0,,,,,,,
2016,emergence,HeartofMojave,29,5,shrub,Added,3.6,4,5,5,,,,
2016,emergence,HeartofMojave,29,5,open,Added,4,,,,,,,
2016,emergence,HeartofMojave,30,5,shrub,Ambient,5.8,4,2,2,,,,
2016,emergence,HeartofMojave,30,5,open,Ambient,0,,,,,,,
2016,emergence,SheepholeValley,1,6,shrub,Added,4,8,5,12,,,,
2016,emergence,SheepholeValley,1,6,open,Added,2.4,19,,3,,,,
2016,emergence,SheepholeValley,2,6,shrub,Ambient,2.4,5,,4,,,,
2016,emergence,SheepholeValley,2,6,open,Ambient,4.1,3,3,11,,,,
2016,emergence,SheepholeValley,3,6,shrub,Added,2.1,,,3,,,,
2016,emergence,SheepholeValley,3,6,open,Added,4,7,,2,,,,
2016,emergence,SheepholeValley,4,6,shrub,Ambient,0,2,18,,,,,
2016,emergence,SheepholeValley,4,6,open,Ambient,4,4,17,25,,,,
2016,emergence,SheepholeValley,5,6,shrub,Added,4.4,,,,,,,
2016,emergence,SheepholeValley,5,6,open,Added,3,,3,,,,,
2016,emergence,SheepholeValley,6,6,shrub,Ambient,3.5,1,,2,,,,
2016,emergence,SheepholeValley,6,6,open,Ambient,4,,8,,,,,
2016,emergence,SheepholeValley,7,6,shrub,Added,0.8,2,3,15,,,,
2016,emergence,SheepholeValley,7,6,open,Added,3.8,,1,6,,,,
2016,emergence,SheepholeValley,8,6,shrub,Ambient,3,6,,7,,,,
2016,emergence,SheepholeValley,8,6,open,Ambient,3.4,13,5,2,,,,
2016,emergence,SheepholeValley,9,6,shrub,Added,2.3,18,,,,,,
2016,emergence,SheepholeValley,9,6,open,Added,4.2,3,8,13,,,,
2016,emergence,SheepholeValley,10,6,shrub,Ambient,3.2,,1,12,,,,
2016,emergence,SheepholeValley,10,6,open,Ambient,2.2,3,1,5,,,,
2016,emergence,SheepholeValley,11,6,shrub,Added,1.4,,,,,,,
2016,emergence,SheepholeValley,11,6,open,Added,6,1,7,5,,,,
2016,emergence,SheepholeValley,12,6,shrub,Ambient,2,,,15,,,,
2016,emergence,SheepholeValley,12,6,open,Ambient,0,,,2,,,,
2016,emergence,SheepholeValley,13,6,shrub,Added,3,,,,,,,
2016,emergence,SheepholeValley,13,6,open,Added,3.2,1,,,,,,
2016,emergence,SheepholeValley,14,6,shrub,Ambient,0,,,4,,,,
2016,emergence,SheepholeValley,14,6,open,Ambient,0,1,6,8,,,,
2016,emergence,SheepholeValley,15,6,shrub,Added,0,,,,,,,
2016,emergence,SheepholeValley,15,6,open,Added,2.6,,5,3,,,,
2016,emergence,SheepholeValley,16,6,shrub,Ambient,3.1,,4,,,,,
2016,emergence,SheepholeValley,16,6,open,Ambient,0,,3,,,,,
2016,emergence,SheepholeValley,17,6,shrub,Added,2.6,1,1,1,,,,
2016,emergence,SheepholeValley,17,6,open,Added,0,,,,,,,
2016,emergence,SheepholeValley,18,6,shrub,Ambient,1.6,,,6,,,,
2016,emergence,SheepholeValley,18,6,open,Ambient,0.2,,,,,,,
2016,emergence,SheepholeValley,19,6,shrub,Added,2.4,11,7,2,,,,
2016,emergence,SheepholeValley,19,6,open,Added,4.3,,6,1,,,,
2016,emergence,SheepholeValley,20,6,shrub,Ambient,3.5,16,1,21,,,,
2016,emergence,SheepholeValley,20,6,open,Ambient,4.6,9,5,3,,,,
2016,emergence,SheepholeValley,21,6,shrub,Added,2,12,3,,,,,
2016,emergence,SheepholeValley,21,6,open,Added,2.5,12,,1,,,,
2016,emergence,SheepholeValley,22,6,shrub,Ambient,2.6,4,2,9,,,,
2016,emergence,SheepholeValley,22,6,open,Ambient,4.3,,2,,,,,
2016,emergence,SheepholeValley,23,6,shrub,Added,4.5,5,4,2,,,,
2016,emergence,SheepholeValley,23,6,open,Added,0.6,,,,,,,
2016,emergence,SheepholeValley,24,6,shrub,Ambient,3.4,,9,8,,,,
2016,emergence,SheepholeValley,24,6,open,Ambient,5.6,5,8,6,,,,
2016,emergence,SheepholeValley,25,6,shrub,Added,2,15,1,8,,,,
2016,emergence,SheepholeValley,25,6,open,Added,3.5,,,,,,,
2016,emergence,SheepholeValley,26,6,shrub,Ambient,2.2,1,8,18,,,,
2016,emergence,SheepholeValley,26,6,open,Ambient,3.2,7,,,,,,
2016,emergence,SheepholeValley,27,6,shrub,Added,3.6,,,,,,,
2016,emergence,SheepholeValley,27,6,open,Added,5.2,,,8,,,,
2016,emergence,SheepholeValley,28,6,shrub,Ambient,3.8,15,7,9,,,,
2016,emergence,SheepholeValley,28,6,open,Ambient,2.2,,8,,,,,
2016,emergence,SheepholeValley,29,6,shrub,Added,1.8,4,,1,,,,
2016,emergence,SheepholeValley,29,6,open,Added,3.8,4,,,,,,
2016,emergence,SheepholeValley,30,6,shrub,Ambient,4.5,,,,,,,
2016,emergence,SheepholeValley,30,6,open,Ambient,1.6,,22,,,,,
2016,emergence,Tecopa,1,7,shrub,Added,6.2,,,,,,,
2016,emergence,Tecopa,1,7,open,Added,8.6,1,1,4,,,,
2016,emergence,Tecopa,2,7,shrub,Ambient,5,1,2,1,,,,
2016,emergence,Tecopa,2,7,open,Ambient,10.6,1,,1,,,,
2016,emergence,Tecopa,3,7,shrub,Added,5.4,,,,,,,
2016,emergence,Tecopa,3,7,open,Added,5,,4,1,,,,
2016,emergence,Tecopa,4,7,shrub,Ambient,7,,,,,,,
2016,emergence,Tecopa,4,7,open,Ambient,8.3,,1,,,,,
2016,emergence,Tecopa,5,7,shrub,Added,9.3,4,,,,,,
2016,emergence,Tecopa,5,7,open,Added,10,,,3,,,,
2016,emergence,Tecopa,6,7,shrub,Ambient,4.4,3,2,4,,,,
2016,emergence,Tecopa,6,7,open,Ambient,6,,1,4,,,,
2016,emergence,Tecopa,7,7,shrub,Added,8.6,5,,2,,,,
2016,emergence,Tecopa,7,7,open,Added,8.7,1,1,,,,,
2016,emergence,Tecopa,8,7,shrub,Ambient,6.2,1,,,,,,
2016,emergence,Tecopa,8,7,open,Ambient,7.4,4,1,1,,,,
2016,emergence,Tecopa,9,7,shrub,Added,7.2,,1,,,,,
2016,emergence,Tecopa,9,7,open,Added,6.8,1,1,2,,,,
2016,emergence,Tecopa,10,7,shrub,Ambient,6.1,6,,1,,,,
2016,emergence,Tecopa,10,7,open,Ambient,7.4,2,1,1,,,,
2016,emergence,Tecopa,11,7,shrub,Added,7.4,2,1,,,,,
2016,emergence,Tecopa,11,7,open,Added,4,,,,,,,
2016,emergence,Tecopa,12,7,shrub,Ambient,5.8,,,1,,,,
2016,emergence,Tecopa,12,7,open,Ambient,3.5,,,2,,,,
2016,emergence,Tecopa,13,7,shrub,Added,6.8,,,,,,,
2016,emergence,Tecopa,13,7,open,Added,5.4,,,,,,,
2016,emergence,Tecopa,14,7,shrub,Ambient,3.4,,,1,,,,
2016,emergence,Tecopa,14,7,open,Ambient,6.6,3,1,1,,,,
2016,emergence,Tecopa,15,7,shrub,Added,5,,1,,,,,
2016,emergence,Tecopa,15,7,open,Added,4.7,1,1,,,,,
2016,emergence,Tecopa,16,7,shrub,Ambient,2.8,6,,1,,,,
2016,emergence,Tecopa,16,7,open,Ambient,3.6,1,,,,,,
2016,emergence,Tecopa,17,7,shrub,Added,5,2,,,,,,
2016,emergence,Tecopa,17,7,open,Added,7.5,,,3,,,,
2016,emergence,Tecopa,18,7,shrub,Ambient,5.2,,,1,,,,
2016,emergence,Tecopa,18,7,open,Ambient,7.1,2,2,3,,,,
2016,emergence,Tecopa,19,7,shrub,Added,4.4,,,,,,,
2016,emergence,Tecopa,19,7,open,Added,1.8,2,,3,,,,
2016,emergence,Tecopa,20,7,shrub,Ambient,3.6,1,1,1,,,,
2016,emergence,Tecopa,20,7,open,Ambient,5.3,,,5,,,,
2016,emergence,Tecopa,21,7,shrub,Added,7.2,4,3,6,,,,
2016,emergence,Tecopa,21,7,open,Added,5.6,,1,2,,,,
2016,emergence,Tecopa,22,7,shrub,Ambient,5.5,4,4,5,,,,
2016,emergence,Tecopa,22,7,open,Ambient,6.8,,,,,,,
2016,emergence,Tecopa,23,7,shrub,Added,4.8,1,1,,,,,
2016,emergence,Tecopa,23,7,open,Added,5.9,1,,,,,,
2016,emergence,Tecopa,24,7,shrub,Ambient,5.8,4,,1,,,,
2016,emergence,Tecopa,24,7,open,Ambient,5,,1,2,,,,
2016,emergence,Tecopa,25,7,shrub,Added,5.4,2,1,,,,,
2016,emergence,Tecopa,25,7,open,Added,2.1,2,,1,,,,
2016,emergence,Tecopa,26,7,shrub,Ambient,6.2,1,,,,,,
2016,emergence,Tecopa,26,7,open,Ambient,6.6,,,,,,,
2016,emergence,Tecopa,27,7,shrub,Added,5.5,2,2,,,,,
2016,emergence,Tecopa,27,7,open,Added,7.5,,1,,,,,
2016,emergence,Tecopa,28,7,shrub,Ambient,6,,,1,,,,
2016,emergence,Tecopa,28,7,open,Ambient,3.8,,,,,,,
2016,emergence,Tecopa,29,7,shrub,Added,6.5,1,1,,,,,
2016,emergence,Tecopa,29,7,open,Added,4.6,2,,1,,,,
2016,emergence,Tecopa,30,7,shrub,Ambient,5.1,,,,,,,
2016,emergence,Tecopa,30,7,open,Ambient,2.8,,1,1,,,,
2016,emergence,TejonRanch,1,3,shrub,Added,7,0,0,0,,,,
2016,emergence,TejonRanch,1,3,open,Added,9.1,0,0,0,,,,
2016,emergence,TejonRanch,2,3,shrub,Ambient,6.2,0,0,2,,,,
2016,emergence,TejonRanch,2,3,open,Ambient,8.4,0,1,8,,,,
2016,emergence,TejonRanch,3,3,shrub,Added,7.6,0,1,0,,,,
2016,emergence,TejonRanch,3,3,open,Added,8,0,3,0,,,,
2016,emergence,TejonRanch,4,3,shrub,Ambient,10.2,0,2,4,,,,
2016,emergence,TejonRanch,4,3,open,Ambient,9.1,0,0,0,,,,
2016,emergence,TejonRanch,5,3,shrub,Added,9.4,0,2,8,,,,
2016,emergence,TejonRanch,5,3,open,Added,7.4,1,0,3,,,,
2016,emergence,TejonRanch,6,3,shrub,Ambient,7.2,0,0,15,,,,
2016,emergence,TejonRanch,6,3,open,Ambient,6.5,0,0,4,,,,
2016,emergence,TejonRanch,7,3,shrub,Added,5.2,0,0,13,,,,
2016,emergence,TejonRanch,7,3,open,Added,7.6,0,1,0,,,,
2016,emergence,TejonRanch,8,3,shrub,Ambient,7.2,0,0,7,,,,
2016,emergence,TejonRanch,8,3,open,Ambient,9.8,0,0,1,,,,
2016,emergence,TejonRanch,9,3,shrub,Added,7.1,1,3,0,,,,
2016,emergence,TejonRanch,9,3,open,Added,7.9,3,1,1,,,,
2016,emergence,TejonRanch,10,3,shrub,Ambient,8.6,0,1,3,,,,
2016,emergence,TejonRanch,10,3,open,Ambient,10.1,0,0,1,,,,
2016,emergence,TejonRanch,11,3,shrub,Added,8.4,0,0,0,,,,
2016,emergence,TejonRanch,11,3,open,Added,6.6,0,0,1,,,,
2016,emergence,TejonRanch,12,3,shrub,Ambient,10.2,0,0,8,,,,
2016,emergence,TejonRanch,12,3,open,Ambient,11,0,4,2,,,,
2016,emergence,TejonRanch,13,3,shrub,Added,7.6,0,1,0,,,,
2016,emergence,TejonRanch,13,3,open,Added,4.4,0,0,15,,,,
2016,emergence,TejonRanch,14,3,shrub,Ambient,8.4,0,0,1,,,,
2016,emergence,TejonRanch,14,3,open,Ambient,7.8,2,0,8,,,,
2016,emergence,TejonRanch,15,3,shrub,Added,10.6,0,0,1,,,,
2016,emergence,TejonRanch,15,3,open,Added,6,0,0,0,,,,
2016,emergence,TejonRanch,16,3,shrub,Ambient,9.6,0,5,2,,,,
2016,emergence,TejonRanch,16,3,open,Ambient,4,0,0,0,,,,
2016,emergence,TejonRanch,17,3,shrub,Added,9.4,1,0,0,,,,
2016,emergence,TejonRanch,17,3,open,Added,6.6,0,0,0,,,,
2016,emergence,TejonRanch,18,3,shrub,Ambient,6.8,0,3,5,,,,
2016,emergence,TejonRanch,18,3,open,Ambient,7.5,0,0,0,,,,
2016,emergence,TejonRanch,19,3,shrub,Added,5,1,1,0,,,,
2016,emergence,TejonRanch,19,3,open,Added,7.8,0,0,2,,,,
2016,emergence,TejonRanch,20,3,shrub,Ambient,4.6,0,0,8,,,,
2016,emergence,TejonRanch,20,3,open,Ambient,7.8,0,0,0,,,,
2016,emergence,TejonRanch,21,3,shrub,Added,7.7,0,0,0,,,,
2016,emergence,TejonRanch,21,3,open,Added,7.4,1,0,0,,,,
2016,emergence,TejonRanch,22,3,shrub,Ambient,7.4,0,0,2,,,,
2016,emergence,TejonRanch,22,3,open,Ambient,3,0,0,0,,,,
2016,emergence,TejonRanch,23,3,shrub,Added,4.8,1,1,0,,,,
2016,emergence,TejonRanch,23,3,open,Added,7.2,0,0,0,,,,
2016,emergence,TejonRanch,24,3,shrub,Ambient,8.2,1,0,0,,,,
2016,emergence,TejonRanch,24,3,open,Ambient,7,0,1,0,,,,
2016,emergence,TejonRanch,25,3,shrub,Added,6.4,4,0,3,,,,
2016,emergence,TejonRanch,25,3,open,Added,6.6,0,0,0,,,,
2016,emergence,TejonRanch,26,3,shrub,Ambient,7.6,0,1,2,,,,
2016,emergence,TejonRanch,26,3,open,Ambient,8.6,0,0,0,,,,
2016,emergence,TejonRanch,27,3,shrub,Added,6.2,1,1,1,,,,
2016,emergence,TejonRanch,27,3,open,Added,7,0,0,2,,,,
2016,emergence,TejonRanch,28,3,shrub,Ambient,10.7,0,0,2,,,,
2016,emergence,TejonRanch,28,3,open,Ambient,7.8,0,0,7,,,,
2016,emergence,TejonRanch,29,3,shrub,Added,7.8,0,1,2,,,,
2016,emergence,TejonRanch,29,3,open,Added,8.8,0,4,1,,,,
2016,emergence,TejonRanch,30,3,shrub,Ambient,7.2,0,0,0,,,,
2016,emergence,TejonRanch,30,3,open,Ambient,8,0,0,0,,,,
2017,emergence,PanocheHills,1,1,shrub,Added,35,3,0,0,,,,
2017,emergence,PanocheHills,1,1,open,Added,35.6,4,2,3,,,,
2017,emergence,PanocheHills,2,1,shrub,Ambient,28.8,1,0,0,,,,
2017,emergence,PanocheHills,2,1,open,Ambient,30.9,1,4,9,,,,
2017,emergence,PanocheHills,3,1,shrub,Added,27.3,2,0,0,,,,
2017,emergence,PanocheHills,3,1,open,Added,31.5,1,0,9,,,,
2017,emergence,PanocheHills,4,1,shrub,Ambient,29.2,2,0,5,,,,
2017,emergence,PanocheHills,4,1,open,Ambient,34.8,0,0,14,,,,
2017,emergence,PanocheHills,5,1,shrub,Added,27.8,5,0,6,,,,
2017,emergence,PanocheHills,5,1,open,Added,32.3,0,0,21,,,,
2017,emergence,PanocheHills,6,1,shrub,Ambient,32.6,9,0,5,,,,
2017,emergence,PanocheHills,6,1,open,Ambient,31.6,3,0,15,,,,
2017,emergence,PanocheHills,7,1,shrub,Added,24,1,0,0,,,,
2017,emergence,PanocheHills,7,1,open,Added,35.9,0,0,5,,,,
2017,emergence,PanocheHills,8,1,shrub,Ambient,32.2,6,1,6,,,,
2017,emergence,PanocheHills,8,1,open,Ambient,33.8,1,0,17,,,,
2017,emergence,PanocheHills,9,1,shrub,Added,35,6,0,0,,,,
2017,emergence,PanocheHills,9,1,open,Added,34.3,1,37,0,,,,
2017,emergence,PanocheHills,10,1,shrub,Ambient,30.3,4,0,10,,,,
2017,emergence,PanocheHills,10,1,open,Ambient,33.4,1,0,19,,,,
2017,emergence,PanocheHills,11,1,shrub,Added,27.3,0,0,8,,,,
2017,emergence,PanocheHills,11,1,open,Added,34.3,0,1,7,,,,
2017,emergence,PanocheHills,12,1,shrub,Ambient,32,2,0,7,,,,
2017,emergence,PanocheHills,12,1,open,Ambient,35,0,0,0,,,,
2017,emergence,PanocheHills,13,1,shrub,Added,33.7,1,0,0,,,,
2017,emergence,PanocheHills,13,1,open,Added,31.1,4,0,0,,,,
2017,emergence,PanocheHills,14,1,shrub,Ambient,31.2,3,1,6,,,,
2017,emergence,PanocheHills,14,1,open,Ambient,30.5,4,4,15,,,,
2017,emergence,PanocheHills,15,1,shrub,Added,28.4,1,0,6,,,,
2017,emergence,PanocheHills,15,1,open,Added,34.3,1,1,7,,,,
2017,emergence,PanocheHills,16,1,shrub,Ambient,30.9,1,0,0,,,,
2017,emergence,PanocheHills,16,1,open,Ambient,36.8,0,1,1,,,,
2017,emergence,PanocheHills,17,1,shrub,Added,30.2,0,0,4,,,,
2017,emergence,PanocheHills,17,1,open,Added,34.2,2,0,6,,,,
2017,emergence,PanocheHills,18,1,shrub,Ambient,30.1,6,0,2,,,,
2017,emergence,PanocheHills,18,1,open,Ambient,29,0,3,19,,,,
2017,emergence,PanocheHills,19,1,shrub,Added,26,0,0,0,,,,
2017,emergence,PanocheHills,19,1,open,Added,25.6,0,0,3,,,,
2017,emergence,PanocheHills,20,1,shrub,Ambient,29.1,13,0,7,,,,
2017,emergence,PanocheHills,20,1,open,Ambient,33.8,0,1,10,,,,
2017,emergence,PanocheHills,21,1,shrub,Added,27.1,5,0,2,,,,
2017,emergence,PanocheHills,21,1,open,Added,18.8,0,1,0,,,,
2017,emergence,PanocheHills,22,1,shrub,Ambient,18,4,0,4,,,,
2017,emergence,PanocheHills,22,1,open,Ambient,31.4,4,2,1,,,,
2017,emergence,PanocheHills,23,1,shrub,Added,29.2,2,0,20,,,,
2017,emergence,PanocheHills,23,1,open,Added,31.9,0,0,9,,,,
2017,emergence,PanocheHills,24,1,shrub,Ambient,30.6,1,0,13,,,,
2017,emergence,PanocheHills,24,1,open,Ambient,33.7,7,0,17,,,,
2017,emergence,PanocheHills,25,1,shrub,Added,32.7,7,0,6,,,,
2017,emergence,PanocheHills,25,1,open,Added,33.8,0,0,21,,,,
2017,emergence,PanocheHills,26,1,shrub,Ambient,26.6,0,0,0,,,,
2017,emergence,PanocheHills,26,1,open,Ambient,30.9,0,1,0,,,,
2017,emergence,PanocheHills,27,1,shrub,Added,28.4,4,0,9,,,,
2017,emergence,PanocheHills,27,1,open,Added,34.4,0,1,16,,,,
2017,emergence,PanocheHills,28,1,shrub,Ambient,28.8,3,0,1,,,,
2017,emergence,PanocheHills,28,1,open,Ambient,33.9,0,3,3,,,,
2017,emergence,PanocheHills,29,1,shrub,Added,30.5,3,0,1,,,,
2017,emergence,PanocheHills,29,1,open,Added,29.5,0,7,1,,,,
2017,emergence,PanocheHills,30,1,shrub,Ambient,30,1,0,6,,,,
2017,emergence,PanocheHills,30,1,open,Ambient,24.8,2,11,16,,,,
2017,emergence,Cuyama,1,2,shrub,Added,12,1,0,2,,,,
2017,emergence,Cuyama,1,2,open,Added,11.6,1,6,9,,,,
2017,emergence,Cuyama,2,2,shrub,Ambient,14.1,0,0,0,,,,
2017,emergence,Cuyama,2,2,open,Ambient,23.6,1,3,3,,,,
2017,emergence,Cuyama,3,2,shrub,Added,18.4,0,0,3,,,,
2017,emergence,Cuyama,3,2,open,Added,26.8,2,0,2,,,,
2017,emergence,Cuyama,4,2,shrub,Ambient,20.2,1,0,1,,,,
2017,emergence,Cuyama,4,2,open,Ambient,16.4,0,0,0,,,,
2017,emergence,Cuyama,5,2,shrub,Added,16.4,2,0,1,,,,
2017,emergence,Cuyama,5,2,open,Added,15.4,0,0,2,,,,
2017,emergence,Cuyama,6,2,shrub,Ambient,16,5,0,2,,,,
2017,emergence,Cuyama,6,2,open,Ambient,17,0,0,1,,,,
2017,emergence,Cuyama,7,2,shrub,Added,17.4,0,0,4,,,,
2017,emergence,Cuyama,7,2,open,Added,16.8,3,0,4,,,,
2017,emergence,Cuyama,8,2,shrub,Ambient,12.5,0,0,3,,,,
2017,emergence,Cuyama,8,2,open,Ambient,18.1,0,0,4,,,,
2017,emergence,Cuyama,9,2,shrub,Added,9.8,0,0,0,,,,
2017,emergence,Cuyama,9,2,open,Added,9.4,0,0,3,,,,
2017,emergence,Cuyama,10,2,shrub,Ambient,19.6,2,0,2,,,,
2017,emergence,Cuyama,10,2,open,Ambient,22.2,1,0,0,,,,
2017,emergence,Cuyama,11,2,shrub,Added,16.6,1,0,0,,,,
2017,emergence,Cuyama,11,2,open,Added,13,0,0,0,,,,
2017,emergence,Cuyama,12,2,shrub,Ambient,10,0,0,3,,,,
2017,emergence,Cuyama,12,2,open,Ambient,15.5,5,0,1,,,,
2017,emergence,Cuyama,13,2,shrub,Added,11.2,0,0,4,,,,
2017,emergence,Cuyama,13,2,open,Added,14.8,1,0,0,,,,
2017,emergence,Cuyama,14,2,shrub,Ambient,15.8,0,3,0,,,,
2017,emergence,Cuyama,14,2,open,Ambient,14.2,2,0,5,,,,
2017,emergence,Cuyama,15,2,shrub,Added,16.7,2,0,7,,,,
2017,emergence,Cuyama,15,2,open,Added,13.4,1,2,2,,,,
2017,emergence,Cuyama,16,2,shrub,Ambient,15.7,12,0,9,,,,
2017,emergence,Cuyama,16,2,open,Ambient,18.6,0,2,0,,,,
2017,emergence,Cuyama,17,2,shrub,Added,14.2,3,2,2,,,,
2017,emergence,Cuyama,17,2,open,Added,8.3,1,0,0,,,,
2017,emergence,Cuyama,18,2,shrub,Ambient,8.2,0,1,1,,,,
2017,emergence,Cuyama,18,2,open,Ambient,10.4,0,0,0,,,,
2017,emergence,Cuyama,19,2,shrub,Added,12.1,0,0,0,,,,
2017,emergence,Cuyama,19,2,open,Added,23,1,0,0,,,,
2017,emergence,Cuyama,20,2,shrub,Ambient,9.2,1,0,4,,,,
2017,emergence,Cuyama,20,2,open,Ambient,13.4,0,7,0,,,,
2017,emergence,Cuyama,21,2,shrub,Added,17.1,0,2,1,,,,
2017,emergence,Cuyama,21,2,open,Added,15,0,1,1,,,,
2017,emergence,Cuyama,22,2,shrub,Ambient,14.9,1,0,5,,,,
2017,emergence,Cuyama,22,2,open,Ambient,15.4,0,0,7,,,,
2017,emergence,Cuyama,23,2,shrub,Added,9.6,3,0,2,,,,
2017,emergence,Cuyama,23,2,open,Added,10.2,3,0,6,,,,
2017,emergence,Cuyama,24,2,shrub,Ambient,6,0,0,10,,,,
2017,emergence,Cuyama,24,2,open,Ambient,4.5,1,0,8,,,,
2017,emergence,Cuyama,25,2,shrub,Added,12,0,0,0,,,,
2017,emergence,Cuyama,25,2,open,Added,7.2,3,2,9,,,,
2017,emergence,Cuyama,26,2,shrub,Ambient,15.2,4,0,5,,,,
2017,emergence,Cuyama,26,2,open,Ambient,11.2,0,4,7,,,,
2017,emergence,Cuyama,27,2,shrub,Added,15.2,3,0,2,,,,
2017,emergence,Cuyama,27,2,open,Added,23.6,4,2,7,,,,
2017,emergence,Cuyama,28,2,shrub,Ambient,10.8,1,0,9,,,,
2017,emergence,Cuyama,28,2,open,Ambient,15.2,1,0,1,,,,
2017,emergence,Cuyama,29,2,shrub,Added,18.4,1,0,4,,,,
2017,emergence,Cuyama,29,2,open,Added,16.4,1,0,6,,,,
2017,emergence,Cuyama,30,2,shrub,Ambient,8.6,0,0,0,,,,
2017,emergence,Cuyama,30,2,open,Ambient,11.4,0,0,0,,,,
2017,emergence,Barstow,1,4,shrub,Added,4.8,2,6,3,,,,
2017,emergence,Barstow,1,4,open,Added,9.8,0,2,0,,,,
2017,emergence,Barstow,2,4,shrub,Ambient,10.6,1,0,2,,,,
2017,emergence,Barstow,2,4,open,Ambient,9.8,0,0,0,,,,
2017,emergence,Barstow,3,4,shrub,Added,4.6,1,0,0,,,,
2017,emergence,Barstow,3,4,open,Added,6,0,0,0,,,,
2017,emergence,Barstow,4,4,shrub,Ambient,6.2,0,0,0,,,,
2017,emergence,Barstow,4,4,open,Ambient,6.8,0,0,0,,,,
2017,emergence,Barstow,5,4,shrub,Added,7.2,1,0,0,,,,
2017,emergence,Barstow,5,4,open,Added,6.5,2,0,1,,,,
2017,emergence,Barstow,6,4,shrub,Ambient,8.3,4,6,5,,,,
2017,emergence,Barstow,6,4,open,Ambient,7.4,1,0,2,,,,
2017,emergence,Barstow,7,4,shrub,Added,5.8,2,1,7,,,,
2017,emergence,Barstow,7,4,open,Added,9.4,0,4,4,,,,
2017,emergence,Barstow,8,4,shrub,Ambient,4.1,2,6,0,,,,
2017,emergence,Barstow,8,4,open,Ambient,7.8,0,1,0,,,,
2017,emergence,Barstow,9,4,shrub,Added,8.6,0,1,0,,,,
2017,emergence,Barstow,9,4,open,Added,8,0,0,5,,,,
2017,emergence,Barstow,10,4,shrub,Ambient,9.8,1,6,0,,,,
2017,emergence,Barstow,10,4,open,Ambient,8,0,0,1,,,,
2017,emergence,Barstow,11,4,shrub,Added,15,1,0,2,,,,
2017,emergence,Barstow,11,4,open,Added,9.4,1,1,2,,,,
2017,emergence,Barstow,12,4,shrub,Ambient,9.6,0,0,1,,,,
2017,emergence,Barstow,12,4,open,Ambient,10,0,0,0,,,,
2017,emergence,Barstow,13,4,shrub,Added,10,1,7,0,,,,
2017,emergence,Barstow,13,4,open,Added,14,0,0,0,,,,
2017,emergence,Barstow,14,4,shrub,Ambient,7.8,0,1,0,,,,
2017,emergence,Barstow,14,4,open,Ambient,9.4,0,0,0,,,,
2017,emergence,Barstow,15,4,shrub,Added,8.6,0,0,2,,,,
2017,emergence,Barstow,15,4,open,Added,9.6,0,0,0,,,,
2017,emergence,Barstow,16,4,shrub,Ambient,7.7,1,4,0,,,,
2017,emergence,Barstow,16,4,open,Ambient,9.6,0,4,0,,,,
2017,emergence,Barstow,17,4,shrub,Added,11.5,2,0,0,,,,
2017,emergence,Barstow,17,4,open,Added,11.7,0,0,0,,,,
2017,emergence,Barstow,18,4,shrub,Ambient,14.1,0,1,1,,,,
2017,emergence,Barstow,18,4,open,Ambient,9.4,0,0,0,,,,
2017,emergence,Barstow,19,4,shrub,Added,12,1,0,3,,,,
2017,emergence,Barstow,19,4,open,Added,8.6,2,9,0,,,,
2017,emergence,Barstow,20,4,shrub,Ambient,13.6,0,0,1,,,,
2017,emergence,Barstow,20,4,open,Ambient,15.5,0,0,0,,,,
2017,emergence,Barstow,21,4,shrub,Added,6.6,0,1,2,,,,
2017,emergence,Barstow,21,4,open,Added,8,0,0,3,,,,
2017,emergence,Barstow,22,4,shrub,Ambient,7.1,0,12,0,,,,
2017,emergence,Barstow,22,4,open,Ambient,9.2,0,5,0,,,,
2017,emergence,Barstow,23,4,shrub,Added,10.6,3,4,0,,,,
2017,emergence,Barstow,23,4,open,Added,8.6,0,1,1,,,,
2017,emergence,Barstow,24,4,shrub,Ambient,10.7,5,7,2,,,,
2017,emergence,Barstow,24,4,open,Ambient,12.6,0,2,0,,,,
2017,emergence,Barstow,25,4,shrub,Added,8.2,3,6,5,,,,
2017,emergence,Barstow,25,4,open,Added,9.8,1,7,0,,,,
2017,emergence,Barstow,26,4,shrub,Ambient,9.2,5,15,1,,,,
2017,emergence,Barstow,26,4,open,Ambient,12.3,3,3,1,,,,
2017,emergence,Barstow,27,4,shrub,Added,11,4,0,7,,,,
2017,emergence,Barstow,27,4,open,Added,13,0,4,0,,,,
2017,emergence,Barstow,28,4,shrub,Ambient,7.5,8,3,0,,,,
2017,emergence,Barstow,28,4,open,Ambient,5.8,5,1,7,,,,
2017,emergence,Barstow,29,4,shrub,Added,8.8,0,0,11,,,,
2017,emergence,Barstow,29,4,open,Added,8,2,0,7,,,,
2017,emergence,Barstow,30,4,shrub,Ambient,9,1,3,3,,,,
2017,emergence,Barstow,30,4,open,Ambient,6.1,0,0,0,,,,
2017,emergence,HeartofMojave,1,5,shrub,Added,9.2,1,1,5,,,,
2017,emergence,HeartofMojave,1,5,open,Added,8.4,2,1,4,,,,
2017,emergence,HeartofMojave,2,5,shrub,Ambient,7.4,0,0,2,,,,
2017,emergence,HeartofMojave,2,5,open,Ambient,2.5,0,2,0,,,,
2017,emergence,HeartofMojave,3,5,shrub,Added,3.8,1,0,5,,,,
2017,emergence,HeartofMojave,3,5,open,Added,4,0,2,12,,,,
2017,emergence,HeartofMojave,4,5,shrub,Ambient,5,0,0,5,,,,
2017,emergence,HeartofMojave,4,5,open,Ambient,2.9,0,2,9,,,,
2017,emergence,HeartofMojave,5,5,shrub,Added,7.7,1,11,14,,,,
2017,emergence,HeartofMojave,5,5,open,Added,6.3,0,1,16,,,,
2017,emergence,HeartofMojave,6,5,shrub,Ambient,5.2,1,0,0,,,,
2017,emergence,HeartofMojave,6,5,open,Ambient,7.8,1,2,0,,,,
2017,emergence,HeartofMojave,7,5,shrub,Added,6.6,0,9,0,,,,
2017,emergence,HeartofMojave,7,5,open,Added,7.6,0,3,6,,,,
2017,emergence,HeartofMojave,8,5,shrub,Ambient,3.4,0,0,1,,,,
2017,emergence,HeartofMojave,8,5,open,Ambient,5.2,5,1,2,,,,
2017,emergence,HeartofMojave,9,5,shrub,Added,9.5,0,5,9,,,,
2017,emergence,HeartofMojave,9,5,open,Added,10.8,0,0,7,,,,
2017,emergence,HeartofMojave,10,5,shrub,Ambient,8.4,1,3,8,,,,
2017,emergence,HeartofMojave,10,5,open,Ambient,11.6,0,0,10,,,,
2017,emergence,HeartofMojave,11,5,shrub,Added,8,1,3,5,,,,
2017,emergence,HeartofMojave,11,5,open,Added,7.4,0,0,21,,,,
2017,emergence,HeartofMojave,12,5,shrub,Ambient,7,0,0,7,,,,
2017,emergence,HeartofMojave,12,5,open,Ambient,5.2,0,2,4,,,,
2017,emergence,HeartofMojave,13,5,shrub,Added,7.9,0,5,7,,,,
2017,emergence,HeartofMojave,13,5,open,Added,6.6,0,1,14,,,,
2017,emergence,HeartofMojave,14,5,shrub,Ambient,6.7,0,5,5,,,,
2017,emergence,HeartofMojave,14,5,open,Ambient,6.9,0,2,11,,,,
2017,emergence,HeartofMojave,15,5,shrub,Added,6.2,0,6,4,,,,
2017,emergence,HeartofMojave,15,5,open,Added,4,3,2,8,,,,
2017,emergence,HeartofMojave,16,5,shrub,Ambient,8,0,0,5,,,,
2017,emergence,HeartofMojave,16,5,open,Ambient,8.6,3,0,4,,,,
2017,emergence,HeartofMojave,17,5,shrub,Added,10.6,0,0,1,,,,
2017,emergence,HeartofMojave,17,5,open,Added,6.4,2,1,6,,,,
2017,emergence,HeartofMojave,18,5,shrub,Ambient,6.8,0,0,0,,,,
2017,emergence,HeartofMojave,18,5,open,Ambient,4.2,1,2,0,,,,
2017,emergence,HeartofMojave,19,5,shrub,Added,10.8,5,3,4,,,,
2017,emergence,HeartofMojave,19,5,open,Added,12.3,3,2,6,,,,
2017,emergence,HeartofMojave,20,5,shrub,Ambient,6.2,7,0,12,,,,
2017,emergence,HeartofMojave,20,5,open,Ambient,10.8,9,0,20,,,,
2017,emergence,HeartofMojave,21,5,shrub,Added,10.4,0,2,0,,,,
2017,emergence,HeartofMojave,21,5,open,Added,9.1,4,3,3,,,,
2017,emergence,HeartofMojave,22,5,shrub,Ambient,15.4,6,0,4,,,,
2017,emergence,HeartofMojave,22,5,open,Ambient,9.6,3,0,8,,,,
2017,emergence,HeartofMojave,23,5,shrub,Added,9,2,1,6,,,,
2017,emergence,HeartofMojave,23,5,open,Added,10.3,0,4,24,,,,
2017,emergence,HeartofMojave,24,5,shrub,Ambient,12.5,0,0,11,,,,
2017,emergence,HeartofMojave,24,5,open,Ambient,9.1,0,0,22,,,,
2017,emergence,HeartofMojave,25,5,shrub,Added,10.2,4,0,0,,,,
2017,emergence,HeartofMojave,25,5,open,Added,6,1,0,2,,,,
2017,emergence,HeartofMojave,26,5,shrub,Ambient,8.8,1,0,5,,,,
2017,emergence,HeartofMojave,26,5,open,Ambient,5.8,1,2,10,,,,
2017,emergence,HeartofMojave,27,5,shrub,Added,10.2,1,0,8,,,,
2017,emergence,HeartofMojave,27,5,open,Added,9.2,1,2,9,,,,
2017,emergence,HeartofMojave,28,5,shrub,Ambient,9.6,3,0,5,,,,
2017,emergence,HeartofMojave,28,5,open,Ambient,5.5,0,0,0,,,,
2017,emergence,HeartofMojave,29,5,shrub,Added,7.2,0,0,1,,,,
2017,emergence,HeartofMojave,29,5,open,Added,9.6,0,1,18,,,,
2017,emergence,HeartofMojave,30,5,shrub,Ambient,12.5,0,0,2,,,,
2017,emergence,HeartofMojave,30,5,open,Ambient,6.6,0,2,0,,,,
2017,emergence,SheepholeValley,1,6,shrub,Added,6.5,3,3,34,,,,
2017,emergence,SheepholeValley,1,6,open,Added,8.9,0,1,6,,,,
2017,emergence,SheepholeValley,2,6,shrub,Ambient,4.2,4,4,21,,,,
2017,emergence,SheepholeValley,2,6,open,Ambient,3.2,2,2,1,,,,
2017,emergence,SheepholeValley,3,6,shrub,Added,4.6,6,6,21,,,,
2017,emergence,SheepholeValley,3,6,open,Added,10.2,2,1,3,,,,
2017,emergence,SheepholeValley,4,6,shrub,Ambient,2.5,5,0,37,,,,
2017,emergence,SheepholeValley,4,6,open,Ambient,3.6,2,5,21,,,,
2017,emergence,SheepholeValley,5,6,shrub,Added,7.7,2,0,9,,,,
2017,emergence,SheepholeValley,5,6,open,Added,6.8,0,10,18,,,,
2017,emergence,SheepholeValley,6,6,shrub,Ambient,5,2,12,25,,,,
2017,emergence,SheepholeValley,6,6,open,Ambient,4.7,2,3,5,,,,
2017,emergence,SheepholeValley,7,6,shrub,Added,5.6,1,5,20,,,,
2017,emergence,SheepholeValley,7,6,open,Added,4.4,0,1,18,,,,
2017,emergence,SheepholeValley,8,6,shrub,Ambient,6.2,5,7,11,,,,
2017,emergence,SheepholeValley,8,6,open,Ambient,3.2,0,8,22,,,,
2017,emergence,SheepholeValley,9,6,shrub,Added,10.6,3,9,15,,,,
2017,emergence,SheepholeValley,9,6,open,Added,6.4,0,3,18,,,,
2017,emergence,SheepholeValley,10,6,shrub,Ambient,6.2,1,16,36,,,,
2017,emergence,SheepholeValley,10,6,open,Ambient,4.8,1,8,17,,,,
2017,emergence,SheepholeValley,11,6,shrub,Added,2.6,1,4,22,,,,
2017,emergence,SheepholeValley,11,6,open,Added,7.4,2,3,35,,,,
2017,emergence,SheepholeValley,12,6,shrub,Ambient,3.2,5,7,12,,,,
2017,emergence,SheepholeValley,12,6,open,Ambient,6.1,0,0,4,,,,
2017,emergence,SheepholeValley,13,6,shrub,Added,4,2,9,29,,,,
2017,emergence,SheepholeValley,13,6,open,Added,3.8,4,4,22,,,,
2017,emergence,SheepholeValley,14,6,shrub,Ambient,7,0,2,18,,,,
2017,emergence,SheepholeValley,14,6,open,Ambient,6.8,0,5,0,,,,
2017,emergence,SheepholeValley,15,6,shrub,Added,5,5,11,17,,,,
2017,emergence,SheepholeValley,15,6,open,Added,5,0,6,6,,,,
2017,emergence,SheepholeValley,16,6,shrub,Ambient,7.4,5,5,18,,,,
2017,emergence,SheepholeValley,16,6,open,Ambient,7.8,2,6,11,,,,
2017,emergence,SheepholeValley,17,6,shrub,Added,1.9,0,0,15,,,,
2017,emergence,SheepholeValley,17,6,open,Added,2,0,0,11,,,,
2017,emergence,SheepholeValley,18,6,shrub,Ambient,10,0,0,14,,,,
2017,emergence,SheepholeValley,18,6,open,Ambient,2.7,0,1,2,,,,
2017,emergence,SheepholeValley,19,6,shrub,Added,5.2,6,15,25,,,,
2017,emergence,SheepholeValley,19,6,open,Added,5.3,0,1,19,,,,
2017,emergence,SheepholeValley,20,6,shrub,Ambient,2.4,15,1,28,,,,
2017,emergence,SheepholeValley,20,6,open,Ambient,6.3,5,6,13,,,,
2017,emergence,SheepholeValley,21,6,shrub,Added,3.8,2,6,17,,,,
2017,emergence,SheepholeValley,21,6,open,Added,3.6,0,11,10,,,,
2017,emergence,SheepholeValley,22,6,shrub,Ambient,5,9,9,46,,,,
2017,emergence,SheepholeValley,22,6,open,Ambient,4.9,2,13,17,,,,
2017,emergence,SheepholeValley,23,6,shrub,Added,3.7,4,0,7,,,,
2017,emergence,SheepholeValley,23,6,open,Added,4.4,0,0,16,,,,
2017,emergence,SheepholeValley,24,6,shrub,Ambient,3.2,0,2,16,,,,
2017,emergence,SheepholeValley,24,6,open,Ambient,2.6,2,12,4,,,,
2017,emergence,SheepholeValley,25,6,shrub,Added,2.4,10,8,17,,,,
2017,emergence,SheepholeValley,25,6,open,Added,7.5,5,12,18,,,,
2017,emergence,SheepholeValley,26,6,shrub,Ambient,7.6,6,6,28,,,,
2017,emergence,SheepholeValley,26,6,open,Ambient,1.8,16,10,28,,,,
2017,emergence,SheepholeValley,27,6,shrub,Added,3.5,2,2,6,,,,
2017,emergence,SheepholeValley,27,6,open,Added,5.8,4,5,13,,,,
2017,emergence,SheepholeValley,28,6,shrub,Ambient,3.4,2,4,25,,,,
2017,emergence,SheepholeValley,28,6,open,Ambient,3.8,0,3,0,,,,
2017,emergence,SheepholeValley,29,6,shrub,Added,3.6,1,0,16,,,,
2017,emergence,SheepholeValley,29,6,open,Added,3.5,0,17,1,,,,
2017,emergence,SheepholeValley,30,6,shrub,Ambient,1.8,2,11,10,,,,
2017,emergence,SheepholeValley,30,6,open,Ambient,6,2,4,0,,,,
2017,emergence,Tecopa,1,7,shrub,Added,11.2,0,0,0,,,,
2017,emergence,Tecopa,1,7,open,Added,9.6,3,0,3,,,,
2017,emergence,Tecopa,2,7,shrub,Ambient,7.7,3,0,5,,,,
2017,emergence,Tecopa,2,7,open,Ambient,11.2,0,0,0,,,,
2017,emergence,Tecopa,3,7,shrub,Added,6.6,1,0,3,,,,
2017,emergence,Tecopa,3,7,open,Added,4.5,0,0,6,,,,
2017,emergence,Tecopa,4,7,shrub,Ambient,15.4,0,0,0,,,,
2017,emergence,Tecopa,4,7,open,Ambient,8.9,0,0,0,,,,
2017,emergence,Tecopa,5,7,shrub,Added,10.7,1,1,5,,,,
2017,emergence,Tecopa,5,7,open,Added,8.6,1,2,7,,,,
2017,emergence,Tecopa,6,7,shrub,Ambient,9.5,8,0,9,,,,
2017,emergence,Tecopa,6,7,open,Ambient,7.8,8,0,1,,,,
2017,emergence,Tecopa,7,7,shrub,Added,9.6,1,0,15,,,,
2017,emergence,Tecopa,7,7,open,Added,7.2,1,0,0,,,,
2017,emergence,Tecopa,8,7,shrub,Ambient,7.7,0,0,6,,,,
2017,emergence,Tecopa,8,7,open,Ambient,9.2,0,0,3,,,,
2017,emergence,Tecopa,9,7,shrub,Added,8.4,0,1,0,,,,
2017,emergence,Tecopa,9,7,open,Added,8.8,1,1,5,,,,
2017,emergence,Tecopa,10,7,shrub,Ambient,7.7,0,0,8,,,,
2017,emergence,Tecopa,10,7,open,Ambient,9.8,0,0,0,,,,
2017,emergence,Tecopa,11,7,shrub,Added,9,1,0,3,,,,
2017,emergence,Tecopa,11,7,open,Added,6.6,0,0,7,,,,
2017,emergence,Tecopa,12,7,shrub,Ambient,8.1,0,0,1,,,,
2017,emergence,Tecopa,12,7,open,Ambient,5.2,1,0,2,,,,
2017,emergence,Tecopa,13,7,shrub,Added,6.4,0,0,0,,,,
2017,emergence,Tecopa,13,7,open,Added,7.6,4,0,0,,,,
2017,emergence,Tecopa,14,7,shrub,Ambient,3.2,0,5,8,,,,
2017,emergence,Tecopa,14,7,open,Ambient,10.2,3,0,3,,,,
2017,emergence,Tecopa,15,7,shrub,Added,6.6,0,0,1,,,,
2017,emergence,Tecopa,15,7,open,Added,7,4,0,3,,,,
2017,emergence,Tecopa,16,7,shrub,Ambient,6.9,4,0,7,,,,
2017,emergence,Tecopa,16,7,open,Ambient,5.2,0,2,3,,,,
2017,emergence,Tecopa,17,7,shrub,Added,8.5,1,0,5,,,,
2017,emergence,Tecopa,17,7,open,Added,7,0,0,3,,,,
2017,emergence,Tecopa,18,7,shrub,Ambient,7.2,1,0,1,,,,
2017,emergence,Tecopa,18,7,open,Ambient,10.5,1,0,0,,,,
2017,emergence,Tecopa,19,7,shrub,Added,8.3,1,1,3,,,,
2017,emergence,Tecopa,19,7,open,Added,4.6,0,3,5,,,,
2017,emergence,Tecopa,20,7,shrub,Ambient,7.8,0,0,6,,,,
2017,emergence,Tecopa,20,7,open,Ambient,3,8,0,5,,,,
2017,emergence,Tecopa,21,7,shrub,Added,8.7,0,0,5,,,,
2017,emergence,Tecopa,21,7,open,Added,5.7,0,0,1,,,,
2017,emergence,Tecopa,22,7,shrub,Ambient,7.2,1,0,0,,,,
2017,emergence,Tecopa,22,7,open,Ambient,8.8,0,0,3,,,,
2017,emergence,Tecopa,23,7,shrub,Added,6.8,1,0,1,,,,
2017,emergence,Tecopa,23,7,open,Added,9.1,0,1,0,,,,
2017,emergence,Tecopa,24,7,shrub,Ambient,8.6,0,0,5,,,,
2017,emergence,Tecopa,24,7,open,Ambient,8,0,0,0,,,,
2017,emergence,Tecopa,25,7,shrub,Added,8.2,0,0,3,,,,
2017,emergence,Tecopa,25,7,open,Added,6.2,0,0,3,,,,
2017,emergence,Tecopa,26,7,shrub,Ambient,6.7,0,0,12,,,,
2017,emergence,Tecopa,26,7,open,Ambient,6.8,2,0,2,,,,
2017,emergence,Tecopa,27,7,shrub,Added,7.2,3,0,5,,,,
2017,emergence,Tecopa,27,7,open,Added,8,1,0,6,,,,
2017,emergence,Tecopa,28,7,shrub,Ambient,8,0,0,4,,,,
2017,emergence,Tecopa,28,7,open,Ambient,7.4,0,0,1,,,,
2017,emergence,Tecopa,29,7,shrub,Added,8.2,5,0,1,,,,
2017,emergence,Tecopa,29,7,open,Added,8.7,0,0,2,,,,
2017,emergence,Tecopa,30,7,shrub,Ambient,6.8,0,0,4,,,,
2017,emergence,Tecopa,30,7,open,Ambient,5.5,2,0,3,,,,
2017,emergence,TejonRanch,1,3,shrub,Added,7.2,0,0,0,,,,
2017,emergence,TejonRanch,1,3,open,Added,7.6,0,0,0,,,,
2017,emergence,TejonRanch,2,3,shrub,Ambient,4.7,2,3,3,,,,
2017,emergence,TejonRanch,2,3,open,Ambient,8.3,0,0,2,,,,
2017,emergence,TejonRanch,3,3,shrub,Added,7.6,0,0,2,,,,
2017,emergence,TejonRanch,3,3,open,Added,7.8,0,0,1,,,,
2017,emergence,TejonRanch,4,3,shrub,Ambient,10.5,1,0,2,,,,
2017,emergence,TejonRanch,4,3,open,Ambient,9.2,0,0,4,,,,
2017,emergence,TejonRanch,5,3,shrub,Added,6.4,2,0,3,,,,
2017,emergence,TejonRanch,5,3,open,Added,6,2,0,2,,,,
2017,emergence,TejonRanch,6,3,shrub,Ambient,5.6,0,2,10,,,,
2017,emergence,TejonRanch,6,3,open,Ambient,5.1,0,0,1,,,,
2017,emergence,TejonRanch,7,3,shrub,Added,8.9,0,0,2,,,,
2017,emergence,TejonRanch,7,3,open,Added,5.4,0,4,5,,,,
2017,emergence,TejonRanch,8,3,shrub,Ambient,6.7,0,0,2,,,,
2017,emergence,TejonRanch,8,3,open,Ambient,7.7,0,0,0,,,,
2017,emergence,TejonRanch,9,3,shrub,Added,7.2,1,3,7,,,,
2017,emergence,TejonRanch,9,3,open,Added,4.9,0,0,0,,,,
2017,emergence,TejonRanch,10,3,shrub,Ambient,10.8,0,0,2,,,,
2017,emergence,TejonRanch,10,3,open,Ambient,3.8,0,0,1,,,,
2017,emergence,TejonRanch,11,3,shrub,Added,10.5,0,0,5,,,,
2017,emergence,TejonRanch,11,3,open,Added,9,0,0,3,,,,
2017,emergence,TejonRanch,12,3,shrub,Ambient,5.8,0,0,5,,,,
2017,emergence,TejonRanch,12,3,open,Ambient,7.1,0,0,0,,,,
2017,emergence,TejonRanch,13,3,shrub,Added,6.6,0,0,1,,,,
2017,emergence,TejonRanch,13,3,open,Added,7.1,0,0,1,,,,
2017,emergence,TejonRanch,14,3,shrub,Ambient,9.7,2,0,1,,,,
2017,emergence,TejonRanch,14,3,open,Ambient,7.3,2,0,5,,,,
2017,emergence,TejonRanch,15,3,shrub,Added,7.4,0,0,1,,,,
2017,emergence,TejonRanch,15,3,open,Added,9.5,0,0,2,,,,
2017,emergence,TejonRanch,16,3,shrub,Ambient,7.9,0,0,2,,,,
2017,emergence,TejonRanch,16,3,open,Ambient,9.2,0,0,1,,,,
2017,emergence,TejonRanch,17,3,shrub,Added,9,1,0,4,,,,
2017,emergence,TejonRanch,17,3,open,Added,8.1,0,1,1,,,,
2017,emergence,TejonRanch,18,3,shrub,Ambient,8.4,2,0,2,,,,
2017,emergence,TejonRanch,18,3,open,Ambient,5.6,0,0,8,,,,
2017,emergence,TejonRanch,19,3,shrub,Added,4,0,0,6,,,,
2017,emergence,TejonRanch,19,3,open,Added,7.6,3,0,0,,,,
2017,emergence,TejonRanch,20,3,shrub,Ambient,7.8,0,2,4,,,,
2017,emergence,TejonRanch,20,3,open,Ambient,9,0,2,0,,,,
2017,emergence,TejonRanch,21,3,shrub,Added,8.8,2,2,0,,,,
2017,emergence,TejonRanch,21,3,open,Added,7.5,1,0,12,,,,
2017,emergence,TejonRanch,22,3,shrub,Ambient,7.5,0,0,1,,,,
2017,emergence,TejonRanch,22,3,open,Ambient,9,0,0,1,,,,
2017,emergence,TejonRanch,23,3,shrub,Added,5.4,0,0,0,,,,
2017,emergence,TejonRanch,23,3,open,Added,8.4,0,0,0,,,,
2017,emergence,TejonRanch,24,3,shrub,Ambient,5.6,0,0,1,,,,
2017,emergence,TejonRanch,24,3,open,Ambient,8.4,0,2,2,,,,
2017,emergence,TejonRanch,25,3,shrub,Added,8.3,0,0,1,,,,
2017,emergence,TejonRanch,25,3,open,Added,9,0,0,2,,,,
2017,emergence,TejonRanch,26,3,shrub,Ambient,10.2,0,0,3,,,,
2017,emergence,TejonRanch,26,3,open,Ambient,6.6,0,0,0,,,,
2017,emergence,TejonRanch,27,3,shrub,Added,8.5,0,0,0,,,,
2017,emergence,TejonRanch,27,3,open,Added,5,0,0,0,,,,
2017,emergence,TejonRanch,28,3,shrub,Ambient,10.6,0,3,1,,,,
2017,emergence,TejonRanch,28,3,open,Ambient,10,0,2,10,,,,
2017,emergence,TejonRanch,29,3,shrub,Added,10.8,3,0,3,,,,
2017,emergence,TejonRanch,29,3,open,Added,11.2,0,0,2,,,,
2017,emergence,TejonRanch,30,3,shrub,Ambient,7.4,3,0,1,,,,
2017,emergence,TejonRanch,30,3,open,Ambient,9,0,0,6,,,,
2017,end,PanocheHills,1,1,shrub,Added,14.8,0,0,0,,,,0
2017,end,PanocheHills,1,1,open,Added,21,0,0,0,,,,0
2017,end,PanocheHills,2,1,shrub,Ambient,16.3,0,0,0,,,,0
2017,end,PanocheHills,2,1,open,Ambient,19.3,0,0,0,,,,0
2017,end,PanocheHills,3,1,shrub,Added,12,0,0,0,,,,0
2017,end,PanocheHills,3,1,open,Added,16.8,0,0,1,,,0.031,0.031
2017,end,PanocheHills,4,1,shrub,Ambient,19,0,0,0,,,,0
2017,end,PanocheHills,4,1,open,Ambient,18.6,0,0,8,,,0.248,0.248
2017,end,PanocheHills,5,1,shrub,Added,13.1,0,0,0,,,,0
2017,end,PanocheHills,5,1,open,Added,17,0,0,3,,,0.093,0.093
2017,end,PanocheHills,6,1,shrub,Ambient,17.1,0,0,0,,,,0
2017,end,PanocheHills,6,1,open,Ambient,19,0,0,0,,,,0
2017,end,PanocheHills,7,1,shrub,Added,12.8,0,0,0,,,,0
2017,end,PanocheHills,7,1,open,Added,18.8,0,0,0,,,,0
2017,end,PanocheHills,8,1,shrub,Ambient,18.3,0,0,0,,,,0
2017,end,PanocheHills,8,1,open,Ambient,19,0,0,0,,,,0
2017,end,PanocheHills,9,1,shrub,Added,19.8,0,0,0,,,,0
2017,end,PanocheHills,9,1,open,Added,17,0,0,0,,,,0
2017,end,PanocheHills,10,1,shrub,Ambient,13.7,0,0,2,,,0.062,0.062
2017,end,PanocheHills,10,1,open,Ambient,22.4,0,0,17,,,0.527,0.527
2017,end,PanocheHills,11,1,shrub,Added,13.2,0,0,0,,,,0
2017,end,PanocheHills,11,1,open,Added,23.4,0,0,0,,,,0
2017,end,PanocheHills,12,1,shrub,Ambient,14.4,0,0,0,,,,0
2017,end,PanocheHills,12,1,open,Ambient,21.9,0,0,0,,,,0
2017,end,PanocheHills,13,1,shrub,Added,16.1,0,0,0,,,,0
2017,end,PanocheHills,13,1,open,Added,18.8,0,0,0,,,,0
2017,end,PanocheHills,14,1,shrub,Ambient,10.7,0,0,0,,,,0
2017,end,PanocheHills,14,1,open,Ambient,19.9,0,0,0,,,,0
2017,end,PanocheHills,15,1,shrub,Added,10.5,0,0,0,,,,0
2017,end,PanocheHills,15,1,open,Added,16.8,0,0,0,,,,0
2017,end,PanocheHills,16,1,shrub,Ambient,13.2,0,0,0,,,,0
2017,end,PanocheHills,16,1,open,Ambient,19.4,0,0,0,,,,0
2017,end,PanocheHills,17,1,shrub,Added,12.8,0,0,0,,,,0
2017,end,PanocheHills,17,1,open,Added,18.6,0,0,0,,,,0
2017,end,PanocheHills,18,1,shrub,Ambient,15.9,0,0,0,,,,0
2017,end,PanocheHills,18,1,open,Ambient,21.6,0,0,4,,,0.124,0.124
2017,end,PanocheHills,19,1,shrub,Added,19.8,0,0,0,,,,0
2017,end,PanocheHills,19,1,open,Added,21.8,0,0,0,,,,0
2017,end,PanocheHills,20,1,shrub,Ambient,18.4,0,0,0,,,,0
2017,end,PanocheHills,20,1,open,Ambient,24.1,0,0,0,,,,0
2017,end,PanocheHills,21,1,shrub,Added,20.5,0,0,0,,,,0
2017,end,PanocheHills,21,1,open,Added,25.4,0,0,8,,,0.248,0.248
2017,end,PanocheHills,22,1,shrub,Ambient,23,0,0,0,,,,0
2017,end,PanocheHills,22,1,open,Ambient,25,0,0,0,,,,0
2017,end,PanocheHills,23,1,shrub,Added,20.4,0,0,5,,,0.155,0.155
2017,end,PanocheHills,23,1,open,Added,25.1,0,0,6,,,0.186,0.186
2017,end,PanocheHills,24,1,shrub,Ambient,27,0,0,0,,,,0
2017,end,PanocheHills,24,1,open,Ambient,28.4,0,0,0,,,,0
2017,end,PanocheHills,25,1,shrub,Added,23.7,0,0,0,,,,0
2017,end,PanocheHills,25,1,open,Added,30,0,0,3,,,0.093,0.093
2017,end,PanocheHills,26,1,shrub,Ambient,18.1,0,0,0,,,,0
2017,end,PanocheHills,26,1,open,Ambient,22.4,0,0,0,,,,0
2017,end,PanocheHills,27,1,shrub,Added,23.1,0,0,0,,,,0
2017,end,PanocheHills,27,1,open,Added,28.6,0,0,4,,,0.124,0.124
2017,end,PanocheHills,28,1,shrub,Ambient,19.9,0,0,0,,,,0
2017,end,PanocheHills,28,1,open,Ambient,25.5,0,0,0,,,,0
2017,end,PanocheHills,29,1,shrub,Added,21.9,0,0,0,,,,0
2017,end,PanocheHills,29,1,open,Added,27.7,0,0,0,,,,0
2017,end,PanocheHills,30,1,shrub,Ambient,25.4,0,0,0,,,,0
2017,end,PanocheHills,30,1,open,Ambient,26.3,0,0,0,,,,0
2017,end,Cuyama,1,2,shrub,Added,5.6,0,0,0,,,,0
2017,end,Cuyama,1,2,open,Added,4.3,0,0,0,,,,0
2017,end,Cuyama,2,2,shrub,Ambient,2.2,0,0,0,,,,0
2017,end,Cuyama,2,2,open,Ambient,8.2,0,0,0,,,,0
2017,end,Cuyama,3,2,shrub,Added,8.1,0,0,0,,,,0
2017,end,Cuyama,3,2,open,Added,6.4,0,0,0,,,,0
2017,end,Cuyama,4,2,shrub,Ambient,0.2,0,0,0,,,,0
2017,end,Cuyama,4,2,open,Ambient,3.8,0,0,0,,,,0
2017,end,Cuyama,5,2,shrub,Added,3.3,0,0,0,,,,0
2017,end,Cuyama,5,2,open,Added,4.7,0,0,0,,,,0
2017,end,Cuyama,6,2,shrub,Ambient,4.4,3,0,0,1.8041,,,1.8041
2017,end,Cuyama,6,2,open,Ambient,5.8,0,0,0,,,,0
2017,end,Cuyama,7,2,shrub,Added,2.8,0,0,0,,,,0
2017,end,Cuyama,7,2,open,Added,2.5,0,0,0,,,,0
2017,end,Cuyama,8,2,shrub,Ambient,5.2,0,0,3,,,0.1669,0.1669
2017,end,Cuyama,8,2,open,Ambient,4.4,0,0,0,,,,0
2017,end,Cuyama,9,2,shrub,Added,5.6,2,0,0,1.1002,,,1.1002
2017,end,Cuyama,9,2,open,Added,2.1,0,0,2,,,0.0803,0.0803
2017,end,Cuyama,10,2,shrub,Ambient,3,7,0,0,5.2298,,,5.2298
2017,end,Cuyama,10,2,open,Ambient,5.4,0,0,0,,,,0
2017,end,Cuyama,11,2,shrub,Added,3.2,2,0,6,0.0911,,0.1404,0.2315
2017,end,Cuyama,11,2,open,Added,4,0,0,0,,,,0
2017,end,Cuyama,12,2,shrub,Ambient,2.2,0,0,0,0.6491,,,0.6491
2017,end,Cuyama,12,2,open,Ambient,3,0,0,0,,,,0
2017,end,Cuyama,13,2,shrub,Added,3.7,0,0,0,,,,0
2017,end,Cuyama,13,2,open,Added,4.1,0,0,2,,,0.1105,0
2017,end,Cuyama,14,2,shrub,Ambient,2.8,3,0,0,0.5231,,,0
2017,end,Cuyama,14,2,open,Ambient,4.5,0,0,0,,,,0
2017,end,Cuyama,15,2,shrub,Added,3.3,0,0,0,,,,0
2017,end,Cuyama,15,2,open,Added,4.1,0,0,0,,,,0
2017,end,Cuyama,16,2,shrub,Ambient,2.3,17,0,0,1.5642,,,0
2017,end,Cuyama,16,2,open,Ambient,4.4,0,0,0,,,,0
2017,end,Cuyama,17,2,shrub,Added,2.9,2,0,0,0.2354,,,0
2017,end,Cuyama,17,2,open,Added,5,0,0,0,,,,0
2017,end,Cuyama,18,2,shrub,Ambient,3.4,0,0,0,,,,0
2017,end,Cuyama,18,2,open,Ambient,4.7,0,0,0,,,,0
2017,end,Cuyama,19,2,shrub,Added,2.1,2,0,0,0.4144,,,0
2017,end,Cuyama,19,2,open,Added,3.3,0,0,0,,,,0
2017,end,Cuyama,20,2,shrub,Ambient,4.1,2,0,0,0.2234,,,0
2017,end,Cuyama,20,2,open,Ambient,4,0,0,0,,,,0
2017,end,Cuyama,21,2,shrub,Added,2.2,0,0,0,,,,0
2017,end,Cuyama,21,2,open,Added,4,0,0,5,,,0.1855,0
2017,end,Cuyama,22,2,shrub,Ambient,3.1,0,0,0,,,,0
2017,end,Cuyama,22,2,open,Ambient,4.7,0,0,1,,,0.0988,0
2017,end,Cuyama,23,2,shrub,Added,2.3,3,0,3,0.7955,,0.2388,0
2017,end,Cuyama,23,2,open,Added,3.1,0,0,2,,,0.2977,0
2017,end,Cuyama,24,2,shrub,Ambient,2.9,1,0,6,0.1055,,0.5659,0
2017,end,Cuyama,24,2,open,Ambient,4.5,0,0,4,,,0.4582,0
2017,end,Cuyama,25,2,shrub,Added,3.9,0,0,0,,,,0
2017,end,Cuyama,25,2,open,Added,4.1,0,0,0,,,,0
2017,end,Cuyama,26,2,shrub,Ambient,3.6,0,0,0,,,,0
2017,end,Cuyama,26,2,open,Ambient,3.8,0,0,0,,,,0
2017,end,Cuyama,27,2,shrub,Added,3.9,0,0,0,,,,0
2017,end,Cuyama,27,2,open,Added,4.5,0,0,0,,,,0
2017,end,Cuyama,28,2,shrub,Ambient,2.9,0,0,0,,,,0
2017,end,Cuyama,28,2,open,Ambient,3.7,0,0,0,,,,0
2017,end,Cuyama,29,2,shrub,Added,2.3,0,0,0,,,,0
2017,end,Cuyama,29,2,open,Added,4,0,0,0,,,,0
2017,end,Cuyama,30,2,shrub,Ambient,3,0,0,0,,,,0
2017,end,Cuyama,30,2,open,Ambient,4.1,0,0,0,,,,0
2017,end,Barstow,1,4,shrub,Added,2.1,1,2,0,0.4521,0.8755,,0
2017,end,Barstow,1,4,open,Added,3.6,0,1,0,,0.4527,,0
2017,end,Barstow,2,4,shrub,Ambient,2.6,1,0,1,0.2655,,0.4382,0
2017,end,Barstow,2,4,open,Ambient,3.5,0,0,0,,,,0
2017,end,Barstow,3,4,shrub,Added,2.9,0,0,0,,,,0
2017,end,Barstow,3,4,open,Added,3.7,0,0,0,,,,0
2017,end,Barstow,4,4,shrub,Ambient,3.6,0,0,0,,,,0
2017,end,Barstow,4,4,open,Ambient,4,0,0,0,,,,0
2017,end,Barstow,5,4,shrub,Added,2.5,1,0,0,,,,0
2017,end,Barstow,5,4,open,Added,4.1,0,0,0,,,,0
2017,end,Barstow,6,4,shrub,Ambient,2.4,5,8,0,0.9732,0.1209,,1.0941
2017,end,Barstow,6,4,open,Ambient,2.7,1,0,1,,,,0
2017,end,Barstow,7,4,shrub,Added,3.2,2,4,0,0.2434,,,0.2434
2017,end,Barstow,7,4,open,Added,3.4,0,2,0,,1.0149,,1.0149
2017,end,Barstow,8,4,shrub,Ambient,3.7,0,0,0,,0.1321,,0.1321
2017,end,Barstow,8,4,open,Ambient,3.2,1,1,1,,,,0
2017,end,Barstow,9,4,shrub,Added,4.1,0,1,0,,0.0956,,0.0956
2017,end,Barstow,9,4,open,Added,2.6,0,1,2,,,0.8761,0.8761
2017,end,Barstow,10,4,shrub,Ambient,1.8,0,0,0,,0.1465,,0.1465
2017,end,Barstow,10,4,open,Ambient,4.9,0,0,1,,,0.4409,0.4409
2017,end,Barstow,11,4,shrub,Added,3.4,0,0,0,,,,0
2017,end,Barstow,11,4,open,Added,5,2,0,2,,,,0
2017,end,Barstow,12,4,shrub,Ambient,4.6,0,0,1,,,0.0545,0.0545
2017,end,Barstow,12,4,open,Ambient,4,0,0,0,,,,0
2017,end,Barstow,13,4,shrub,Added,3.2,0,7,0,,,,0
2017,end,Barstow,13,4,open,Added,1,1,1,1,0.0549,0.1163,,0.1712
2017,end,Barstow,14,4,shrub,Ambient,3,0,0,0,,,,0
2017,end,Barstow,14,4,open,Ambient,3.7,0,0,0,,,,0
2017,end,Barstow,15,4,shrub,Added,4.2,0,0,0,,,,0
2017,end,Barstow,15,4,open,Added,3.2,0,2,0,,0.2458,,0
2017,end,Barstow,16,4,shrub,Ambient,2,0,2,0,,0.1645,,0
2017,end,Barstow,16,4,open,Ambient,3.2,0,3,0,,0.1344,,0
2017,end,Barstow,17,4,shrub,Added,2.9,2,0,0,1.1969,,,1.1969
2017,end,Barstow,17,4,open,Added,3.9,0,0,0,,,,0
2017,end,Barstow,18,4,shrub,Ambient,3.2,0,0,0,,,,0
2017,end,Barstow,18,4,open,Ambient,3.7,0,0,0,,,,0
2017,end,Barstow,19,4,shrub,Added,2.2,2,0,3,,0.5516,0.5421,1.0937
2017,end,Barstow,19,4,open,Added,4.2,2,4,0,0.3308,0.2002,,0.531
2017,end,Barstow,20,4,shrub,Ambient,4.7,0,0,1,,,0.3111,0.3111
2017,end,Barstow,20,4,open,Ambient,6,0,0,0,,,,0
2017,end,Barstow,21,4,shrub,Added,3.4,0,0,0,,,,0
2017,end,Barstow,21,4,open,Added,3.3,0,1,6,,,5.1972,5.1972
2017,end,Barstow,22,4,shrub,Ambient,3.2,2,0,1,0.7501,,,0.7501
2017,end,Barstow,22,4,open,Ambient,1.4,1,5,0,0.0546,0.3324,,0.387
2017,end,Barstow,23,4,shrub,Added,2.8,1,3,0,0.0701,,,0.0701
2017,end,Barstow,23,4,open,Added,3.2,0,2,1,,,0.0312,0.0312
2017,end,Barstow,24,4,shrub,Ambient,4.7,2,5,0,0.9242,,,0.9242
2017,end,Barstow,24,4,open,Ambient,6.5,0,2,1,,0.2244,,0.2244
2017,end,Barstow,25,4,shrub,Added,3,3,7,0,0.1537,,,0.1537
2017,end,Barstow,25,4,open,Added,3.9,1,5,0,,0.1667,,0.1667
2017,end,Barstow,26,4,shrub,Ambient,2.4,3,7,0,,,0.5955,0.5955
2017,end,Barstow,26,4,open,Ambient,4.8,3,2,0,0.1033,0.0763,,0.1796
2017,end,Barstow,27,4,shrub,Added,2.8,0,3,14,,,1.9432,1.9432
2017,end,Barstow,27,4,open,Added,3.6,0,0,0,,,,0
2017,end,Barstow,28,4,shrub,Ambient,2.8,3,0,0,0.6297,,,0.6297
2017,end,Barstow,28,4,open,Ambient,1.9,0,6,1,,,,0
2017,end,Barstow,29,4,shrub,Added,2.5,0,0,0,,,,0
2017,end,Barstow,29,4,open,Added,3,2,1,6,0.4297,,0.2322,0.6619
2017,end,Barstow,30,4,shrub,Ambient,2.9,0,0,0,,,0.1652,0.1652
2017,end,Barstow,30,4,open,Ambient,2,0,0,0,,,,0
2017,end,HeartofMojave,1,5,shrub,Added,2.6,2,0,8,0.4384,,0.5331,0.9715
2017,end,HeartofMojave,1,5,open,Added,1.8,1,5,2,0.0581,0.1475,0.2757,0.4813
2017,end,HeartofMojave,2,5,shrub,Ambient,0.9,2,0,1,0.0886,,0.0394,0.128
2017,end,HeartofMojave,2,5,open,Ambient,0.8,0,0,0,,,,0
2017,end,HeartofMojave,3,5,shrub,Added,2.4,0,0,2,,,0.0427,0.0427
2017,end,HeartofMojave,3,5,open,Added,0.8,0,0,2,,,0.0425,0.0425
2017,end,HeartofMojave,4,5,shrub,Ambient,2,1,0,2,0.0324,,0.0509,0.0833
2017,end,HeartofMojave,4,5,open,Ambient,1.8,0,0,4,,,0.0387,0.0387
2017,end,HeartofMojave,5,5,shrub,Added,2,2,0,6,0.3642,,0.2913,0.6555
2017,end,HeartofMojave,5,5,open,Added,2.6,0,4,0,,0.1787,,0.1787
2017,end,HeartofMojave,6,5,shrub,Ambient,1.8,0,7,9,,0.1297,0.6701,0.7998
2017,end,HeartofMojave,6,5,open,Ambient,2,0,2,1,,,0.039,0.039
2017,end,HeartofMojave,7,5,shrub,Added,1.7,0,0,1,,,0.0547,0.0547
2017,end,HeartofMojave,7,5,open,Added,2.1,0,11,4,,2.1942,0.2906,2.4848
2017,end,HeartofMojave,8,5,shrub,Ambient,3,0,0,0,,,,0
2017,end,HeartofMojave,8,5,open,Ambient,2.1,2,0,6,0.0552,,0.1241,0.1793
2017,end,HeartofMojave,9,5,shrub,Added,2.8,2,0,11,0.3796,0.1938,1.2667,1.8401
2017,end,HeartofMojave,9,5,open,Added,2.6,0,0,7,,,0.7925,0.7925
2017,end,HeartofMojave,10,5,shrub,Ambient,3.5,1,0,4,0.0275,,0.0845,0.112
2017,end,HeartofMojave,10,5,open,Ambient,4.8,0,0,0,,,,0
2017,end,HeartofMojave,11,5,shrub,Added,2.6,2,0,2,0.4758,,0.2949,0.7707
2017,end,HeartofMojave,11,5,open,Added,1.7,0,0,10,,,1.5345,1.5345
2017,end,HeartofMojave,12,5,shrub,Ambient,3.2,1,0,4,0.0812,,0.3536,0.4348
2017,end,HeartofMojave,12,5,open,Ambient,3.2,0,0,3,,,0.1126,0.1126
2017,end,HeartofMojave,13,5,shrub,Added,1.9,1,0,4,0.1747,,0.6383,0.813
2017,end,HeartofMojave,13,5,open,Added,2.3,0,0,6,,,0.1732,0.1732
2017,end,HeartofMojave,14,5,shrub,Ambient,3.1,4,0,3,0.2416,,0.0986,0.3402
2017,end,HeartofMojave,14,5,open,Ambient,3.3,0,3,3,,0.0318,0.0478,0.0796
2017,end,HeartofMojave,15,5,shrub,Added,2.6,0,0,2,,,0.3522,0.3522
2017,end,HeartofMojave,15,5,open,Added,3.5,1,5,7,0.0493,0.3867,2.2194,2.6554
2017,end,HeartofMojave,16,5,shrub,Ambient,2.2,0,2,3,,0.1471,0.2291,0.3762
2017,end,HeartofMojave,16,5,open,Ambient,2,0,0,5,,,0.1537,0.1537
2017,end,HeartofMojave,17,5,shrub,Added,2.1,0,3,0,,0.1605,,0.1605
2017,end,HeartofMojave,17,5,open,Added,2.6,1,3,3,0.2511,0.3604,0.8485,1.46
2017,end,HeartofMojave,18,5,shrub,Ambient,2.6,0,0,4,,,0.1134,0.1134
2017,end,HeartofMojave,18,5,open,Ambient,0.4,1,0,1,0.3344,,0.0684,0.4028
2017,end,HeartofMojave,19,5,shrub,Added,1.9,5,0,2,5.7485,,0.1029,5.8514
2017,end,HeartofMojave,19,5,open,Added,2.6,0,5,6,,0.4643,0.8003,1.2646
2017,end,HeartofMojave,20,5,shrub,Ambient,2,6,2,11,0.4349,0.0922,0.969,1.4961
2017,end,HeartofMojave,20,5,open,Ambient,2.2,5,0,10,3.0015,,1.0345,4.036
2017,end,HeartofMojave,21,5,shrub,Added,0,1,2,0,0.4226,0.1115,,0.5341
2017,end,HeartofMojave,21,5,open,Added,1.5,3,11,5,1.9834,1.5584,0.3141,3.8559
2017,end,HeartofMojave,22,5,shrub,Ambient,1.3,6,0,3,6.7194,,0.093,6.8124
2017,end,HeartofMojave,22,5,open,Ambient,1.7,2,0,4,3.2815,,0.2709,3.5524
2017,end,HeartofMojave,23,5,shrub,Added,2.3,2,3,4,1.9945,0.178,0.7945,2.967
2017,end,HeartofMojave,23,5,open,Added,3.8,0,5,13,,0.8129,2.8167,3.6296
2017,end,HeartofMojave,24,5,shrub,Ambient,3.6,6,0,13,1.2673,,0.6997,1.967
2017,end,HeartofMojave,24,5,open,Ambient,0.6,0,0,8,,,0.3172,0.3172
2017,end,HeartofMojave,25,5,shrub,Added,2.4,2,0,3,5.0332,,0.9467,5.9799
2017,end,HeartofMojave,25,5,open,Added,2.6,3,5,11,3.3546,0.4869,2.6677,6.5092
2017,end,HeartofMojave,26,5,shrub,Ambient,2.4,3,0,6,0.8331,,0.1011,0.9342
2017,end,HeartofMojave,26,5,open,Ambient,0.4,0,0,0,,,,0
2017,end,HeartofMojave,27,5,shrub,Added,2.3,1,0,5,1.3272,,0.2811,1.6083
2017,end,HeartofMojave,27,5,open,Added,0.9,0,4,10,,0.6044,1.5262,2.1306
2017,end,HeartofMojave,28,5,shrub,Ambient,1.6,3,2,5,0.2691,0.0131,0.101,0.3832
2017,end,HeartofMojave,28,5,open,Ambient,1.1,0,0,0,,,,0
2017,end,HeartofMojave,29,5,shrub,Added,2.2,0,0,0,,,,0
2017,end,HeartofMojave,29,5,open,Added,4,0,5,11,5.0361,0.3567,,5.3928
2017,end,HeartofMojave,30,5,shrub,Ambient,1.8,3,0,13,2.6271,,1.3794,4.0065
2017,end,HeartofMojave,30,5,open,Ambient,3.2,0,0,0,,,,0
2017,end,SheepholeValley,1,6,shrub,Added,1.4,3,5,0,0.3747,1.0013,4.8279,6.2039
2017,end,SheepholeValley,1,6,open,Added,1.5,0,2,3,,0.242,0.2825,0.5245
2017,end,SheepholeValley,2,6,shrub,Ambient,1.4,4,5,9,0.7084,0.2311,1.3981,2.3376
2017,end,SheepholeValley,2,6,open,Ambient,1.7,0,0,4,,,0.0565,0.0565
2017,end,SheepholeValley,3,6,shrub,Added,3.2,6,7,6,1.3199,1.2242,1.8706,4.4147
2017,end,SheepholeValley,3,6,open,Added,2.2,2,0,3,0.3362,,1.2241,1.5603
2017,end,SheepholeValley,4,6,shrub,Ambient,1.2,6,0,5,1.682,,1.2542,2.9362
2017,end,SheepholeValley,4,6,open,Ambient,2.4,1,6,10,0.0943,,0.6966,0.7909
2017,end,SheepholeValley,5,6,shrub,Added,1.5,0,2,0,,0.1234,,0.1234
2017,end,SheepholeValley,5,6,open,Added,3.2,0,4,7,,1.0168,2.593,3.6098
2017,end,SheepholeValley,6,6,shrub,Ambient,1.1,1,0,5,0.6917,,0.2269,0.9186
2017,end,SheepholeValley,6,6,open,Ambient,0.5,0,2,5,,0.2168,0.0658,0.2826
2017,end,SheepholeValley,7,6,shrub,Added,0.1,1,0,7,0.2315,,0.5056,0.7371
2017,end,SheepholeValley,7,6,open,Added,0.4,0,0,0,,,,0
2017,end,SheepholeValley,8,6,shrub,Ambient,0,0,0,1,,,0.0378,0.0378
2017,end,SheepholeValley,8,6,open,Ambient,0.4,0,3,3,,0.0516,0.1088,0.1604
2017,end,SheepholeValley,9,6,shrub,Added,2.3,2,8,4,0.3213,0.7477,1.0064,2.0754
2017,end,SheepholeValley,9,6,open,Added,0.1,0,0,4,,,0.9798,0.9798
2017,end,SheepholeValley,10,6,shrub,Ambient,1.2,1,5,11,,,,0
2017,end,SheepholeValley,10,6,open,Ambient,1.6,0,0,4,,,0.2106,0.2106
2017,end,SheepholeValley,11,6,shrub,Added,0.4,0,0,0,,,,0
2017,end,SheepholeValley,11,6,open,Added,0.6,0,0,0,,,,0
2017,end,SheepholeValley,12,6,shrub,Ambient,0.2,8,0,4,0.4511,0.3866,0.4221,1.2598
2017,end,SheepholeValley,12,6,open,Ambient,2.6,3,8,12,,,,0
2017,end,SheepholeValley,13,6,shrub,Added,1.8,6,7,6,0.4038,0.3415,1.6089,2.3542
2017,end,SheepholeValley,13,6,open,Added,1.3,0,0,2,,0.4691,2.183,2.6521
2017,end,SheepholeValley,14,6,shrub,Ambient,1.4,0,0,14,,,0.6403,0.6403
2017,end,SheepholeValley,14,6,open,Ambient,0.2,0,0,3,0.1195,0.1235,0.1081,0.3511
2017,end,SheepholeValley,15,6,shrub,Added,0,0,0,11,2.0621,0.2455,1.3676,3.6752
2017,end,SheepholeValley,15,6,open,Added,2.3,0,0,15,,0.8919,3.1658,4.0577
2017,end,SheepholeValley,16,6,shrub,Ambient,0.6,6,7,20,2.1582,0.6915,3.2445,6.0942
2017,end,SheepholeValley,16,6,open,Ambient,1.1,2,10,9,0.093,0.4247,1.2039,1.7216
2017,end,SheepholeValley,17,6,shrub,Added,1.2,4,4,6,,,1.5939,1.5939
2017,end,SheepholeValley,17,6,open,Added,1.6,0,5,7,,,1.6886,1.6886
2017,end,SheepholeValley,18,6,shrub,Ambient,1.9,0,0,12,,,0.4759,0.4759
2017,end,SheepholeValley,18,6,open,Ambient,0.8,5,2,7,,,0.0425,0.0425
2017,end,SheepholeValley,19,6,shrub,Added,1.8,1,7,15,0.9386,1.4805,1.0792,3.4983
2017,end,SheepholeValley,19,6,open,Added,2.6,0,3,13,,,4.4162,4.4162
2017,end,SheepholeValley,20,6,shrub,Ambient,0.8,3,4,2,1.5546,,0.5311,2.0857
2017,end,SheepholeValley,20,6,open,Ambient,0.6,0,0,0,0.3058,0.2032,0.6148,1.1238
2017,end,SheepholeValley,21,6,shrub,Added,1.4,6,3,5,8.8425,0.1885,0.6751,9.7061
2017,end,SheepholeValley,21,6,open,Added,1.5,0,2,7,,0.7179,2.0572,2.7751
2017,end,SheepholeValley,22,6,shrub,Ambient,1.5,5,10,19,1.0321,0.6335,2.5006,4.1662
2017,end,SheepholeValley,22,6,open,Ambient,0,2,6,5,0.6209,0.3869,0.1613,1.1691
2017,end,SheepholeValley,23,6,shrub,Added,2.2,1,0,7,0.2272,,0.7522,0.9794
2017,end,SheepholeValley,23,6,open,Added,2,0,3,11,,0.3254,3.3898,3.7152
2017,end,SheepholeValley,24,6,shrub,Ambient,1.1,0,0,9,,,0.8844,0.8844
2017,end,SheepholeValley,24,6,open,Ambient,2.3,3,0,5,0.0566,,0.3759,0.4325
2017,end,SheepholeValley,25,6,shrub,Added,1.4,3,5,8,0.365,0.3253,1.7353,2.4256
2017,end,SheepholeValley,25,6,open,Added,2.6,3,8,11,1.0691,1.6175,2.7862,5.4728
2017,end,SheepholeValley,26,6,shrub,Ambient,1.1,1,4,0,0.3611,0.2018,,0.5629
2017,end,SheepholeValley,26,6,open,Ambient,1.2,2,4,2,2.6964,0.3283,0.2119,3.2366
2017,end,SheepholeValley,27,6,shrub,Added,0.8,5,0,0,1.8903,,,1.8903
2017,end,SheepholeValley,27,6,open,Added,1.5,3,5,1,2.7034,0.5437,1.4183,4.6654
2017,end,SheepholeValley,28,6,shrub,Ambient,2.5,1,0,8,0.0167,,0.6766,0.6933
2017,end,SheepholeValley,28,6,open,Ambient,3.2,0,0,7,,,0.4155,0.4155
2017,end,SheepholeValley,29,6,shrub,Added,1.6,4,0,3,2.7881,,1.7381,4.5262
2017,end,SheepholeValley,29,6,open,Added,1.3,0,9,0,,1.6819,,1.6819
2017,end,SheepholeValley,30,6,shrub,Ambient,1.8,0,0,11,,,1.1914,1.1914
2017,end,SheepholeValley,30,6,open,Ambient,2.5,2,4,2,0.5017,0.4158,0.3642,1.2817
2017,end,Tecopa,1,7,shrub,Added,2.4,0,0,0,,,,0
2017,end,Tecopa,1,7,open,Added,3.4,0,0,2,,,0.1124,0.1124
2017,end,Tecopa,2,7,shrub,Ambient,1.8,0,0,3,,,0.1403,0.1403
2017,end,Tecopa,2,7,open,Ambient,2.6,0,0,0,,,,0
2017,end,Tecopa,3,7,shrub,Added,1.8,0,0,0,,,,0
2017,end,Tecopa,3,7,open,Added,2.2,0,0,1,,,0.0439,0.0439
2017,end,Tecopa,4,7,shrub,Ambient,2.8,0,0,0,,,,0
2017,end,Tecopa,4,7,open,Ambient,2.6,0,0,0,,,,0
2017,end,Tecopa,5,7,shrub,Added,4.2,0,0,0,,,,0
2017,end,Tecopa,5,7,open,Added,4,0,0,0,,,,0
2017,end,Tecopa,6,7,shrub,Ambient,2.7,0,0,0,,,,0
2017,end,Tecopa,6,7,open,Ambient,3.8,0,0,0,,,,0
2017,end,Tecopa,7,7,shrub,Added,1.5,0,0,0,,,,0
2017,end,Tecopa,7,7,open,Added,4.6,0,0,0,,,,0
2017,end,Tecopa,8,7,shrub,Ambient,1.4,0,0,0,,,,0
2017,end,Tecopa,8,7,open,Ambient,3.2,0,0,0,,,,0
2017,end,Tecopa,9,7,shrub,Added,4,0,0,0,,,,0
2017,end,Tecopa,9,7,open,Added,1,0,0,0,,,,0
2017,end,Tecopa,10,7,shrub,Ambient,2.4,0,0,1,,,0.2341,0.2341
2017,end,Tecopa,10,7,open,Ambient,3.2,0,0,0,,,0.0211,0.0211
2017,end,Tecopa,11,7,shrub,Added,3.3,2,0,1,0.072,,0.2291,0.3011
2017,end,Tecopa,11,7,open,Added,2,0,0,2,,,0.0627,0.0627
2017,end,Tecopa,12,7,shrub,Ambient,2.6,0,0,1,,,,0
2017,end,Tecopa,12,7,open,Ambient,0.4,0,0,0,,,0.0392,0.0392
2017,end,Tecopa,13,7,shrub,Added,1.4,0,0,0,,,0.2538,0.2538
2017,end,Tecopa,13,7,open,Added,2.3,2,0,0,,,,0
2017,end,Tecopa,14,7,shrub,Ambient,2.2,0,1,2,,0.1286,0.3293,0.4579
2017,end,Tecopa,14,7,open,Ambient,3.4,0,0,1,,,0.136,0.136
2017,end,Tecopa,15,7,shrub,Added,1,0,0,1,,,0.2901,0.2901
2017,end,Tecopa,15,7,open,Added,1.9,3,3,4,0.6492,0.6068,1.1972,2.4532
2017,end,Tecopa,16,7,shrub,Ambient,2.1,1,0,0,0.2406,,,0.2406
2017,end,Tecopa,16,7,open,Ambient,1.8,0,0,0,,,,0
2017,end,Tecopa,17,7,shrub,Added,0.8,2,0,1,0.2232,,0.4593,0.6825
2017,end,Tecopa,17,7,open,Added,0.8,0,0,1,,,0.0474,0.0474
2017,end,Tecopa,18,7,shrub,Ambient,1.6,0,0,0,,,,0
2017,end,Tecopa,18,7,open,Ambient,1.5,0,0,0,,,,0
2017,end,Tecopa,19,7,shrub,Added,1.8,0,2,0,,0.1171,,0.1171
2017,end,Tecopa,19,7,open,Added,2.3,0,1,0,,0.0163,,0.0163
2017,end,Tecopa,20,7,shrub,Ambient,1.9,0,0,1,,,0.0351,0.0351
2017,end,Tecopa,20,7,open,Ambient,2.5,0,0,1,,,0.0366,0.0366
2017,end,Tecopa,21,7,shrub,Added,2.2,0,0,0,,,,0
2017,end,Tecopa,21,7,open,Added,2.7,0,0,0,,,,0
2017,end,Tecopa,22,7,shrub,Ambient,2.5,0,0,0,,,0.1016,0.1016
2017,end,Tecopa,22,7,open,Ambient,3,0,0,0,,,,0
2017,end,Tecopa,23,7,shrub,Added,1.7,0,0,0,,,,0
2017,end,Tecopa,23,7,open,Added,3,0,0,0,,,,0
2017,end,Tecopa,24,7,shrub,Ambient,1.6,0,0,0,,,,0
2017,end,Tecopa,24,7,open,Ambient,3.4,0,0,0,,,,0
2017,end,Tecopa,25,7,shrub,Added,1.8,0,0,1,,,0.0989,0.0989
2017,end,Tecopa,25,7,open,Added,2.3,0,0,2,,,0.0507,0.0507
2017,end,Tecopa,26,7,shrub,Ambient,1.7,0,0,0,,,,0
2017,end,Tecopa,26,7,open,Ambient,2.6,0,0,0,,,,0
2017,end,Tecopa,27,7,shrub,Added,2.4,0,0,0,,,,0
2017,end,Tecopa,27,7,open,Added,2.2,0,0,0,,,,0
2017,end,Tecopa,28,7,shrub,Ambient,2.6,0,0,0,,,,0
2017,end,Tecopa,28,7,open,Ambient,2.6,0,0,0,,,,0
2017,end,Tecopa,29,7,shrub,Added,2.6,0,0,0,,,,0
2017,end,Tecopa,29,7,open,Added,1.9,0,0,0,,,,0
2017,end,Tecopa,30,7,shrub,Ambient,2.2,0,0,0,,,,0
2017,end,Tecopa,30,7,open,Ambient,3.3,0,0,0,,,,0
2017,end,TejonRanch,1,3,shrub,Added,2.7,0,0,1,,,0.3158,0
2017,end,TejonRanch,1,3,open,Added,2.8,0,0,0,,,,0
2017,end,TejonRanch,2,3,shrub,Ambient,0.9,0,0,0,,,,0
2017,end,TejonRanch,2,3,open,Ambient,1.4,0,0,0,,,,0
2017,end,TejonRanch,3,3,shrub,Added,1.5,0,0,0,,,0.2899,0
2017,end,TejonRanch,3,3,open,Added,1.3,0,0,0,,,0.2435,0
2017,end,TejonRanch,4,3,shrub,Ambient,0.1,0,0,1,,,,0
2017,end,TejonRanch,4,3,open,Ambient,0.5,0,0,1,,,,0
2017,end,TejonRanch,5,3,shrub,Added,3.1,0,0,0,,,,0
2017,end,TejonRanch,5,3,open,Added,2.6,0,0,2,,,0.1863,0.1863
2017,end,TejonRanch,6,3,shrub,Ambient,3.2,0,0,0,,,,0
2017,end,TejonRanch,6,3,open,Ambient,3,0,0,0,,,,0
2017,end,TejonRanch,7,3,shrub,Added,2.6,0,0,0,,,,0
2017,end,TejonRanch,7,3,open,Added,1.2,0,0,0,,,,0
2017,end,TejonRanch,8,3,shrub,Ambient,1.4,0,0,2,,,0.4697,0
2017,end,TejonRanch,8,3,open,Ambient,0.2,0,0,0,,,,0
2017,end,TejonRanch,9,3,shrub,Added,0.8,0,0,0,,,,0
2017,end,TejonRanch,9,3,open,Added,3.2,0,0,0,,,,0
2017,end,TejonRanch,10,3,shrub,Ambient,1,0,0,0,,,,0
2017,end,TejonRanch,10,3,open,Ambient,0.3,0,0,0,,,,0
2017,end,TejonRanch,11,3,shrub,Added,0.8,0,0,0,,,,0
2017,end,TejonRanch,11,3,open,Added,0.6,0,0,2,,,0.2588,0
2017,end,TejonRanch,12,3,shrub,Ambient,1.4,0,0,1,,,0.2344,0
2017,end,TejonRanch,12,3,open,Ambient,1.2,0,0,1,,,0.0477,0.0477
2017,end,TejonRanch,13,3,shrub,Added,2,0,0,2,,,,0
2017,end,TejonRanch,13,3,open,Added,2.6,0,0,0,,,,0
2017,end,TejonRanch,14,3,shrub,Ambient,1.8,0,0,0,0.0856,,,0.0856
2017,end,TejonRanch,14,3,open,Ambient,2,0,0,2,,,0.3755,0
2017,end,TejonRanch,15,3,shrub,Added,1.4,0,0,1,,,0.3278,0
2017,end,TejonRanch,15,3,open,Added,0.6,0,0,0,,,,0
2017,end,TejonRanch,16,3,shrub,Ambient,0.8,0,0,0,,,,0
2017,end,TejonRanch,16,3,open,Ambient,2,0,0,0,,,,0
2017,end,TejonRanch,17,3,shrub,Added,2.8,0,0,0,,,,0
2017,end,TejonRanch,17,3,open,Added,3,0,0,1,,,0.1112,0.1112
2017,end,TejonRanch,18,3,shrub,Ambient,2.4,0,0,0,,,,0
2017,end,TejonRanch,18,3,open,Ambient,2.6,0,0,4,,,0.5134,0.5134
2017,end,TejonRanch,19,3,shrub,Added,2.7,0,0,0,,,,0
2017,end,TejonRanch,19,3,open,Added,1.8,0,0,1,,,0.2203,0
2017,end,TejonRanch,20,3,shrub,Ambient,1.4,0,0,2,,,0.4428,0
2017,end,TejonRanch,20,3,open,Ambient,2,0,0,0,,,,0
2017,end,TejonRanch,21,3,shrub,Added,2,0,0,0,,,,0
2017,end,TejonRanch,21,3,open,Added,2.2,0,0,0,,,,0
2017,end,TejonRanch,22,3,shrub,Ambient,2.1,0,0,0,,,,0
2017,end,TejonRanch,22,3,open,Ambient,1,0,0,0,,,,0
2017,end,TejonRanch,23,3,shrub,Added,0.8,0,0,0,,,,0
2017,end,TejonRanch,23,3,open,Added,1.4,0,0,1,,,0.2987,0
2017,end,TejonRanch,24,3,shrub,Ambient,1.6,0,0,0,,,,0
2017,end,TejonRanch,24,3,open,Ambient,0.4,0,0,0,,,,0
2017,end,TejonRanch,25,3,shrub,Added,2.6,0,0,0,,,,0
2017,end,TejonRanch,25,3,open,Added,2.4,0,0,0,,,,0
2017,end,TejonRanch,26,3,shrub,Ambient,1.2,0,0,2,,,0.4644,0
2017,end,TejonRanch,26,3,open,Ambient,1.7,0,0,1,,,0.1979,0
2017,end,TejonRanch,27,3,shrub,Added,1,0,0,0,,,,0
2017,end,TejonRanch,27,3,open,Added,2.9,0,0,1,,,0.2521,0
2017,end,TejonRanch,28,3,shrub,Ambient,3.4,0,0,0,,,,0
2017,end,TejonRanch,28,3,open,Ambient,1.7,0,0,5,,,0.7855,0
2017,end,TejonRanch,29,3,shrub,Added,2.2,0,0,2,,,0.5422,0
2017,end,TejonRanch,29,3,open,Added,0.8,0,0,0,,,,0
2017,end,TejonRanch,30,3,shrub,Ambient,0.8,0,0,0,,,,0
2017,end,TejonRanch,30,3,open,Ambient,2,0,0,0,,,,0
