Year,ID,Site,Rep,Lat,Long,Elevation,Gradient,Microsite,Abundance,Richness,Biomass,B.rubens,E.cicutarium,A.wrangelianus,S.barbatus,C.barbigera,C.claviformis,A.lentiginosus,L.arizonicus,C.rigida,H.vulgare,P.tanacetifolia,Pectocarya.spp,M.lanceolata,D.capitatum,C.brevipes,L.decorus,P.insularis,M.glabrata,C.fremontii,C.intermedia,M.bellioides,B.nigra,E.wallacei,N.demissum,L.gracilis,A.tessellata,A.grandiflora,O.deltoides,Boraginaceae sp.,P.secunda,E.glyptosperma,B.diandrus,M.affinis,L.sparsiflorus,C.cheiranthifolia,P.crenulata,S.columbariae,Erinoginum.spp,E.nitidum,R.neomexicana,C.lasiophyllus
2017,1,PanocheHills,1,36.70000998,-120.801116,656.320862,1,shrub,221,1,11.8795,221,,,,,,,,,,,,,,,,,,,,,,,,,,,,,,,,,,,,,,,,
2017,1,PanocheHills,1,36.70000998,-120.801116,656.320862,1,open,175,3,1.9986,133,39,3,,,,,,,,,,,,,,,,,,,,,,,,,,,,,,,,,,,,,,
2017,2,PanocheHills,2,36.70004804,-120.80123,656.190247,1,shrub,192,1,16.0387,192,,,,,,,,,,,,,,,,,,,,,,,,,,,,,,,,,,,,,,,,
2017,2,PanocheHills,2,36.70004804,-120.80123,656.190247,1,open,161,4,5.6403,115,42,1,,,,3,,,,,,,,,,,,,,,,,,,,,,,,,,,,,,,,,,
2017,3,PanocheHills,3,36.70009598,-120.801464,656.647461,1,shrub,167,1,9.9217,167,,,,,,,,,,,,,,,,,,,,,,,,,,,,,,,,,,,,,,,,
2017,3,PanocheHills,3,36.70009598,-120.801464,656.647461,1,open,142,2,2.0209,92,50,,,,,,,,,,,,,,,,,,,,,,,,,,,,,,,,,,,,,,,
2017,4,PanocheHills,4,36.70011903,-120.801429,657.375244,1,shrub,112,1,5.7263,112,,,,,,,,,,,,,,,,,,,,,,,,,,,,,,,,,,,,,,,,
2017,4,PanocheHills,4,36.70011903,-120.801429,657.375244,1,open,143,3,3.2826,80,59,4,,,,,,,,,,,,,,,,,,,,,,,,,,,,,,,,,,,,,,
2017,5,PanocheHills,5,36.70019296,-120.801587,656.507507,1,shrub,179,1,8.6942,179,,,,,,,,,,,,,,,,,,,,,,,,,,,,,,,,,,,,,,,,
2017,5,PanocheHills,5,36.70019296,-120.801587,656.507507,1,open,162,3,3.2212,136,22,4,,,,,,,,,,,,,,,,,,,,,,,,,,,,,,,,,,,,,,
2017,6,PanocheHills,6,36.70026404,-120.80141,655.58374,1,shrub,212,1,18.6176,212,,,,,,,,,,,,,,,,,,,,,,,,,,,,,,,,,,,,,,,,
2017,6,PanocheHills,6,36.70026404,-120.80141,655.58374,1,open,146,3,3.5521,105,39,,,,,2,,,,,,,,,,,,,,,,,,,,,,,,,,,,,,,,,,
2017,7,PanocheHills,7,36.70036797,-120.801448,655.434448,1,shrub,241,1,14.5781,241,,,,,,,,,,,,,,,,,,,,,,,,,,,,,,,,,,,,,,,,
2017,7,PanocheHills,7,36.70036797,-120.801448,655.434448,1,open,141,3,5.3807,93,45,3,,,,,,,,,,,,,,,,,,,,,,,,,,,,,,,,,,,,,,
2017,8,PanocheHills,8,36.70044601,-120.80149,655.313171,1,shrub,77,2,10.6806,73,4,,,,,,,,,,,,,,,,,,,,,,,,,,,,,,,,,,,,,,,
2017,8,PanocheHills,8,36.70044601,-120.80149,655.313171,1,open,129,2,3.6375,108,21,,,,,,,,,,,,,,,,,,,,,,,,,,,,,,,,,,,,,,,
2017,9,PanocheHills,9,36.70052002,-120.801512,655.05188,1,shrub,92,1,14.8797,92,,,,,,,,,,,,,,,,,,,,,,,,,,,,,,,,,,,,,,,,
2017,9,PanocheHills,9,36.70052002,-120.801512,655.05188,1,open,131,2,3.1275,87,44,,,,,,,,,,,,,,,,,,,,,,,,,,,,,,,,,,,,,,,
2017,10,PanocheHills,10,36.70044098,-120.801595,655.537109,1,shrub,211,1,15.2486,211,,,,,,,,,,,,,,,,,,,,,,,,,,,,,,,,,,,,,,,,
2017,10,PanocheHills,10,36.70044098,-120.801595,655.537109,1,open,205,3,4.9661,176,28,,,,,,,,,,,,,,,,,,,,,,,,1,,,,,,,,,,,,,,,
2017,11,PanocheHills,11,36.70056897,-120.801704,656.432861,1,shrub,245,1,12.5518,245,,,,,,,,,,,,,,,,,,,,,,,,,,,,,,,,,,,,,,,,
2017,11,PanocheHills,11,36.70056897,-120.801704,656.432861,1,open,185,2,5.8636,97,88,,,,,,,,,,,,,,,,,,,,,,,,,,,,,,,,,,,,,,,
2017,12,PanocheHills,12,36.700631,-120.801863,657.030029,1,shrub,250,1,22.5373,250,,,,,,,,,,,,,,,,,,,,,,,,,,,,,,,,,,,,,,,,
2017,12,PanocheHills,12,36.700631,-120.801863,657.030029,1,open,163,3,7.3521,112,49,2,,,,,,,,,,,,,,,,,,,,,,,,,,,,,,,,,,,,,,
2017,13,PanocheHills,13,36.70059504,-120.801965,657.160645,1,shrub,21,2,10.9071,9,12,,,,,,,,,,,,,,,,,,,,,,,,,,,,,,,,,,,,,,,
2017,13,PanocheHills,13,36.70059504,-120.801965,657.160645,1,open,170,2,4.2946,162,8,,,,,,,,,,,,,,,,,,,,,,,,,,,,,,,,,,,,,,,
2017,14,PanocheHills,14,36.70063804,-120.801745,656.768738,1,shrub,244,1,22.4661,244,,,,,,,,,,,,,,,,,,,,,,,,,,,,,,,,,,,,,,,,
2017,14,PanocheHills,14,36.70063804,-120.801745,656.768738,1,open,128,3,2.9164,105,21,2,,,,,,,,,,,,,,,,,,,,,,,,,,,,,,,,,,,,,,
2017,15,PanocheHills,15,36.70063804,-120.802166,657.216614,1,shrub,264,1,15.14,264,,,,,,,,,,,,,,,,,,,,,,,,,,,,,,,,,,,,,,,,
2017,15,PanocheHills,15,36.70063804,-120.802166,657.216614,1,open,131,4,9.4315,98,30,2,,,,1,,,,,,,,,,,,,,,,,,,,,,,,,,,,,,,,,,
2017,16,PanocheHills,16,36.70074298,-120.802176,656.955383,1,shrub,266,1,15.054,266,,,,,,,,,,,,,,,,,,,,,,,,,,,,,,,,,,,,,,,,
2017,16,PanocheHills,16,36.70074298,-120.802176,656.955383,1,open,116,3,6.9025,91,22,3,,,,,,,,,,,,,,,,,,,,,,,,,,,,,,,,,,,,,,
2017,17,PanocheHills,17,36.70086301,-120.802219,656.022278,1,shrub,211,1,11.8891,211,,,,,,,,,,,,,,,,,,,,,,,,,,,,,,,,,,,,,,,,
2017,17,PanocheHills,17,36.70086301,-120.802219,656.022278,1,open,169,2,6.701,140,29,,,,,,,,,,,,,,,,,,,,,,,,,,,,,,,,,,,,,,,
2017,18,PanocheHills,18,36.700804,-120.802257,656.554138,1,shrub,260,1,19.1329,260,,,,,,,,,,,,,,,,,,,,,,,,,,,,,,,,,,,,,,,,
2017,18,PanocheHills,18,36.700804,-120.802257,656.554138,1,open,143,2,1.3998,112,31,,,,,,,,,,,,,,,,,,,,,,,,,,,,,,,,,,,,,,,
2017,19,PanocheHills,19,36.70073301,-120.802433,656.199585,1,shrub,170,1,12.4127,170,,,,,,,,,,,,,,,,,,,,,,,,,,,,,,,,,,,,,,,,
2017,19,PanocheHills,19,36.70073301,-120.802433,656.199585,1,open,136,2,2.3742,101,35,,,,,,,,,,,,,,,,,,,,,,,,,,,,,,,,,,,,,,,
2017,20,PanocheHills,20,36.700688,-120.802347,655.443787,1,shrub,198,1,15.2759,198,,,,,,,,,,,,,,,,,,,,,,,,,,,,,,,,,,,,,,,,
2017,20,PanocheHills,20,36.700688,-120.802347,655.443787,1,open,148,2,2.0876,140,8,,,,,,,,,,,,,,,,,,,,,,,,,,,,,,,,,,,,,,,
2017,21,PanocheHills,21,36.70053,-120.802301,655.854309,1,shrub,310,1,34.2207,310,,,,,,,,,,,,,,,,,,,,,,,,,,,,,,,,,,,,,,,,
2017,21,PanocheHills,21,36.70053,-120.802301,655.854309,1,open,129,3,2.876,15,28,,86,,,,,,,,,,,,,,,,,,,,,,,,,,,,,,,,,,,,,
2017,22,PanocheHills,22,36.70048398,-120.802091,657.141968,1,shrub,286,1,11.8944,286,,,,,,,,,,,,,,,,,,,,,,,,,,,,,,,,,,,,,,,,
2017,22,PanocheHills,22,36.70048398,-120.802091,657.141968,1,open,117,3,14.6839,59,30,,28,,,,,,,,,,,,,,,,,,,,,,,,,,,,,,,,,,,,,
2017,23,PanocheHills,23,36.70042296,-120.802111,657.748474,1,shrub,296,1,18.5904,296,,,,,,,,,,,,,,,,,,,,,,,,,,,,,,,,,,,,,,,,
2017,23,PanocheHills,23,36.70042296,-120.802111,657.748474,1,open,140,3,4.3214,108,29,3,,,,,,,,,,,,,,,,,,,,,,,,,,,,,,,,,,,,,,
2017,24,PanocheHills,24,36.70036303,-120.801976,658.252319,1,shrub,258,2,11.0173,256,,,,,,,,,2,,,,,,,,,,,,,,,,,,,,,,,,,,,,,,,
2017,24,PanocheHills,24,36.70036303,-120.801976,658.252319,1,open,165,4,13.2024,110,10,3,42,,,,,,,,,,,,,,,,,,,,,,,,,,,,,,,,,,,,,
2017,25,PanocheHills,25,36.70034601,-120.801917,658.718872,1,shrub,266,1,32.4744,266,,,,,,,,,,,,,,,,,,,,,,,,,,,,,,,,,,,,,,,,
2017,25,PanocheHills,25,36.70034601,-120.801917,658.718872,1,open,134,2,7.6474,105,29,,,,,,,,,,,,,,,,,,,,,,,,,,,,,,,,,,,,,,,
2017,26,PanocheHills,26,36.70026102,-120.802002,658.905457,1,shrub,240,1,28.1685,240,,,,,,,,,,,,,,,,,,,,,,,,,,,,,,,,,,,,,,,,
2017,26,PanocheHills,26,36.70026102,-120.802002,658.905457,1,open,186,2,3.8868,98,88,,,,,,,,,,,,,,,,,,,,,,,,,,,,,,,,,,,,,,,
2017,27,PanocheHills,27,36.700128,-120.801996,658.998779,1,shrub,286,1,10.6374,286,,,,,,,,,,,,,,,,,,,,,,,,,,,,,,,,,,,,,,,,
2017,27,PanocheHills,27,36.700128,-120.801996,658.998779,1,open,172,3,3.5042,98,62,,12,,,,,,,,,,,,,,,,,,,,,,,,,,,,,,,,,,,,,
2017,28,PanocheHills,28,36.70014703,-120.802046,659.036072,1,shrub,217,1,17.0476,217,,,,,,,,,,,,,,,,,,,,,,,,,,,,,,,,,,,,,,,,
2017,28,PanocheHills,28,36.70014703,-120.802046,659.036072,1,open,200,3,4.7176,104,91,,5,,,,,,,,,,,,,,,,,,,,,,,,,,,,,,,,,,,,,
2017,29,PanocheHills,29,36.70008902,-120.801924,658.961426,1,shrub,268,2,14.4567,263,,,,,,,,,5,,,,,,,,,,,,,,,,,,,,,,,,,,,,,,,
2017,29,PanocheHills,29,36.70008902,-120.801924,658.961426,1,open,137,2,2.364,98,39,,,,,,,,,,,,,,,,,,,,,,,,,,,,,,,,,,,,,,,
2017,30,PanocheHills,30,36.70004502,-120.801923,659.120056,1,shrub,219,2,12.6039,214,5,,,,,,,,,,,,,,,,,,,,,,,,,,,,,,,,,,,,,,,
2017,30,PanocheHills,30,36.70004502,-120.801923,659.120056,1,open,116,2,4.8698,56,60,,,,,,,,,,,,,,,,,,,,,,,,,,,,,,,,,,,,,,,
2017,31,Cuyama,1,34.85521998,-119.48851,806.83429,2,shrub,256,1,8.5812,256,,,,,,,,,,,,,,,,,,,,,,,,,,,,,,,,,,,,,,,,
2017,31,Cuyama,1,34.85521998,-119.48851,806.83429,2,open,91,5,1.6526,8,3,,21,,,,,,,,,,,,,,,,,,,,,58,1,,,,,,,,,,,,,,,
2017,32,Cuyama,2,34.85518101,-119.488553,806.526367,2,shrub,208,1,10.6613,208,,,,,,,,,,,,,,,,,,,,,,,,,,,,,,,,,,,,,,,,
2017,32,Cuyama,2,34.85518101,-119.488553,806.526367,2,open,132,2,1.1185,,7,,,,,,,,,,,,,,,,,,,,,,,125,,,,,,,,,,,,,,,,
2017,33,Cuyama,3,34.85511898,-119.488577,806.498352,2,shrub,268,2,14.3451,243,,,,,,,,,25,,,,,,,,,,,,,,,,,,,,,,,,,,,,,,,
2017,33,Cuyama,3,34.85511898,-119.488577,806.498352,2,open,103,3,3.2174,23,9,,,,,,,,,,,,,,,,,,,,,,,71,,,,,,,,,,,,,,,,
2017,34,Cuyama,4,34.85505897,-119.488544,806.619629,2,shrub,83,1,7.2237,83,,,,,,,,,,,,,,,,,,,,,,,,,,,,,,,,,,,,,,,,
2017,34,Cuyama,4,34.85505897,-119.488544,806.619629,2,open,87,3,0.8864,,6,,29,,,,,,,,,,,,,,,,,,,,,52,,,,,,,,,,,,,,,,
2017,35,Cuyama,5,34.85504597,-119.488445,807.011536,2,shrub,171,1,5.7721,171,,,,,,,,,,,,,,,,,,,,,,,,,,,,,,,,,,,,,,,,
2017,35,Cuyama,5,34.85504597,-119.488445,807.011536,2,open,116,4,6.8732,,23,,6,,,,,,,,8,,,,,,,,,,,,,79,,,,,,,,,,,,,,,,
2017,36,Cuyama,6,34.85499803,-119.488383,806.050476,2,shrub,39,2,1.4782,28,11,,,,,,,,,,,,,,,,,,,,,,,,,,,,,,,,,,,,,,,
2017,36,Cuyama,6,34.85499803,-119.488383,806.050476,2,open,83,3,1.1651,,23,,11,,,,,,,,,,,,,,,,,,,,,49,,,,,,,,,,,,,,,,
2017,37,Cuyama,7,34.854893,-119.488468,808.075256,2,shrub,174,3,16.3872,163,3,,,,,,,,,,,,,,,,,,,,,,,8,,,,,,,,,,,,,,,,
2017,37,Cuyama,7,34.854893,-119.488468,808.075256,2,open,107,3,0.9485,,10,,31,,,,,,,,,,,,,,,,,,,,,66,,,,,,,,,,,,,,,,
2017,38,Cuyama,8,34.85487901,-119.488425,808.709717,2,shrub,106,1,8.1132,106,,,,,,,,,,,,,,,,,,,,,,,,,,,,,,,,,,,,,,,,
2017,38,Cuyama,8,34.85487901,-119.488425,808.709717,2,open,52,4,0.2508,,4,,12,,,,,,,,9,,,,,,,,,,,,,27,,,,,,,,,,,,,,,,
2017,39,Cuyama,9,34.85488596,-119.488325,808.523132,2,shrub,8,1,1.4802,8,,,,,,,,,,,,,,,,,,,,,,,,,,,,,,,,,,,,,,,,
2017,39,Cuyama,9,34.85488596,-119.488325,808.523132,2,open,68,3,0.1928,,4,,38,,,,,,,,,,,,,,,,,,,,,26,,,,,,,,,,,,,,,,
2017,40,Cuyama,10,34.85476401,-119.488354,809.922729,2,shrub,165,2,3.9862,163,,,,,,,,,,2,,,,,,,,,,,,,,,,,,,,,,,,,,,,,,
2017,40,Cuyama,10,34.85476401,-119.488354,809.922729,2,open,102,3,1.0077,,12,,8,,,,,,,,,,,,,,,,,,,,,82,,,,,,,,,,,,,,,,
2017,41,Cuyama,11,34.85461799,-119.488493,809.325562,2,shrub,211,1,4.3093,211,,,,,,,,,,,,,,,,,,,,,,,,,,,,,,,,,,,,,,,,
2017,41,Cuyama,11,34.85461799,-119.488493,809.325562,2,open,109,3,1.8297,,28,,10,,,,,,,,,,,,,,,,,,,,,71,,,,,,,,,,,,,,,,
2017,42,Cuyama,12,34.854648,-119.488394,809.59613,2,shrub,110,2,6.5012,108,,,,,,,,,,2,,,,,,,,,,,,,,,,,,,,,,,,,,,,,,
2017,42,Cuyama,12,34.854648,-119.488394,809.59613,2,open,118,3,2.1893,,49,2,,,,,,,,,,,,,,,,,,,,,,67,,,,,,,,,,,,,,,,
2017,43,Cuyama,13,34.85453803,-119.48836,810.18396,2,shrub,67,2,3.7744,63,4,,,,,,,,,,,,,,,,,,,,,,,,,,,,,,,,,,,,,,,
2017,43,Cuyama,13,34.85453803,-119.48836,810.18396,2,open,82,3,1.3952,,9,,16,,,,,,,,,,,,,,,,,,,,,57,,,,,,,,,,,,,,,,
2017,44,Cuyama,14,34.854418,-119.488377,809.81073,2,shrub,50,2,2.8167,48,2,,,,,,,,,,,,,,,,,,,,,,,,,,,,,,,,,,,,,,,
2017,44,Cuyama,14,34.854418,-119.488377,809.81073,2,open,62,3,1.0549,,45,,15,,,,,,,,,,,2,,,,,,,,,,,,,,,,,,,,,,,,,,
2017,45,Cuyama,15,34.85440602,-119.488198,810.072021,2,shrub,90,1,5.0701,90,,,,,,,,,,,,,,,,,,,,,,,,,,,,,,,,,,,,,,,,
2017,45,Cuyama,15,34.85440602,-119.488198,810.072021,2,open,77,3,1.3101,,5,,10,,,,,,,,,,,,,,,,,,,,,62,,,,,,,,,,,,,,,,
2017,46,Cuyama,16,34.85436,-119.488105,810.39856,2,shrub,88,2,4.9574,83,,,,,,,,,,5,,,,,,,,,,,,,,,,,,,,,,,,,,,,,,
2017,46,Cuyama,16,34.85436,-119.488105,810.39856,2,open,50,3,0.8507,,8,,10,,,,,,,,,,,,,,,,,,,,,32,,,,,,,,,,,,,,,,
2017,47,Cuyama,17,34.85442697,-119.48802,810.016052,2,shrub,30,3,1.69,11,9,,,,,,,,,,,,,,,,,,,,,,,10,,,,,,,,,,,,,,,,
2017,47,Cuyama,17,34.85442697,-119.48802,810.016052,2,open,42,3,0.7146,,31,,6,,,,,,,,,,,,,,,,,,,,,5,,,,,,,,,,,,,,,,
2017,48,Cuyama,18,34.85448699,-119.487982,811.191711,2,shrub,182,2,10.2528,165,,,,,,,,,,,,,,,,,,,,,,,,17,,,,,,,,,,,,,,,,
2017,48,Cuyama,18,34.85448699,-119.487982,811.191711,2,open,49,3,0.8337,,17,,9,,,,,,,,,,,,,,,,,,,,,23,,,,,,,,,,,,,,,,
2017,49,Cuyama,19,34.85460802,-119.487894,811.667542,2,shrub,114,3,6.4221,107,,,,,,,,,,2,,,,,,,,,,,,,,5,,,,,,,,,,,,,,,,
2017,49,Cuyama,19,34.85460802,-119.487894,811.667542,2,open,141,3,2.3991,,17,,27,,,,,,,,,,,,,,,,,,,,,97,,,,,,,,,,,,,,,,
2017,50,Cuyama,20,34.85472403,-119.487787,809.885376,2,shrub,110,1,6.1967,110,,,,,,,,,,,,,,,,,,,,,,,,,,,,,,,,,,,,,,,,
2017,50,Cuyama,20,34.85472403,-119.487787,809.885376,2,open,160,4,2.7224,4,51,,17,,,,,,,,,,,,,,,,,,,,,88,,,,,,,,,,,,,,,,
2017,51,Cuyama,21,34.85472,-119.487714,810.417236,2,shrub,133,2,7.4924,112,,,,,,,,,,,,,,,,,,,,,,,,21,,,,,,,,,,,,,,,,
2017,51,Cuyama,21,34.85472,-119.487714,810.417236,2,open,95,4,1.6164,,11,,31,,,,,,,,,,,2,,,,,,,,,,51,,,,,,,,,,,,,,,,
2017,52,Cuyama,22,34.85483903,-119.487612,811.341003,2,shrub,122,1,6.8727,122,,,,,,,,,,,,,,,,,,,,,,,,,,,,,,,,,,,,,,,,
2017,52,Cuyama,22,34.85483903,-119.487612,811.341003,2,open,119,4,2.0248,3,10,,21,,,,,,,,,,,,,,,,,,,,,85,,,,,,,,,,,,,,,,
2017,53,Cuyama,23,34.85491999,-119.487414,810.958435,2,shrub,58,1,3.2674,58,,,,,,,,,,,,,,,,,,,,,,,,,,,,,,,,,,,,,,,,
2017,53,Cuyama,23,34.85491999,-119.487414,810.958435,2,open,55,3,0.9358,,8,,37,,,,,,,,,,,,,,,,,,,,,10,,,,,,,,,,,,,,,,
2017,54,Cuyama,24,34.85496098,-119.487277,811.630249,2,shrub,29,2,1.6337,26,,,,,,,,,,3,,,,,,,,,,,,,,,,,,,,,,,,,,,,,,
2017,54,Cuyama,24,34.85496098,-119.487277,811.630249,2,open,62,4,1.0549,,8,,30,,,,,,,,,,,1,,,,,,,,,,23,,,,,,,,,,,,,,,,
2017,55,Cuyama,25,34.85500197,-119.487363,811.900818,2,shrub,60,1,3.38,60,,,,,,,,,,,,,,,,,,,,,,,,,,,,,,,,,,,,,,,,
2017,55,Cuyama,25,34.85500197,-119.487363,811.900818,2,open,71,2,1.2081,,,,23,,,,,,,,,,,,,,,,,,,,,48,,,,,,,,,,,,,,,,
2017,56,Cuyama,26,34.85510398,-119.487522,812.180725,2,shrub,81,1,4.563,81,,,,,,,,,,,,,,,,,,,,,,,,,,,,,,,,,,,,,,,,
2017,56,Cuyama,26,34.85510398,-119.487522,812.180725,2,open,88,3,1.4973,,3,,34,,,,,,,,,,,,,,,,,,,,,51,,,,,,,,,,,,,,,,
2017,57,Cuyama,27,34.85511404,-119.487606,812.124756,2,shrub,53,1,2.9857,53,,,,,,,,,,,,,,,,,,,,,,,,,,,,,,,,,,,,,,,,
2017,57,Cuyama,27,34.85511404,-119.487606,812.124756,2,open,76,3,1.2931,,4,,33,,,,,,,,,,,,,,,,,,,,,39,,,,,,,,,,,,,,,,
2017,58,Cuyama,28,34.85508403,-119.487613,812.619263,2,shrub,35,3,1.9717,31,1,,,,,,,,,3,,,,,,,,,,,,,,,,,,,,,,,,,,,,,,
2017,58,Cuyama,28,34.85508403,-119.487613,812.619263,2,open,96,3,1.6334,,4,,47,,,,,,,,,,,,,,,,,,,,,45,,,,,,,,,,,,,,,,
2017,59,Cuyama,29,34.85499099,-119.487913,811.46228,2,shrub,115,1,6.4784,115,,,,,,,,,,,,,,,,,,,,,,,,,,,,,,,,,,,,,,,,
2017,59,Cuyama,29,34.85499099,-119.487913,811.46228,2,open,63,4,1.0719,8,6,,22,,,,,,,,,,,,,,,,,,,,,27,,,,,,,,,,,,,,,,
2017,60,Cuyama,30,34.85501697,-119.488134,811.779541,2,shrub,117,2,6.5911,115,,,,,,,,,,,,,,,,,,,,,,,,,,,,,,,,,2,,,,,,,
2017,60,Cuyama,30,34.85501697,-119.488134,811.779541,2,open,63,3,1.0719,,8,,47,,,,,,,,,,,,,,,,,,,,,8,,,,,,,,,,,,,,,,
2017,61,Barstow,1,35.094051,-116.8349,496.02,4,shrub,20,2,1.8353,,,,18,2,,,,,,,,,,,,,,,,,,,,,,,,,,,,,,,,,,,,
2017,61,Barstow,1,35.094051,-116.8349,496.02,4,open,23,2,0.1506,,,,22,1,,,,,,,,,,,,,,,,,,,,,,,,,,,,,,,,,,,,
2017,62,Barstow,2,35.093909,-116.834817,496.169,4,shrub,66,3,0.7441,,,,32,33,,,,,,,,,,,,,,1,,,,,,,,,,,,,,,,,,,,,,
2017,62,Barstow,2,35.093909,-116.834817,496.169,4,open,13,1,0.0819,,,,13,,,,,,,,,,,,,,,,,,,,,,,,,,,,,,,,,,,,,
2017,63,Barstow,3,35.093813,-116.834911,495.413,4,shrub,23,3,2.7184,,,,20,2,,,,,,,,,,1,,,,,,,,,,,,,,,,,,,,,,,,,,
2017,63,Barstow,3,35.093813,-116.834911,495.413,4,open,39,1,0.2783,,,,39,,,,,,,,,,,,,,,,,,,,,,,,,,,,,,,,,,,,,
2017,64,Barstow,4,35.093731,-116.835001,495.46,4,shrub,21,2,1.8242,,,,19,,,,,,,,,,,,,,,,,,,,,,,,,,,,,,,,,,,,,2
2017,64,Barstow,4,35.093731,-116.835001,495.46,4,open,9,3,0.2137,,,,7,,,,,1,,,,,,,,,1,,,,,,,,,,,,,,,,,,,,,,,
2017,65,Barstow,5,35.093721,-116.835008,494.984,4,shrub,11,3,1.6647,,,,6,,,,,,,,,,,,,,2,3,,,,,,,,,,,,,,,,,,,,,,
2017,65,Barstow,5,35.093721,-116.835008,494.984,4,open,21,1,0.6677,,,,21,,,,,,,,,,,,,,,,,,,,,,,,,,,,,,,,,,,,,
2017,66,Barstow,6,35.093606,-116.835026,494.76,4,shrub,9,1,1.7814,,,,9,,,,,,,,,,,,,,,,,,,,,,,,,,,,,,,,,,,,,
2017,66,Barstow,6,35.093606,-116.835026,494.76,4,open,10,2,0.582,,,,8,,,,,,,,,,,,,,,2,,,,,,,,,,,,,,,,,,,,,,
2017,67,Barstow,7,35.093593,-116.835051,495.087,4,shrub,6,2,1.7724,,,,5,,,,,,,,1,,,,,,,,,,,,,,,,,,,,,,,,,,,,,
2017,67,Barstow,7,35.093593,-116.835051,495.087,4,open,13,2,0.7463,,,,11,2,,,,,,,,,,,,,,,,,,,,,,,,,,,,,,,,,,,,
2017,68,Barstow,8,35.093579,-116.835052,495.105,4,shrub,13,2,0.5075,,,,12,,,,,,,,,,,,,,1,,,,,,,,,,,,,,,,,,,,,,,
2017,68,Barstow,8,35.093579,-116.835052,495.105,4,open,14,1,0.1004,,,,14,,,,,,,,,,,,,,,,,,,,,,,,,,,,,,,,,,,,,
2017,69,Barstow,9,35.093533,-116.835052,495.152,4,shrub,22,3,2.2413,,,,17,2,,,,,,,3,,,,,,,,,,,,,,,,,,,,,,,,,,,,,
2017,69,Barstow,9,35.093533,-116.835052,495.152,4,open,14,2,0.8743,,,,9,5,,,,,,,,,,,,,,,,,,,,,,,,,,,,,,,,,,,,
2017,70,Barstow,10,35.093424,-116.835026,494.928,4,shrub,16,1,0.5261,,,,16,,,,,,,,,,,,,,,,,,,,,,,,,,,,,,,,,,,,,
2017,70,Barstow,10,35.093424,-116.835026,494.928,4,open,23,1,0.3027,,,,23,,,,,,,,,,,,,,,,,,,,,,,,,,,,,,,,,,,,,
2017,71,Barstow,11,35.09338,-116.835167,494.863,4,shrub,21,3,1.8108,,,,17,,,,,,,,,,,,,,2,2,,,,,,,,,,,,,,,,,,,,,,
2017,71,Barstow,11,35.09338,-116.835167,494.863,4,open,11,3,0.6798,,,,9,1,,,,,,,,,,,,1,,,,,,,,,,,,,,,,,,,,,,,,
2017,72,Barstow,12,35.093358,-116.835116,494.9,4,shrub,17,1,0.6179,,,,17,,,,,,,,,,,,,,,,,,,,,,,,,,,,,,,,,,,,,
2017,72,Barstow,12,35.093358,-116.835116,494.9,4,open,18,3,0.4547,,,,16,1,,,,1,,,,,,,,,,,,,,,,,,,,,,,,,,,,,,,,
2017,73,Barstow,13,35.093317,-116.835113,494.891,4,shrub,3,2,0.5004,,,,,,,,,,,,,,,,,,1,2,,,,,,,,,,,,,,,,,,,,,,
2017,73,Barstow,13,35.093317,-116.835113,494.891,4,open,24,2,0.1413,,,,23,,,,,1,,,,,,,,,,,,,,,,,,,,,,,,,,,,,,,,
2017,74,Barstow,14,35.093255,-116.83517,494.583,4,shrub,14,1,2.9389,,,,14,,,,,,,,,,,,,,,,,,,,,,,,,,,,,,,,,,,,,
2017,74,Barstow,14,35.093255,-116.83517,494.583,4,open,12,1,0.2078,,,,12,,,,,,,,,,,,,,,,,,,,,,,,,,,,,,,,,,,,,
2017,75,Barstow,15,35.093176,-116.835234,495.068,4,shrub,8,2,4.2092,,,,6,,,,,,,,,,,,,,2,,,,,,,,,,,,,,,,,,,,,,,
2017,75,Barstow,15,35.093176,-116.835234,495.068,4,open,14,3,0.7052,,3,,7,4,,,,,,,,,,,,,,,,,,,,,,,,,,,,,,,,,,,,
2017,76,Barstow,16,35.093126,-116.835173,494.881,4,shrub,17,2,0.7577,,,,16,1,,,,,,,,,,,,,,,,,,,,,,,,,,,,,,,,,,,,
2017,76,Barstow,16,35.093126,-116.835173,494.881,4,open,23,2,0.2276,,,,21,2,,,,,,,,,,,,,,,,,,,,,,,,,,,,,,,,,,,,
2017,77,Barstow,17,35.0931,-116.835264,494.601,4,shrub,14,1,4.8536,,,,14,,,,,,,,,,,,,,,,,,,,,,,,,,,,,,,,,,,,,
2017,77,Barstow,17,35.0931,-116.835264,494.601,4,open,18,3,0.1507,,2,,13,3,,,,,,,,,,,,,,,,,,,,,,,,,,,,,,,,,,,,
2017,78,Barstow,18,35.092989,-116.835244,494.116,4,shrub,14,2,0.7031,,,,12,2,,,,,,,,,,,,,,,,,,,,,,,,,,,,,,,,,,,,
2017,78,Barstow,18,35.092989,-116.835244,494.116,4,open,15,1,0.2679,,,,15,,,,,,,,,,,,,,,,,,,,,,,,,,,,,,,,,,,,,
2017,79,Barstow,19,35.092894,-116.835197,493.967,4,shrub,11,3,1.3016,,,,9,1,,,,,,,,,,,,,,1,,,,,,,,,,,,,,,,,,,,,,
2017,79,Barstow,19,35.092894,-116.835197,493.967,4,open,15,2,0.5657,,,,13,2,,,,,,,,,,,,,,,,,,,,,,,,,,,,,,,,,,,,
2017,80,Barstow,20,35.092761,-116.835166,493.734,4,shrub,13,4,1.3064,,,,8,1,,,,,,,,,,,,,1,3,,,,,,,,,,,,,,,,,,,,,,
2017,80,Barstow,20,35.092761,-116.835166,493.734,4,open,18,3,0.3118,,6,,7,5,,,,,,,,,,,,,,,,,,,,,,,,,,,,,,,,,,,,
2017,81,Barstow,21,35.09274803,-116.83509,573.044434,4,shrub,23,1,1.7122,,,,23,,,,,,,,,,,,,,,,,,,,,,,,,,,,,,,,,,,,,
2017,81,Barstow,21,35.09274803,-116.83509,573.044434,4,open,24,2,1.1056,,,,18,6,,,,,,,,,,,,,,,,,,,,,,,,,,,,,,,,,,,,
2017,82,Barstow,22,35.09270897,-116.834966,572.139343,4,shrub,20,3,2.8518,,3,,15,,,,,,,,,,,,,,,2,,,,,,,,,,,,,,,,,,,,,,
2017,82,Barstow,22,35.09270897,-116.834966,572.139343,4,open,10,3,0.3466,,2,,7,1,,,,,,,,,,,,,,,,,,,,,,,,,,,,,,,,,,,,
2017,83,Barstow,23,35.0928,-116.834878,572.988464,4,shrub,14,3,1.4988,,,,9,,,,,,,,,,,,,,2,3,,,,,,,,,,,,,,,,,,,,,,
2017,83,Barstow,23,35.0928,-116.834878,572.988464,4,open,15,3,0.3181,,,,10,3,,,,2,,,,,,,,,,,,,,,,,,,,,,,,,,,,,,,,
2017,84,Barstow,24,35.09274996,-116.834794,572.31665,4,shrub,16,3,2.0074,,3,,5,,,,,,,,,,,,,,,8,,,,,,,,,,,,,,,,,,,,,,
2017,84,Barstow,24,35.09274996,-116.834794,572.31665,4,open,12,2,0.1743,,,,11,1,,,,,,,,,,,,,,,,,,,,,,,,,,,,,,,,,,,,
2017,85,Barstow,25,35.09280402,-116.834736,571.756836,4,shrub,11,3,1.1544,,,,6,,,,,,,,2,,,,,,,3,,,,,,,,,,,,,,,,,,,,,,
2017,85,Barstow,25,35.09280402,-116.834736,571.756836,4,open,31,4,0.5473,,3,,26,1,,,,1,,,,,,,,,,,,,,,,,,,,,,,,,,,,,,,,
2017,86,Barstow,26,35.09286898,-116.834754,571.906128,4,shrub,18,2,1.0232,,,,14,,,,,,,,,,,,,,,4,,,,,,,,,,,,,,,,,,,,,,
2017,86,Barstow,26,35.09286898,-116.834754,571.906128,4,open,21,1,0.2156,,,,21,,,,,,,,,,,,,,,,,,,,,,,,,,,,,,,,,,,,,
2017,87,Barstow,27,35.092901,-116.834569,571.691467,4,shrub,20,2,0.8701,,,,17,,,,,,,,,,,,,,,3,,,,,,,,,,,,,,,,,,,,,,
2017,87,Barstow,27,35.092901,-116.834569,571.691467,4,open,25,2,0.5711,,,,24,1,,,,,,,,,,,,,,,,,,,,,,,,,,,,,,,,,,,,
2017,88,Barstow,28,35.09294802,-116.834503,571.934082,4,shrub,9,3,1.3662,,,,6,,,,,,,,2,,,,,,,1,,,,,,,,,,,,,,,,,,,,,,
2017,88,Barstow,28,35.09294802,-116.834503,571.934082,4,open,9,1,0.0744,,,,9,,,,,,,,,,,,,,,,,,,,,,,,,,,,,,,,,,,,,
2017,89,Barstow,29,35.09302204,-116.834682,571.486206,4,shrub,10,2,2.4525,,,,9,,,,,,,,,,,,,,,1,,,,,,,,,,,,,,,,,,,,,,
2017,89,Barstow,29,35.09302204,-116.834682,571.486206,4,open,8,1,0.0998,,,,8,,,,,,,,,,,,,,,,,,,,,,,,,,,,,,,,,,,,,
2017,90,Barstow,30,35.09311298,-116.834711,571.719482,4,shrub,8,1,0.5128,,,,8,,,,,,,,,,,,,,,,,,,,,,,,,,,,,,,,,,,,,
2017,90,Barstow,30,35.09311298,-116.834711,571.719482,4,open,21,3,1.7778,,,,18,2,,,,1,,,,,,,,,,,,,,,,,,,,,,,,,,,,,,,,
2017,91,HeartofMojave,1,34.698199,-115.684169,784.73,5,shrub,12,2,1.0187,,,,,,,,,,,,,,,,,3,,9,,,,,,,,,,,,,,,,,,,,,,
2017,91,HeartofMojave,1,34.698199,-115.684169,784.73,5,open,5,4,0.0806,,,,1,,,,,,,,1,,,,,,,1,,,,2,,,,,,,,,,,,,,,,,,
2017,92,HeartofMojave,2,34.69811,-115.684086,784.646,5,shrub,12,3,0.0454,,,,,,,,,,,,,,,,,,,2,2,,,8,,,,,,,,,,,,,,,,,,
2017,92,HeartofMojave,2,34.69811,-115.684086,784.646,5,open,0,0,,,,,,,,,,,,,,,,,,,,,,,,,,,,,,,,,,,,,,,,,,
2017,93,HeartofMojave,3,34.69805,-115.68411,784.851,5,shrub,4,3,0.1037,,,,,,,,,,,,,,,,,,,,2,,,,,,,,,,,,,,,,,,,1,1,
2017,93,HeartofMojave,3,34.69805,-115.68411,784.851,5,open,2,2,0.0284,,,,,,,,,,,,,,,,,1,,,1,,,,,,,,,,,,,,,,,,,,,
2017,94,HeartofMojave,4,34.697983,-115.684098,784.833,5,shrub,11,2,0.1102,,,,3,,,,,,,,8,,,,,,,,,,,,,,,,,,,,,,,,,,,,,
2017,94,HeartofMojave,4,34.697983,-115.684098,784.833,5,open,7,2,0.0822,,,,5,,,,,,,,2,,,,,,,,,,,,,,,,,,,,,,,,,,,,,
2017,95,HeartofMojave,5,34.697921,-115.684108,784.553,5,shrub,19,3,0.6177,,,,6,,,,,,,,5,,,,,,,8,,,,,,,,,,,,,,,,,,,,,,
2017,95,HeartofMojave,5,34.697921,-115.684108,784.553,5,open,10,5,0.4031,,,,3,,,,,,,,,,,2,,,,1,2,,,,,,,,,,,,,,,,,,,2,,
2017,96,HeartofMojave,6,34.697944,-115.684324,784.263,5,shrub,12,4,1.6118,,,,,,,,,,,,,,,,2,,,7,,,,1,,,,,,,,,,,,,2,,,,,
2017,96,HeartofMojave,6,34.697944,-115.684324,784.263,5,open,2,1,0.3218,,,,,,,,,,,,,,,,,,,2,,,,,,,,,,,,,,,,,,,,,,
2017,97,HeartofMojave,7,34.697886,-115.684317,784.366,5,shrub,17,2,0.3119,,,,,,,,,,,,3,,,,14,,,,,,,,,,,,,,,,,,,,,,,,,
2017,97,HeartofMojave,7,34.697886,-115.684317,784.366,5,open,12,3,0.2818,,,,,,,,,,,,,,,,,2,,2,,,,8,,,,,,,,,,,,,,,,,,
2017,98,HeartofMojave,8,34.697841,-115.68436,784.235,5,shrub,16,3,0.7803,,,,,,,,,,,,,,,,8,,,5,,,,,3,,,,,,,,,,,,,,,,,
2017,98,HeartofMojave,8,34.697841,-115.68436,784.235,5,open,7,4,0.1371,,,,1,,,,,,,,,,,,2,3,,,,,,1,,,,,,,,,,,,,,,,,,
2017,99,HeartofMojave,9,34.697816,-115.684347,783.993,5,shrub,12,3,1.6371,,,,,,,,,,,,6,,,1,,,,5,,,,,,,,,,,,,,,,,,,,,,
2017,99,HeartofMojave,9,34.697816,-115.684347,783.993,5,open,15,4,0.8922,,,,,,,,,,,,6,,,2,5,,,,2,,,,,,,,,,,,,,,,,,,,,
2017,100,HeartofMojave,10,34.697789,-115.684413,783.246,5,shrub,8,3,0.7758,,,,,5,,,,,,,2,,,1,,,,,,,,,,,,,,,,,,,,,,,,,,
2017,100,HeartofMojave,10,34.697789,-115.684413,783.246,5,open,8,2,0.0382,,,,,,,,,,,,,,,,,,,,,,,5,3,,,,,,,,,,,,,,,,,
2017,101,HeartofMojave,11,34.697757,-115.684349,783.06,5,shrub,11,2,0.6605,,,,,,,,,,,,,,,,3,,,8,,,,,,,,,,,,,,,,,,,,,,
2017,101,HeartofMojave,11,34.697757,-115.684349,783.06,5,open,13,2,0.3202,,,,,,,,,,,,,,,,10,,,,,,,3,,,,,,,,,,,,,,,,,,
2017,102,HeartofMojave,12,34.697715,-115.684375,783.041,5,shrub,18,3,1.1712,,,,10,,,,,,,,4,,,,,,,4,,,,,,,,,,,,,,,,,,,,,,
2017,102,HeartofMojave,12,34.697715,-115.684375,783.041,5,open,10,3,0.1314,,,,,,,,,,,,4,,,,,3,,,3,,,,,,,,,,,,,,,,,,,,,
2017,103,HeartofMojave,13,34.697623,-115.684419,783.172,5,shrub,7,4,0.0824,,,,,,,,,,,,1,,,1,,,,,,,,3,,,,,,,,,,,,,,,,2,,
2017,103,HeartofMojave,13,34.697623,-115.684419,783.172,5,open,7,3,0.1038,,,,1,,,,,,,,,,,,,5,,,,,,1,,,,,,,,,,,,,,,,,,
2017,104,HeartofMojave,14,34.697637,-115.684476,782.668,5,shrub,10,4,0.767,,,,,,,,,,,,5,,,,,2,,1,,,,,,,,,,,,,,,,,,,,2,,
2017,104,HeartofMojave,14,34.697637,-115.684476,782.668,5,open,0,0,,,,,,,,,,,,,,,,,,,,,,,,,,,,,,,,,,,,,,,,,,
2017,105,HeartofMojave,15,34.697557,-115.684431,782.584,5,shrub,15,4,1.4865,,,,,,,,,,,,5,,,,,3,,2,,,,,,,,,,,,,,,,,,,,5,,
2017,105,HeartofMojave,15,34.697557,-115.684431,782.584,5,open,8,4,0.2128,,2,,,,,,,,,,,,,,,4,,1,,,,,1,,,,,,,,,,,,,,,,,
2017,106,HeartofMojave,16,34.697474,-115.684322,781.875,5,shrub,11,3,0.993,,,,,,,,,,,,6,,,,,,,4,,,,,,,,,,,,,,,,,,,,1,,
2017,106,HeartofMojave,16,34.697474,-115.684322,781.875,5,open,6,2,0.1391,,2,,,,,,,,,,4,,,,,,,,,,,,,,,,,,,,,,,,,,,,,
2017,107,HeartofMojave,17,34.697346,-115.684312,783.013,5,shrub,21,4,1.6803,,,,,,,,,,,,14,,,,,2,,3,,,,,,,,,,,,2,,,,,,,,,,
2017,107,HeartofMojave,17,34.697346,-115.684312,783.013,5,open,12,2,0.1041,,,,,,,,,,,,3,,,,,,,,,,,9,,,,,,,,,,,,,,,,,,
2017,108,HeartofMojave,18,34.697301,-115.684342,782.369,5,shrub,10,4,0.3645,,,,,,,,,,,,,,,,,2,,1,,,,,1,,,,,,,,,,,,,,,6,,
2017,108,HeartofMojave,18,34.697301,-115.684342,782.369,5,open,7,1,0.0373,,,,,,,,,,,,,,,,,,,,,,,7,,,,,,,,,,,,,,,,,,
2017,109,HeartofMojave,19,34.697179,-115.684321,781.343,5,shrub,17,3,0.7307,,,,,,,,,,,,,,,,,,1,9,,,,,,,,,,,,,,,,,,,,7,,
2017,109,HeartofMojave,19,34.697179,-115.684321,781.343,5,open,11,4,0.0726,,,,5,,,,,,,,2,,,,,3,,1,,,,,,,,,,,,,,,,,,,,,,
2017,110,HeartofMojave,20,34.697142,-115.68429,781.082,5,shrub,9,4,0.6177,,,,,,,,,,,,2,,,,,3,1,3,,,,,,,,,,,,,,,,,,,,,,
2017,110,HeartofMojave,20,34.697142,-115.68429,781.082,5,open,12,3,0.3122,,,,,,,,,,,,,,,,,9,,2,,,,1,,,,,,,,,,,,,,,,,,
2017,111,HeartofMojave,21,34.69721298,-115.684176,770.780457,5,shrub,21,3,2.3046,,,,,,,,,,,,3,,,,,,,4,,,,,,,,,,,,,,,,,,,,14,,
2017,111,HeartofMojave,21,34.69721298,-115.684176,770.780457,5,open,10,1,3.9114,,,,,,,,,,,,,,,,,,,10,,,,,,,,,,,,,,,,,,,,,,
2017,112,HeartofMojave,22,34.69729101,-115.684086,770.967102,5,shrub,20,4,1.6757,,,,4,,,,,,,,,,,,,2,,5,,,,,,,,,,,,,,,,,,,,9,,
2017,112,HeartofMojave,22,34.69729101,-115.684086,770.967102,5,open,17,4,1.5609,,,,9,3,,,,,,,,,,2,,3,,,,,,,,,,,,,,,,,,,,,,,,
2017,113,HeartofMojave,23,34.69745203,-115.683817,773.934265,5,shrub,9,1,0.506,,,,,,,,,,,,,,,,,,,,,,,,,,,,,,,,,,,,,,,9,,
2017,113,HeartofMojave,23,34.69745203,-115.683817,773.934265,5,open,8,2,0.1556,,,,,,,,,,,,,,,,,6,,,2,,,,,,,,,,,,,,,,,,,,,
2017,114,HeartofMojave,24,34.69748296,-115.683775,773.094482,5,shrub,6,3,0.1912,,,,,,,,,,,,3,,,,,,,2,,,,1,,,,,,,,,,,,,,,,,,
2017,114,HeartofMojave,24,34.69748296,-115.683775,773.094482,5,open,0,0,,,,,,,,,,,,,,,,,,,,,,,,,,,,,,,,,,,,,,,,,,
2017,115,HeartofMojave,25,34.69747902,-115.683714,773.999573,5,shrub,13,2,0.7271,,,,11,,,,,,,,,,,2,,,,,,,,,,,,,,,,,,,,,,,,,,
2017,115,HeartofMojave,25,34.69747902,-115.683714,773.999573,5,open,11,3,0.0778,,,,,,,,,,,,,,,,,,,1,,,,9,,,,,,,,,,,,,,,,1,,
2017,116,HeartofMojave,26,34.69754599,-115.68368,774.503418,5,shrub,6,2,1.6358,,,,,,,,,,,,3,,,3,,,,,,,,,,,,,,,,,,,,,,,,,,
2017,116,HeartofMojave,26,34.69754599,-115.68368,774.503418,5,open,0,0,,,,,,,,,,,,,,,,,,,,,,,,,,,,,,,,,,,,,,,,,,
2017,117,HeartofMojave,27,34.69761397,-115.683597,774.876648,5,shrub,16,2,0.0972,,,,,,,,,,,,11,,,,,,,5,,,,,,,,,,,,,,,,,,,,,,
2017,117,HeartofMojave,27,34.69761397,-115.683597,774.876648,5,open,0,0,,,,,,,,,,,,,,,,,,,,,,,,,,,,,,,,,,,,,,,,,,
2017,118,HeartofMojave,28,34.69764104,-115.683623,775.02594,5,shrub,2,2,0.256,,,,,,,,,,,,1,,,,,,,1,,,,,,,,,,,,,,,,,,,,,,
2017,118,HeartofMojave,28,34.69764104,-115.683623,775.02594,5,open,0,0,,,,,,,,,,,,,,,,,,,,,,,,,,,,,,,,,,,,,,,,,,
2017,119,HeartofMojave,29,34.69768899,-115.683718,774.960632,5,shrub,15,4,0.9919,,,,4,,,,,,,,,,,3,,,2,6,,,,,,,,,,,,,,,,,,,,,,
2017,119,HeartofMojave,29,34.69768899,-115.683718,774.960632,5,open,9,2,0.2402,,,,,1,,,,,,,,,,,,8,,,,,,,,,,,,,,,,,,,,,,,,
2017,120,HeartofMojave,30,34.69771698,-115.683715,775.072571,5,shrub,12,3,0.3428,,,,,,,,,,,,8,,,,,,,,3,,,,,,,,,,,,,,,,,,,,1,
2017,120,HeartofMojave,30,34.69771698,-115.683715,775.072571,5,open,0,0,,,,,,,,,,,,,,,,,,,,,,,,,,,,,,,,,,,,,,,,,,
2017,121,SheepholeValley,1,34.205676,-115.719676,545.92,6,shrub,19,3,2.6014,,,,,4,,,,,,,,,,,,,6,9,,,,,,,,,,,,,,,,,,,,,,
2017,121,SheepholeValley,1,34.205676,-115.719676,545.92,6,open,7,2,1.0325,,,,,,,,,,,,,,,,,,3,,,,,,,,,,,,,,,,4,,,,,,,
2017,122,SheepholeValley,2,34.205739,-115.719518,546.573,6,shrub,14,4,1.5513,,,,,5,,,,,,,,,,,,,5,3,,,,,,,,,,,,,,,,,,1,,,,
2017,122,SheepholeValley,2,34.205739,-115.719518,546.573,6,open,11,4,1.745,,,,,3,,,,,,,,,,,,,3,4,,,,,,,,,,,,,,,1,,,,,,,
2017,123,SheepholeValley,3,34.205653,-115.719417,546.629,6,shrub,8,3,5.2477,,,,2,,,,,,,,,,,,,,2,4,,,,,,,,,,,,,,,,,,,,,,
2017,123,SheepholeValley,3,34.205653,-115.719417,546.629,6,open,17,3,0.9539,,,,11,2,,,,,,,,,,,,,,,,,,,,,,,,,,,,,4,,,,,,,
2017,124,SheepholeValley,4,34.20559,-115.719219,546.247,6,shrub,14,5,2.4515,,,,,,,,,,,,,,,,,,2,3,,,,,,,,,,,,1,,,,,3,5,,,,
2017,124,SheepholeValley,4,34.20559,-115.719219,546.247,6,open,2,2,0.5394,,,,,,,,,,,,,,,,,,1,,,,,,,,,,,,,1,,,,,,,,,,
2017,125,SheepholeValley,5,34.205634,-115.719167,546.517,6,shrub,8,4,0.7073,,,,,,,,,,,,,,,,,,1,1,,,,3,,,,,,,,3,,,,,,,,,,
2017,125,SheepholeValley,5,34.205634,-115.719167,546.517,6,open,1,1,0.0875,,,,,,,,,,,,,,,,,,,,,,,,,,,,,,,,,,,,,,1,,,
2017,126,SheepholeValley,6,34.205581,-115.718991,546.293,6,shrub,11,3,3.1345,,,,,4,,,,,,,,,,,,,,5,,,,,,,,,,,,,,,2,,,,,,,
2017,126,SheepholeValley,6,34.205581,-115.718991,546.293,6,open,14,3,1.1311,,,,10,,,,,,,,,,,,,,,3,,,,1,,,,,,,,,,,,,,,,,,
2017,127,SheepholeValley,7,34.205614,-115.718967,545.892,6,shrub,8,3,1.4957,,,,,,,,,,,,,,,,,,1,6,,,,,,,,,,,,,,,,,,,,1,,
2017,127,SheepholeValley,7,34.205614,-115.718967,545.892,6,open,0,0,,,,,,,,,,,,,,,,,,,,,,,,,,,,,,,,,,,,,,,,,,
2017,128,SheepholeValley,8,34.205545,-115.718968,545.743,6,shrub,8,2,0.3839,,,,,,,,,,,,,,,,,,1,7,,,,,,,,,,,,,,,,,,,,,,
2017,128,SheepholeValley,8,34.205545,-115.718968,545.743,6,open,14,3,,,,,4,6,,,,,,,,,,,,,,4,,,,,,,,,,,,,,,,,,,,,,
2017,129,SheepholeValley,9,34.20572,-115.71875,546.508,6,shrub,2,1,2.5528,,,,,2,,,,,,,,,,,,,,,,,,,,,,,,,,,,,,,,,,,,
2017,129,SheepholeValley,9,34.20572,-115.71875,546.508,6,open,0,0,0.1061,,,,,,,,,,,,,,,,,,,,,,,,,,,,,,,,,,,,,,,,,
2017,130,SheepholeValley,10,34.205769,-115.718717,546.909,6,shrub,7,3,1.1177,,,,2,2,,,,,,,,,,,,,,3,,,,,,,,,,,,,,,,,,,,,,
2017,130,SheepholeValley,10,34.205769,-115.718717,546.909,6,open,14,1,0.303,,,,,14,,,,,,,,,,,,,,,,,,,,,,,,,,,,,,,,,,,,
2017,131,SheepholeValley,11,34.205796,-115.718632,547.133,6,shrub,0,0,0.6563,,,,,,,,,,,,,,,,,,,,,,,,,,,,,,,,,,,,,,,,,
2017,131,SheepholeValley,11,34.205796,-115.718632,547.133,6,open,0,0,,,,,,,,,,,,,,,,,,,,,,,,,,,,,,,,,,,,,,,,,,
2017,132,SheepholeValley,12,34.205945,-115.71861,547.889,6,shrub,5,1,1.5236,,,,,,,,,,,,,,,,,,,5,,,,,,,,,,,,,,,,,,,,,,
2017,132,SheepholeValley,12,34.205945,-115.71861,547.889,6,open,0,0,,,,,,,,,,,,,,,,,,,,,,,,,,,,,,,,,,,,,,,,,,
2017,133,SheepholeValley,13,34.20611,-115.718718,548.458,6,shrub,16,5,1.798,,,,2,7,,,,,,,,,,,,,2,3,,,,,,,,,,,,,,,,,,2,,,,
2017,133,SheepholeValley,13,34.20611,-115.718718,548.458,6,open,7,4,0.2915,,,,2,3,,,,,,,,,,,,,1,,,,,,,,,,,,,,,,,,,,1,,,
2017,134,SheepholeValley,14,34.206259,-115.718993,549.531,6,shrub,9,3,0.2919,,,,,1,,,,,,,,,,,,,3,,,,,5,,,,,,,,,,,,,,,,,,
2017,134,SheepholeValley,14,34.206259,-115.718993,549.531,6,open,5,4,0.6398,,,,2,1,,,,,,,,,,,,,1,1,,,,,,,,,,,,,,,,,,,,,,
2017,135,SheepholeValley,15,34.206319,-115.719174,550.007,6,shrub,14,4,2.4847,,,,8,2,,,,,,,,,,,,,2,2,,,,,,,,,,,,,,,,,,,,,,
2017,135,SheepholeValley,15,34.206319,-115.719174,550.007,6,open,10,3,0.3833,,,,4,4,,,,,,,,,,,,2,,,,,,,,,,,,,,,,,,,,,,,,
2017,136,SheepholeValley,16,34.206313,-115.719359,550.38,6,shrub,14,4,2.8265,,,,2,,,,,,,,,,,,,,,4,,,,,,,,,,,,,,,1,,,,,7,,
2017,136,SheepholeValley,16,34.206313,-115.719359,550.38,6,open,11,3,1.2829,,,,,,,,,,,,,,,,,5,,,,,,,,,,,,,,,,,,,,,1,5,,
2017,137,SheepholeValley,17,34.206284,-115.719578,549.942,6,shrub,0,0,,,,,,,,,,,,,,,,,,,,,,,,,,,,,,,,,,,,,,,,,,
2017,137,SheepholeValley,17,34.206284,-115.719578,549.942,6,open,0,0,,,,,,,,,,,,,,,,,,,,,,,,,,,,,,,,,,,,,,,,,,
2017,138,SheepholeValley,18,34.206254,-115.719625,550.156,6,shrub,3,2,1.5201,,,,,,,,,,,,,,,,,,1,,,,,,,,,,,,,2,,,,,,,,,,
2017,138,SheepholeValley,18,34.206254,-115.719625,550.156,6,open,0,0,,,,,,,,,,,,,,,,,,,,,,,,,,,,,,,,,,,,,,,,,,
2017,139,SheepholeValley,19,34.206268,-115.719703,549.456,6,shrub,10,2,0.4568,,,,,,,,,,,,,,,,,,4,6,,,,,,,,,,,,,,,,,,,,,,
2017,139,SheepholeValley,19,34.206268,-115.719703,549.456,6,open,1,1,0.1686,,,,,,,,,,,,,,,,,,,1,,,,,,,,,,,,,,,,,,,,,,
2017,140,SheepholeValley,20,34.206183,-115.719774,549.195,6,shrub,22,3,3.5765,,,,2,,,,,,,,,,,,,11,9,,,,,,,,,,,,,,,,,,,,,,,
2017,140,SheepholeValley,20,34.206183,-115.719774,549.195,6,open,8,4,0.8434,,,,3,3,,,,,,,,,,,,,1,1,,,,,,,,,,,,,,,,,,,,,,
2017,141,SheepholeValley,21,34.20649596,-115.719377,598.358582,6,shrub,15,3,4.1775,,,,,,,,,,,,,,,,,2,2,11,,,,,,,,,,,,,,,,,,,,,,
2017,141,SheepholeValley,21,34.20649596,-115.719377,598.358582,6,open,6,3,0.5926,,,,3,,,,,,,,,,,,,2,,,,,,,,,,,,,,,,,,,,,1,,,
2017,142,SheepholeValley,22,34.206516,-115.719238,597.864075,6,shrub,10,2,3.0519,,,,,,,,,,,,,,,,,,4,6,,,,,,,,,,,,,,,,,,,,,,
2017,142,SheepholeValley,22,34.206516,-115.719238,597.864075,6,open,7,3,0.2905,,,,2,3,,,,,,,,,,,,2,,,,,,,,,,,,,,,,,,,,,,,,
2017,143,SheepholeValley,23,34.20664097,-115.719077,599.412964,6,shrub,5,3,1.3589,,,,,2,,,,,,,,,,,,,1,2,,,,,,,,,,,,,,,,,,,,,,
2017,143,SheepholeValley,23,34.20664097,-115.719077,599.412964,6,open,2,2,0.0521,,,,,,,,,,,,,,,,,,,1,,,,1,,,,,,,,,,,,,,,,,,
2017,144,SheepholeValley,24,34.20678003,-115.71917,600.159424,6,shrub,15,4,1.6751,,,,,,,,,,,,,,,,,,1,11,,,,2,,,,,,,,1,,,,,,,,,,
2017,144,SheepholeValley,24,34.20678003,-115.71917,600.159424,6,open,6,3,0.0745,,,,,2,,,,,,,,,,,,,,,,,,3,1,,,,,,,,,,,,,,,,,
2017,145,SheepholeValley,25,34.20663703,-115.719189,597.901428,6,shrub,4,2,2.3035,,,,,,,,,,,,,,,,,,1,3,,,,,,,,,,,,,,,,,,,,,,
2017,145,SheepholeValley,25,34.20663703,-115.719189,597.901428,6,open,2,2,1.6925,,,,,,,,,,,,,,,,,,,1,,,,,,,,,,,,,,,1,,,,,,,
2017,146,SheepholeValley,26,34.206589,-115.719262,597.40686,6,shrub,7,2,1.0766,,,,,,,,,,,,,,,,,,3,4,,,,,,,,,,,,,,,,,,,,,,
2017,146,SheepholeValley,26,34.206589,-115.719262,597.40686,6,open,4,1,0.4089,,,,,,,,,,,,,,,,,4,,,,,,,,,,,,,,,,,,,,,,,,
2017,147,SheepholeValley,27,34.20658599,-115.719494,595.820679,6,shrub,7,3,1.3899,,,,,,,,,,,,,,,,,,3,3,,,,,,,,,,,,,,,,,,,,1,,
2017,147,SheepholeValley,27,34.20658599,-115.719494,595.820679,6,open,2,2,0.7138,,,,,,,,,,,,,,,,,,1,1,,,,,,,,,,,,,,,,,,,,,,
2017,148,SheepholeValley,28,34.20657601,-115.719791,595.410095,6,shrub,11,3,0.6472,,,,,2,,,,,,,,,,,,,4,5,,,,,,,,,,,,,,,,,,,,,,
2017,148,SheepholeValley,28,34.20657601,-115.719791,595.410095,6,open,1,1,0.0874,,,,,,,,,,,,,,,,,,,,,,,,,,,,,,,,,,1,,,,,,,
2017,149,SheepholeValley,29,34.20655103,-115.719879,595.568726,6,shrub,13,2,3.8134,,,,,1,,,,,,,,,,,,,12,,,,,,,,,,,,,,,,,,,,,,,
2017,149,SheepholeValley,29,34.20655103,-115.719879,595.568726,6,open,4,1,0.5011,,,,,4,,,,,,,,,,,,,,,,,,,,,,,,,,,,,,,,,,,,
2017,150,SheepholeValley,30,34.20661398,-115.719893,596.343201,6,shrub,4,2,0.8261,,,,,,,,,,,,,,,,,,3,1,,,,,,,,,,,,,,,,,,,,,,
2017,150,SheepholeValley,30,34.20661398,-115.719893,596.343201,6,open,11,3,0.8266,,,,,4,,,,,,,3,,,,,4,,,,,,,,,,,,,,,,,,,,,,,,
2017,151,Tecopa,1,35.85151504,-116.186706,699.456665,7,shrub,37,2,1.2548,,,,36,1,,,,,,,,,,,,,,,,,,,,,,,,,,,,,,,,,,,,
2017,151,Tecopa,1,35.85151504,-116.186706,699.456665,7,open,11,2,0.0737,,,,8,3,,,,,,,,,,,,,,,,,,,,,,,,,,,,,,,,,,,,
2017,152,Tecopa,2,35.85144698,-116.186709,699.577942,7,shrub,27,2,0.6738,,,,24,3,,,,,,,,,,,,,,,,,,,,,,,,,,,,,,,,,,,,
2017,152,Tecopa,2,35.85144698,-116.186709,699.577942,7,open,15,1,0.2187,,,,15,,,,,,,,,,,,,,,,,,,,,,,,,,,,,,,,,,,,,
2017,153,Tecopa,3,35.85141303,-116.186732,700.259094,7,shrub,23,1,0.5121,,,,23,,,,,,,,,,,,,,,,,,,,,,,,,,,,,,,,,,,,,
2017,153,Tecopa,3,35.85141303,-116.186732,700.259094,7,open,0,0,0.9852,,,,,,,,,,,,,,,,,,,,,,,,,,,,,,,,,,,,,,,,,
2017,154,Tecopa,4,35.85134204,-116.186611,700.893616,7,shrub,17,1,0.6881,,,,17,,,,,,,,,,,,,,,,,,,,,,,,,,,,,,,,,,,,,
2017,154,Tecopa,4,35.85134204,-116.186611,700.893616,7,open,6,1,0.7152,,,,6,,,,,,,,,,,,,,,,,,,,,,,,,,,,,,,,,,,,,
2017,155,Tecopa,5,35.85130398,-116.186551,700.147156,7,shrub,24,1,0.0744,,,,24,,,,,,,,,,,,,,,,,,,,,,,,,,,,,,,,,,,,,
2017,155,Tecopa,5,35.85130398,-116.186551,700.147156,7,open,7,2,0.5358,,,,5,2,,,,,,,,,,,,,,,,,,,,,,,,,,,,,,,,,,,,
2017,156,Tecopa,6,35.85127297,-116.186618,699.680603,7,shrub,32,2,0.7911,,,,31,1,,,,,,,,,,,,,,,,,,,,,,,,,,,,,,,,,,,,
2017,156,Tecopa,6,35.85127297,-116.186618,699.680603,7,open,11,1,0.1751,,,,11,,,,,,,,,,,,,,,,,,,,,,,,,,,,,,,,,,,,,
2017,157,Tecopa,7,35.85121002,-116.186577,700.753601,7,shrub,17,1,0.4533,,,,17,,,,,,,,,,,,,,,,,,,,,,,,,,,,,,,,,,,,,
2017,157,Tecopa,7,35.85121002,-116.186577,700.753601,7,open,24,2,0.0621,,,,22,2,,,,,,,,,,,,,,,,,,,,,,,,,,,,,,,,,,,,
2017,158,Tecopa,8,35.851178,-116.186536,700.92157,7,shrub,24,1,0.7568,,,,24,,,,,,,,,,,,,,,,,,,,,,,,,,,,,,,,,,,,,
2017,158,Tecopa,8,35.851178,-116.186536,700.92157,7,open,13,2,0.0611,,,,11,2,,,,,,,,,,,,,,,,,,,,,,,,,,,,,,,,,,,,
2017,159,Tecopa,9,35.85116702,-116.186409,702.209229,7,shrub,19,1,0.3264,,,,19,,,,,,,,,,,,,,,,,,,,,,,,,,,,,,,,,,,,,
2017,159,Tecopa,9,35.85116702,-116.186409,702.209229,7,open,16,1,0.0895,,,,16,,,,,,,,,,,,,,,,,,,,,,,,,,,,,,,,,,,,,
2017,160,Tecopa,10,35.85126501,-116.186258,702.965027,7,shrub,31,1,2.2915,,,,31,,,,,,,,,,,,,,,,,,,,,,,,,,,,,,,,,,,,,
2017,160,Tecopa,10,35.85126501,-116.186258,702.965027,7,open,18,1,0.0693,,,,18,,,,,,,,,,,,,,,,,,,,,,,,,,,,,,,,,,,,,
2017,161,Tecopa,11,35.85122896,-116.186248,702.806396,7,shrub,17,2,1.7593,,,,15,2,,,,,,,,,,,,,,,,,,,,,,,,,,,,,,,,,,,,
2017,161,Tecopa,11,35.85122896,-116.186248,702.806396,7,open,7,2,0.3953,,,,4,3,,,,,,,,,,,,,,,,,,,,,,,,,,,,,,,,,,,,
2017,162,Tecopa,12,35.85118303,-116.186279,704.103333,7,shrub,25,2,0.7558,,,,22,,,,,,,,,,,,,,,,3,,,,,,,,,,,,,,,,,,,,,
2017,162,Tecopa,12,35.85118303,-116.186279,704.103333,7,open,12,2,0.0349,,,,11,1,,,,,,,,,,,,,,,,,,,,,,,,,,,,,,,,,,,,
2017,163,Tecopa,13,35.85115202,-116.186355,704.373962,7,shrub,32,1,1.7798,,,,32,,,,,,,,,,,,,,,,,,,,,,,,,,,,,,,,,,,,,
2017,163,Tecopa,13,35.85115202,-116.186355,704.373962,7,open,30,2,0.372,,,,23,7,,,,,,,,,,,,,,,,,,,,,,,,,,,,,,,,,,,,
2017,164,Tecopa,14,35.85107901,-116.186469,705.465637,7,shrub,14,1,1.9348,,,,14,,,,,,,,,,,,,,,,,,,,,,,,,,,,,,,,,,,,,
2017,164,Tecopa,14,35.85107901,-116.186469,705.465637,7,open,20,2,0.0536,,,,17,3,,,,,,,,,,,,,,,,,,,,,,,,,,,,,,,,,,,,
2017,165,Tecopa,15,35.85107801,-116.186557,705.017761,7,shrub,15,3,0.7358,,,,9,5,,,,,,,,,,,,,,,,,,,,,,,,,,,,,,,,,,1,,
2017,165,Tecopa,15,35.85107801,-116.186557,705.017761,7,open,30,2,0.262,,,,28,,,,,,,,,,,2,,,,,,,,,,,,,,,,,,,,,,,,,,
2017,166,Tecopa,16,35.85101699,-116.186626,706.52002,7,shrub,20,2,0.1904,,,,18,2,,,,,,,,,,,,,,,,,,,,,,,,,,,,,,,,,,,,
2017,166,Tecopa,16,35.85101699,-116.186626,706.52002,7,open,14,2,0.1165,,,,11,3,,,,,,,,,,,,,,,,,,,,,,,,,,,,,,,,,,,,
2017,167,Tecopa,17,35.85115504,-116.186732,706.641296,7,shrub,30,2,0.4652,,,,25,5,,,,,,,,,,,,,,,,,,,,,,,,,,,,,,,,,,,,
2017,167,Tecopa,17,35.85115504,-116.186732,706.641296,7,open,12,2,0.0571,,,,4,8,,,,,,,,,,,,,,,,,,,,,,,,,,,,,,,,,,,,
2017,168,Tecopa,18,35.85123399,-116.186729,707.593018,7,shrub,26,3,0.3742,,,,22,3,,,,,,,1,,,,,,,,,,,,,,,,,,,,,,,,,,,,,
2017,168,Tecopa,18,35.85123399,-116.186729,707.593018,7,open,21,2,0.0784,,,,9,12,,,,,,,,,,,,,,,,,,,,,,,,,,,,,,,,,,,,
2017,169,Tecopa,19,35.851236,-116.186802,707.658325,7,shrub,25,3,0.4387,,,,22,1,,,,,,,,,,,,,,,2,,,,,,,,,,,,,,,,,,,,,
2017,169,Tecopa,19,35.851236,-116.186802,707.658325,7,open,16,3,0.3873,,,,5,9,,,,2,,,,,,,,,,,,,,,,,,,,,,,,,,,,,,,,
2017,170,Tecopa,20,35.85130499,-116.186857,445.727142,7,shrub,26,3,0.8986,,,,24,1,,,,,,,,,,,,,,,1,,,,,,,,,,,,,,,,,,,,,
2017,170,Tecopa,20,35.85130499,-116.186857,445.727142,7,open,21,2,0.066,,,,6,15,,,,,,,,,,,,,,,,,,,,,,,,,,,,,,,,,,,,
2017,171,Tecopa,21,35.85133298,-116.186796,446.249664,7,shrub,23,3,0.7081,,,,19,3,,,,,,,,,,,,,,,,,,,,,,,,,,,,,,,,,,,,1
2017,171,Tecopa,21,35.85133298,-116.186796,446.249664,7,open,14,2,0.1325,,,,11,3,,,,,,,,,,,,,,,,,,,,,,,,,,,,,,,,,,,,
2017,172,Tecopa,22,35.85139702,-116.186855,447.173401,7,shrub,26,1,0.5308,,,,26,,,,,,,,,,,,,,,,,,,,,,,,,,,,,,,,,,,,,
2017,172,Tecopa,22,35.85139702,-116.186855,447.173401,7,open,4,1,0.0398,,,,,,,,,4,,,,,,,,,,,,,,,,,,,,,,,,,,,,,,,,
2017,173,Tecopa,23,35.85144698,-116.186894,447.453339,7,shrub,29,1,0.6966,,,,29,,,,,,,,,,,,,,,,,,,,,,,,,,,,,,,,,,,,,
2017,173,Tecopa,23,35.85144698,-116.186894,447.453339,7,open,6,3,0.0363,,,,3,2,,,,,,,,,,,,,,,,,,,,,,,,,,,,,,,,,1,,,
2017,174,Tecopa,24,35.85145896,-116.186836,448.768951,7,shrub,30,3,1.0575,,,,26,,,,,,,,,,,,,,,1,3,,,,,,,,,,,,,,,,,,,,,
2017,174,Tecopa,24,35.85145896,-116.186836,448.768951,7,open,12,2,0.7299,,,,9,3,,,,,,,,,,,,,,,,,,,,,,,,,,,,,,,,,,,,
2017,175,Tecopa,25,35.85150297,-116.186831,448.712982,7,shrub,35,2,1.5363,,,,31,4,,,,,,,,,,,,,,,,,,,,,,,,,,,,,,,,,,,,
2017,175,Tecopa,25,35.85150297,-116.186831,448.712982,7,open,14,3,0.1432,,,,11,2,,,,,,,,,,,,,,,,,,,1,,,,,,,,,,,,,,,,,
2017,176,Tecopa,26,35.85151898,-116.186943,449.011566,7,shrub,35,1,1.5911,,,,35,,,,,,,,,,,,,,,,,,,,,,,,,,,,,,,,,,,,,
2017,176,Tecopa,26,35.85151898,-116.186943,449.011566,7,open,5,1,0.0495,,,,,5,,,,,,,,,,,,,,,,,,,,,,,,,,,,,,,,,,,,
2017,177,Tecopa,27,35.85147103,-116.186939,447.863892,7,shrub,10,3,0.5591,,,,5,3,,,,,,,,,,,,,,,,,,,,,,,,,,,,,,,,,2,,,
2017,177,Tecopa,27,35.85147103,-116.186939,447.863892,7,open,19,2,0.1558,,,,17,,,,,,,,,,,,,,,,2,,,,,,,,,,,,,,,,,,,,,
2017,178,Tecopa,28,35.85152702,-116.186952,449.020874,7,shrub,21,2,1.6102,,,,19,,,,,,,,,,,,,,,,2,,,,,,,,,,,,,,,,,,,,,
2017,178,Tecopa,28,35.85152702,-116.186952,449.020874,7,open,15,3,0.1452,,,,11,1,,,,,,,,,,,,,,,3,,,,,,,,,,,,,,,,,,,,,
2017,179,Tecopa,29,35.85167698,-116.187015,448.918243,7,shrub,29,2,0.3105,,,,28,,,,,,,,,,,,,,,,1,,,,,,,,,,,,,,,,,,,,,
2017,179,Tecopa,29,35.85167698,-116.187015,448.918243,7,open,16,3,1.0798,,,,3,9,,,,,,,,,,,,,,,4,,,,,,,,,,,,,,,,,,,,,
2017,180,Tecopa,30,35.85101,-116.18721,449.020874,7,shrub,37,3,0.8132,,,,31,5,,,,,,,1,,,,,,,,,,,,,,,,,,,,,,,,,,,,,
2017,180,Tecopa,30,35.85101,-116.18721,449.020874,7,open,18,2,0.1254,,,,17,1,,,,,,,,,,,,,,,,,,,,,,,,,,,,,,,,,,,,
2017,181,TejonRanch,1,34.875994,-118.60246,1118.022,3,shrub,43,3,1.3041,38,,,,,,,,,,,,,,,,,,,,,,,,,3,,,,,,2,,,,,,,,,
2017,181,TejonRanch,1,34.875994,-118.60246,1118.022,3,open,21,2,1.0289,5,,,16,,,,,,,,,,,,,,,,,,,,,,,,,,,,,,,,,,,,,
2017,182,TejonRanch,2,34.875953,-118.602484,1118.05,3,shrub,38,4,0.6253,22,3,,10,,,,,,,,,,,,,,,,,,,,,,,,,,,,,3,,,,,,,,
2017,182,TejonRanch,2,34.875953,-118.602484,1118.05,3,open,32,4,0.1384,3,3,,23,,,,,,,,,,,,,,,,3,,,,,,,,,,,,,,,,,,,,,
2017,183,TejonRanch,3,34.875926,-118.602516,1117.63,3,shrub,90,3,1.2251,83,3,,,,,,,,,,,,,,,,,,,,,,,,4,,,,,,,,,,,,,,,
2017,183,TejonRanch,3,34.875926,-118.602516,1117.63,3,open,25,3,0.8552,11,,,12,,,,,,,,,,,,,,,,2,,,,,,,,,,,,,,,,,,,,,
2017,184,TejonRanch,4,34.875925,-118.602469,1117.509,3,shrub,33,3,0.5037,17,,,,,,,,,,,,,,,,,,,,,,,,,,,,,,,12,4,,,,,,,,
2017,184,TejonRanch,4,34.875925,-118.602469,1117.509,3,open,52,3,2.9102,11,3,,38,,,,,,,,,,,,,,,,,,,,,,,,,,,,,,,,,,,,,
2017,185,TejonRanch,5,34.875889,-118.602501,1117.434,3,shrub,56,3,4.3882,35,2,,,,,,,,,,,,,,,,,,,,,,,,19,,,,,,,,,,,,,,,
2017,185,TejonRanch,5,34.875889,-118.602501,1117.434,3,open,30,4,0.7687,8,3,,18,,,,,,,,,,,,,,,,,,,,,,1,,,,,,,,,,,,,,,
2017,186,TejonRanch,6,34.875843,-118.602494,1117.341,3,shrub,65,2,2.9723,62,,,,,,,,,,,,,,,,,,,,,,,,,3,,,,,,,,,,,,,,,
2017,186,TejonRanch,6,34.875843,-118.602494,1117.341,3,open,38,3,0.9283,1,,,36,,,,,,,,,,,,,,,,,,,,,,1,,,,,,,,,,,,,,,
2017,187,TejonRanch,7,34.875829,-118.602447,1117.201,3,shrub,97,2,5.3594,88,,,,,,,,,,,,,,,,,,,,,,,,,9,,,,,,,,,,,,,,,
2017,187,TejonRanch,7,34.875829,-118.602447,1117.201,3,open,39,3,0.2301,3,4,,32,,,,,,,,,,,,,,,,,,,,,,,,,,,,,,,,,,,,,
2017,188,TejonRanch,8,34.875822,-118.602389,1116.511,3,shrub,54,4,2.8407,38,7,,,,,,,,,,,,,,,,,,,,,,,,1,,,,,,8,,,,,,,,,
2017,188,TejonRanch,8,34.875822,-118.602389,1116.511,3,open,22,3,0.1081,9,,,11,2,,,,,,,,,,,,,,,,,,,,,,,,,,,,,,,,,,,,
2017,189,TejonRanch,9,34.875737,-118.602331,1115.802,3,shrub,86,4,2.7394,62,,,20,,,,,,,,3,,,,,,,,,,,,,1,,,,,,,,,,,,,,,,
2017,189,TejonRanch,9,34.875737,-118.602331,1115.802,3,open,58,5,0.6351,8,9,,31,,,,,,,,,,,,,,,,,,,,,8,,,,,,,2,,,,,,,,,
2017,190,TejonRanch,10,34.87552,-118.602249,1114.514,3,shrub,67,3,3.6815,62,,,,,,,,,,,,,,,,,,,,,,,,,1,,,,,,4,,,,,,,,,
2017,190,TejonRanch,10,34.87552,-118.602249,1114.514,3,open,32,6,0.1614,3,3,,20,,,,,,,,,,,,,,,,,,,,,4,1,,,,,,,1,,,,,,,,
2017,191,TejonRanch,11,34.876,-118.602661,1116.371,3,shrub,52,3,1.9994,48,,,,,,,,,,,,,,,,,,,,,,,,2,2,,,,,,,,,,,,,,,
2017,191,TejonRanch,11,34.876,-118.602661,1116.371,3,open,33,5,0.843,5,1,,18,,,,,,,,,,,,,,,,,,,,,3,,,,,,,,,,6,,,,,,
2017,192,TejonRanch,12,34.876069,-118.60274,1116.949,3,shrub,70,2,2.7728,69,,,,,,,,,,,,,,,,,,,,,,,,,,,,,,,,1,,,,,,,,
2017,192,TejonRanch,12,34.876069,-118.60274,1116.949,3,open,56,3,0.1076,8,,,45,,,,,,,,,,,,,,,,,,,,,3,,,,,,,,,,,,,,,,
2017,193,TejonRanch,13,34.876045,-118.602807,1117.434,3,shrub,80,4,3.076,57,1,,18,,,,,,,,,,,,,,,,4,,,,,,,,,,,,,,,,,,,,,
2017,193,TejonRanch,13,34.876045,-118.602807,1117.434,3,open,44,4,1.124,8,4,,31,,,,,,,,,,,,,,,,,,,,,,,,,,,,1,,,,,,,,,
2017,194,TejonRanch,14,34.876075,-118.602828,1117.63,3,shrub,43,3,0.3361,18,,,16,,,,,,,,,,,,,,,,,,,,,9,,,,,,,,,,,,,,,,
2017,194,TejonRanch,14,34.876075,-118.602828,1117.63,3,open,35,3,0.2709,,9,,25,,,,,,,,,,,,,,,,,,,,,1,,,,,,,,,,,,,,,,
2017,195,TejonRanch,15,34.876118,-118.60265,1117.164,3,shrub,83,3,1.3888,77,,,,,,,,,,,,,,,,,,,,,,,,4,,,,,,,,2,,,,,,,,
2017,195,TejonRanch,15,34.876118,-118.60265,1117.164,3,open,21,3,0.2529,9,,,10,,,,,,,,,,,,,,,,,,,,,2,,,,,,,,,,,,,,,,
2017,196,TejonRanch,16,34.876185,-118.602667,1117.714,3,shrub,82,3,0.8782,63,,,10,,,,,,,,,,,,,,,,,,,,,9,,,,,,,,,,,,,,,,
2017,196,TejonRanch,16,34.876185,-118.602667,1117.714,3,open,32,4,0.2485,5,6,,17,,,,,,,,,,,,,,,,4,,,,,,,,,,,,,,,,,,,,,
2017,197,TejonRanch,17,34.876193,-118.602592,1117.742,3,shrub,69,5,4.7098,51,3,,9,,,,,,,,,,,,,,,,3,,,,,,,,,,,,,3,,,,,,,,
2017,197,TejonRanch,17,34.876193,-118.602592,1117.742,3,open,57,3,0.2171,6,,,22,,,,,,,,,,,,,,,,,,,,,29,,,,,,,,,,,,,,,,
2017,198,TejonRanch,18,34.876192,-118.602608,1118.209,3,shrub,62,3,2.0569,54,3,,,,,,,,,,,,,,,,,,,,,,,,,,,,,,,5,,,,,,,,
2017,198,TejonRanch,18,34.876192,-118.602608,1118.209,3,open,48,4,0.7091,11,,,18,4,,,,,,,,,,,,,,,,,,,,15,,,,,,,,,,,,,,,,
2017,199,TejonRanch,19,34.876198,-118.602597,1118.088,3,shrub,33,3,1.9942,29,,,,3,,,,,,,,,,,,,,,,,,,,1,,,,,,,,,,,,,,,,
2017,199,TejonRanch,19,34.876198,-118.602597,1118.088,3,open,51,5,0.6287,18,9,,20,,,,,,,,,,,,,,,,3,,,,,1,,,,,,,,,,,,,,,,
2017,200,TejonRanch,20,34.876057,-118.602588,1117.556,3,shrub,76,3,3.5604,66,,,,,,,,,,,,,,,,,8,,,,,,,2,,,,,,,,,,,,,,,,
2017,200,TejonRanch,20,34.876057,-118.602588,1117.556,3,open,63,2,0.5831,,,,26,,,,,,,,,,,,,,,,,,,,,37,,,,,,,,,,,,,,,,
2017,201,TejonRanch,21,34.87645998,-118.601776,1117.760864,3,shrub,51,2,1.961,48,,,,,,,,,,,,,,,,,,,3,,,,,,,,,,,,,,,,,,,,,
2017,201,TejonRanch,21,34.87645998,-118.601776,1117.760864,3,open,24,2,0.6131,,,,22,,,,,,,,,,,,,,,,,,,,,,,,,,,,,,,2,,,,,,
2017,202,TejonRanch,22,34.87641103,-118.601735,1116.650513,3,shrub,21,2,0.8075,17,4,,,,,,,,,,,,,,,,,,,,,,,,,,,,,,,,,,,,,,,
2017,202,TejonRanch,22,34.87641103,-118.601735,1116.650513,3,open,32,4,0.8174,7,12,,11,,,,,,,,,,,,,,,,2,,,,,,,,,,,,,,,,,,,,,
2017,203,TejonRanch,23,34.87638102,-118.601754,1117.145142,3,shrub,63,3,2.4224,53,3,,7,,,,,,,,,,,,,,,,,,,,,,,,,,,,,,,,,,,,,
2017,203,TejonRanch,23,34.87638102,-118.601754,1117.145142,3,open,47,3,1.2006,6,3,,38,,,,,,,,,,,,,,,,,,,,,,,,,,,,,,,,,,,,,
2017,204,TejonRanch,24,34.87638697,-118.601762,1117.396973,3,shrub,61,3,2.3455,39,7,,15,,,,,,,,,,,,,,,,,,,,,,,,,,,,,,,,,,,,,
2017,204,TejonRanch,24,34.87638697,-118.601762,1117.396973,3,open,25,3,0.6386,,5,,19,,,,,,,,,,,,,,,,,,,,,,,,,,,,,,,1,,,,,,
2017,205,TejonRanch,25,34.87639803,-118.601776,1117.182373,3,shrub,52,3,1.9994,40,3,,9,,,,,,,,,,,,,,,,,,,,,,,,,,,,,,,,,,,,,
2017,205,TejonRanch,25,34.87639803,-118.601776,1117.182373,3,open,22,3,0.562,,11,,8,,,,,,,,,,,,,,,,,,,,,3,,,,,,,,,,,,,,,,
2017,206,TejonRanch,26,34.87632503,-118.601904,1115.866821,3,shrub,51,2,1.961,46,,,,,,,,,,,,,,,,,,,5,,,,,,,,,,,,,,,,,,,,,
2017,206,TejonRanch,26,34.87632503,-118.601904,1115.866821,3,open,52,4,1.3283,7,,,33,,,,,,,,,,,,,,,,8,,,,,,,,,,,,,,,4,,,,,,
2017,207,TejonRanch,27,34.87628102,-118.601907,1116.753174,3,shrub,70,4,2.6915,47,,,19,,,,,,,,,,,,,,,,2,,,,,,,,,,,,,2,,,,,,,,
2017,207,TejonRanch,27,34.87628102,-118.601907,1116.753174,3,open,28,5,0.7153,6,,,17,,,,,,,,,,,,,,,,3,,,,,1,,,,,,,,1,,,,,,,,
2017,208,TejonRanch,28,34.87624599,-118.601965,1116.463989,3,shrub,29,2,1.1151,26,3,,,,,,,,,,,,,,,,,,,,,,,,,,,,,,,,,,,,,,,
2017,208,TejonRanch,28,34.87624599,-118.601965,1116.463989,3,open,42,3,1.0729,8,,,32,,,,,,,,,,,,,,,,2,,,,,,,,,,,,,,,,,,,,,
2017,209,TejonRanch,29,34.87626501,-118.602047,1116.547974,3,shrub,61,4,2.3455,37,3,,9,,,,,,,,,,,,,,,,,,,,,12,,,,,,,,,,,,,,,,
2017,209,TejonRanch,29,34.87626501,-118.602047,1116.547974,3,open,39,5,0.9963,4,6,,25,,,,,,,,,,,,,,,,,,,,,3,,,,,,,,1,,,,,,,,
2017,210,TejonRanch,30,34.87623299,-118.602041,1117.229004,3,shrub,53,4,2.0379,41,,,9,,,,,,,,,,,,,,,,,,,,,,1,,,,,,,2,,,,,,,,
2017,210,TejonRanch,30,34.87623299,-118.602041,1117.229004,3,open,42,4,1.0729,7,8,,26,,,,,,,,,,,,,,,,,,,,,1,,,,,,,,,,,,,,,,
2016,1,PanocheHills,1,36.70000998,-120.801116,656.320862,1,shrub,86,2,22.0153,80,6,,,,,,,,,,,,,,,,,,,,,,,,,,,,,,,,,,,,,,,
2016,1,PanocheHills,1,36.70000998,-120.801116,656.320862,1,open,67,3,2.7758,35,31,,,,,,,,,,,,,,,,,,,,,,,,,1,,,,,,,,,,,,,,
2016,2,PanocheHills,2,36.70004804,-120.80123,656.190247,1,shrub,61,1,27.8112,61,,,,,,,,,,,,,,,,,,,,,,,,,,,,,,,,,,,,,,,,
2016,2,PanocheHills,2,36.70004804,-120.80123,656.190247,1,open,71,2,6.0003,42,29,,,,,,,,,,,,,,,,,,,,,,,,,,,,,,,,,,,,,,,
2016,3,PanocheHills,3,36.70009598,-120.801464,656.647461,1,shrub,76,2,13.5432,74,2,,,,,,,,,,,,,,,,,,,,,,,,,,,,,,,,,,,,,,,
2016,3,PanocheHills,3,36.70009598,-120.801464,656.647461,1,open,51,2,2.6245,30,21,,,,,,,,,,,,,,,,,,,,,,,,,,,,,,,,,,,,,,,
2016,4,PanocheHills,4,36.70011903,-120.801429,657.375244,1,shrub,83,1,6.5503,83,,,,,,,,,,,,,,,,,,,,,,,,,,,,,,,,,,,,,,,,
2016,4,PanocheHills,4,36.70011903,-120.801429,657.375244,1,open,46,3,3.3841,20,25,,,,,,,,,,,,,,,,,,,,,,,1,,,,,,,,,,,,,,,,
2016,5,PanocheHills,5,36.70019296,-120.801587,656.507507,1,shrub,62,2,11.7808,52,10,,,,,,,,,,,,,,,,,,,,,,,,,,,,,,,,,,,,,,,
2016,5,PanocheHills,5,36.70019296,-120.801587,656.507507,1,open,70,2,3.3208,38,32,,,,,,,,,,,,,,,,,,,,,,,,,,,,,,,,,,,,,,,
2016,6,PanocheHills,6,36.70026404,-120.80141,655.58374,1,shrub,100,2,24.7147,97,3,,,,,,,,,,,,,,,,,,,,,,,,,,,,,,,,,,,,,,,
2016,6,PanocheHills,6,36.70026404,-120.80141,655.58374,1,open,65,4,3.9468,40,23,1,,,,,,,,,,,,,,,,,,,,,,,,,,,1,,,,,,,,,,,
2016,7,PanocheHills,7,36.70036797,-120.801448,655.434448,1,shrub,76,2,17.564,69,7,,,,,,,,,,,,,,,,,,,,,,,,,,,,,,,,,,,,,,,
2016,7,PanocheHills,7,36.70036797,-120.801448,655.434448,1,open,91,3,5.5471,60,27,4,,,,,,,,,,,,,,,,,,,,,,,,,,,,,,,,,,,,,,
2016,8,PanocheHills,8,36.70044601,-120.80149,655.313171,1,shrub,49,2,12.4193,37,12,,,,,,,,,,,,,,,,,,,,,,,,,,,,,,,,,,,,,,,
2016,8,PanocheHills,8,36.70044601,-120.80149,655.313171,1,open,61,3,3.7891,35,20,6,,,,,,,,,,,,,,,,,,,,,,,,,,,,,,,,,,,,,,
2016,9,PanocheHills,9,36.70052002,-120.801512,655.05188,1,shrub,55,2,17.2538,35,20,,,,,,,,,,,,,,,,,,,,,,,,,,,,,,,,,,,,,,,
2016,9,PanocheHills,9,36.70052002,-120.801512,655.05188,1,open,75,3,3.8611,53,21,,,,,,,,,,,,,,,,,,,,,,,,,1,,,,,,,,,,,,,,
2016,10,PanocheHills,10,36.70044098,-120.801595,655.537109,1,shrub,61,2,22.1862,49,12,,,,,,,,,,,,,,,,,,,,,,,,,,,,,,,,,,,,,,,
2016,10,PanocheHills,10,36.70044098,-120.801595,655.537109,1,open,58,3,5.8425,23,33,,,,,,,,,,,,,,,,,,,,,,,,,2,,,,,,,,,,,,,,
2016,11,PanocheHills,11,36.70056897,-120.801704,656.432861,1,shrub,52,2,17.1192,39,13,,,,,,,,,,,,,,,,,,,,,,,,,,,,,,,,,,,,,,,
2016,11,PanocheHills,11,36.70056897,-120.801704,656.432861,1,open,60,2,6.0449,38,22,,,,,,,,,,,,,,,,,,,,,,,,,,,,,,,,,,,,,,,
2016,12,PanocheHills,12,36.700631,-120.801863,657.030029,1,shrub,72,1,31.3018,72,,,,,,,,,,,,,,,,,,,,,,,,,,,,,,,,,,,,,,,,
2016,12,PanocheHills,12,36.700631,-120.801863,657.030029,1,open,45,2,8.3547,34,11,,,,,,,,,,,,,,,,,,,,,,,,,,,,,,,,,,,,,,,
2016,13,PanocheHills,13,36.70059504,-120.801965,657.160645,1,shrub,65,2,13.3013,53,12,,,,,,,,,,,,,,,,,,,,,,,,,,,,,,,,,,,,,,,
2016,13,PanocheHills,13,36.70059504,-120.801965,657.160645,1,open,41,3,5.5774,26,14,,,,,,,,,,,,,,,,,,,,,,,,,1,,,,,,,,,,,,,,
2016,14,PanocheHills,14,36.70063804,-120.801745,656.768738,1,shrub,77,2,26.4307,51,26,,,,,,,,,,,,,,,,,,,,,,,,,,,,,,,,,,,,,,,
2016,14,PanocheHills,14,36.70063804,-120.801745,656.768738,1,open,30,2,4.1663,21,9,,,,,,,,,,,,,,,,,,,,,,,,,,,,,,,,,,,,,,,
2016,15,PanocheHills,15,36.70063804,-120.802166,657.216614,1,shrub,80,2,19.614,75,5,,,,,,,,,,,,,,,,,,,,,,,,,,,,,,,,,,,,,,,
2016,15,PanocheHills,15,36.70063804,-120.802166,657.216614,1,open,54,3,10.7176,18,35,,,,,,,,,,,,,,,,,,,,,,,,,1,,,,,,,,,,,,,,
2016,16,PanocheHills,16,36.70074298,-120.802176,656.955383,1,shrub,64,2,18.1812,62,2,,,,,,,,,,,,,,,,,,,,,,,,,,,,,,,,,,,,,,,
2016,16,PanocheHills,16,36.70074298,-120.802176,656.955383,1,open,36,4,7.6694,23,9,3,,,,,,,,,,,,,,,,,,,,,,,,1,,,,,,,,,,,,,,
2016,17,PanocheHills,17,36.70086301,-120.802219,656.022278,1,shrub,49,1,12.784,49,,,,,,,,,,,,,,,,,,,,,,,,,,,,,,,,,,,,,,,,
2016,17,PanocheHills,17,36.70086301,-120.802219,656.022278,1,open,58,2,8.3763,19,39,,,,,,,,,,,,,,,,,,,,,,,,,,,,,,,,,,,,,,,
2016,18,PanocheHills,18,36.700804,-120.802257,656.554138,1,shrub,63,1,20.3541,63,,,,,,,,,,,,,,,,,,,,,,,,,,,,,,,,,,,,,,,,
2016,18,PanocheHills,18,36.700804,-120.802257,656.554138,1,open,50,3,1.9175,25,24,1,,,,,,,,,,,,,,,,,,,,,,,,,,,,,,,,,,,,,,
2016,19,PanocheHills,19,36.70073301,-120.802433,656.199585,1,shrub,55,2,16.5502,36,19,,,,,,,,,,,,,,,,,,,,,,,,,,,,,,,,,,,,,,,
2016,19,PanocheHills,19,36.70073301,-120.802433,656.199585,1,open,42,2,2.4731,22,20,,,,,,,,,,,,,,,,,,,,,,,,,,,,,,,,,,,,,,,
2016,20,PanocheHills,20,36.700688,-120.802347,655.443787,1,shrub,85,1,19.09488,85,,,,,,,,,,,,,,,,,,,,,,,,,,,,,,,,,,,,,,,,
2016,20,PanocheHills,20,36.700688,-120.802347,655.443787,1,open,74,2,2.6764,33,41,,,,,,,,,,,,,,,,,,,,,,,,,,,,,,,,,,,,,,,
2016,21,PanocheHills,21,36.70053,-120.802301,655.854309,1,shrub,75,2,43.3173,65,,,,,,,,,10,,,,,,,,,,,,,,,,,,,,,,,,,,,,,,,
2016,21,PanocheHills,21,36.70053,-120.802301,655.854309,1,open,73,2,3.595,23,50,,,,,,,,,,,,,,,,,,,,,,,,,,,,,,,,,,,,,,,
2016,22,PanocheHills,22,36.70048398,-120.802091,657.141968,1,shrub,73,2,12.9287,68,5,,,,,,,,,,,,,,,,,,,,,,,,,,,,,,,,,,,,,,,
2016,22,PanocheHills,22,36.70048398,-120.802091,657.141968,1,open,87,3,17.6915,36,50,,,1,,,,,,,,,,,,,,,,,,,,,,,,,,,,,,,,,,,,
2016,23,PanocheHills,23,36.70042296,-120.802111,657.748474,1,shrub,59,2,22.9511,37,22,,,,,,,,,,,,,,,,,,,,,,,,,,,,,,,,,,,,,,,
2016,23,PanocheHills,23,36.70042296,-120.802111,657.748474,1,open,39,2,4.8555,22,17,,,,,,,,,,,,,,,,,,,,,,,,,,,,,,,,,,,,,,,
2016,24,PanocheHills,24,36.70036303,-120.801976,658.252319,1,shrub,51,2,13.9459,35,16,,,,,,,,,,,,,,,,,,,,,,,,,,,,,,,,,,,,,,,
2016,24,PanocheHills,24,36.70036303,-120.801976,658.252319,1,open,38,2,14.6693,30,8,,,,,,,,,,,,,,,,,,,,,,,,,,,,,,,,,,,,,,,
2016,25,PanocheHills,25,36.70034601,-120.801917,658.718872,1,shrub,42,2,35.2983,27,15,,,,,,,,,,,,,,,,,,,,,,,,,,,,,,,,,,,,,,,
2016,25,PanocheHills,25,36.70034601,-120.801917,658.718872,1,open,35,2,8.223,19,16,,,,,,,,,,,,,,,,,,,,,,,,,,,,,,,,,,,,,,,
2016,26,PanocheHills,26,36.70026102,-120.802002,658.905457,1,shrub,53,2,29.0397,44,9,,,,,,,,,,,,,,,,,,,,,,,,,,,,,,,,,,,,,,,
2016,26,PanocheHills,26,36.70026102,-120.802002,658.905457,1,open,33,2,5.1142,20,13,,,,,,,,,,,,,,,,,,,,,,,,,,,,,,,,,,,,,,,
2016,27,PanocheHills,27,36.700128,-120.801996,658.998779,1,shrub,40,1,12.9724,40,,,,,,,,,,,,,,,,,,,,,,,,,,,,,,,,,,,,,,,,
2016,27,PanocheHills,27,36.700128,-120.801996,658.998779,1,open,53,2,4.1717,20,33,,,,,,,,,,,,,,,,,,,,,,,,,,,,,,,,,,,,,,,
2016,28,PanocheHills,28,36.70014703,-120.802046,659.036072,1,shrub,43,2,22.7301,40,3,,,,,,,,,,,,,,,,,,,,,,,,,,,,,,,,,,,,,,,
2016,28,PanocheHills,28,36.70014703,-120.802046,659.036072,1,open,47,2,4.9659,22,25,,,,,,,,,,,,,,,,,,,,,,,,,,,,,,,,,,,,,,,
2016,29,PanocheHills,29,36.70008902,-120.801924,658.961426,1,shrub,62,2,14.9038,52,10,,,,,,,,,,,,,,,,,,,,,,,,,,,,,,,,,,,,,,,
2016,29,PanocheHills,29,36.70008902,-120.801924,658.961426,1,open,54,2,2.955,17,37,,,,,,,,,,,,,,,,,,,,,,,,,,,,,,,,,,,,,,,
2016,30,PanocheHills,30,36.70004502,-120.801923,659.120056,1,shrub,63,1,14.8281,63,,,,,,,,,,,,,,,,,,,,,,,,,,,,,,,,,,,,,,,,
2016,30,PanocheHills,30,36.70004502,-120.801923,659.120056,1,open,58,2,5.1806,42,16,,,,,,,,,,,,,,,,,,,,,,,,,,,,,,,,,,,,,,,
2016,31,Cuyama,1,34.85521998,-119.48851,806.83429,2,shrub,26,2,0.4451,23,,,,,,,,,,3,,,,,,,,,,,,,,,,,,,,,,,,,,,,,,
2016,31,Cuyama,1,34.85521998,-119.48851,806.83429,2,open,72,5,2.67,6,17,,5,15,,,,,,,,,,,,,,,,,,,,29,,,,,,,,,,,,,,,,
2016,32,Cuyama,2,34.85518101,-119.488553,806.526367,2,shrub,35,4,1.1774,18,5,,,,,,,,,11,,,,,,,,,,,,,,1,,,,,,,,,,,,,,,,
2016,32,Cuyama,2,34.85518101,-119.488553,806.526367,2,open,47,3,3.9388,,6,,,8,,,,,,,,,,,,,,,,,,,,33,,,,,,,,,,,,,,,,
2016,33,Cuyama,3,34.85511898,-119.488577,806.498352,2,shrub,31,3,1.813,26,3,,,,,,,,,,,,,,,,,,,,,,,2,,,,,,,,,,,,,,,,
2016,33,Cuyama,3,34.85511898,-119.488577,806.498352,2,open,34,4,1.0642,,9,,,3,,,,,,,2,,,,,,,,,,,,,20,,,,,,,,,,,,,,,,
2016,34,Cuyama,4,34.85505897,-119.488544,806.619629,2,shrub,18,2,2.7751,3,,,,,,,,,,15,,,,,,,,,,,,,,,,,,,,,,,,,,,,,,
2016,34,Cuyama,4,34.85505897,-119.488544,806.619629,2,open,69,4,5.7127,,16,,,9,,,,,,,,4,,,,,,,,,,,,40,,,,,,,,,,,,,,,,
2016,35,Cuyama,5,34.85504597,-119.488445,807.011536,2,shrub,8,2,1.1015,6,,,,,,,,,,2,,,,,,,,,,,,,,,,,,,,,,,,,,,,,,
2016,35,Cuyama,5,34.85504597,-119.488445,807.011536,2,open,47,3,4.7012,,6,,,19,,,,,,,,,,,,,,,,,,,,22,,,,,,,,,,,,,,,,
2016,36,Cuyama,6,34.85499803,-119.488383,806.050476,2,shrub,17,3,2.0208,2,,,,,,,,,,14,,,,,,,,,,,,,,1,,,,,,,,,,,,,,,,
2016,36,Cuyama,6,34.85499803,-119.488383,806.050476,2,open,72,4,3.7769,,11,,,11,,,,,,,,,,,,,,,,,,,,49,,1,,,,,,,,,,,,,,
2016,37,Cuyama,7,34.854893,-119.488468,808.075256,2,shrub,22,2,3.0192,21,1,,,,,,,,,,,,,,,,,,,,,,,,,,,,,,,,,,,,,,,
2016,37,Cuyama,7,34.854893,-119.488468,808.075256,2,open,54,5,3.5763,,5,,4,13,,,,,,,,,2,,,,,,,,,,,30,,,,,,,,,,,,,,,,
2016,38,Cuyama,8,34.85487901,-119.488425,808.709717,2,shrub,14,2,5.48907,4,10,,,,,,,,,,,,,,,,,,,,,,,,,,,,,,,,,,,,,,,
2016,38,Cuyama,8,34.85487901,-119.488425,808.709717,2,open,52,4,1.4626,,6,,,34,,,,,,,,,2,,,,,,,,,,,10,,,,,,,,,,,,,,,,
2016,39,Cuyama,9,34.85488596,-119.488325,808.523132,2,shrub,26,3,4.549,,2,,,,,,,,,18,,,,,,,,,,,,,,6,,,,,,,,,,,,,,,,
2016,39,Cuyama,9,34.85488596,-119.488325,808.523132,2,open,23,3,3.004,,12,,2,,,,,,,,,,,,,,,,,,,,,9,,,,,,,,,,,,,,,,
2016,40,Cuyama,10,34.85476401,-119.488354,809.922729,2,shrub,20,1,0.7735,,,,,,,,,,,20,,,,,,,,,,,,,,,,,,,,,,,,,,,,,,
2016,40,Cuyama,10,34.85476401,-119.488354,809.922729,2,open,39,4,2.8841,,12,,,3,,,,,,,,,2,,,,,,,,,,,22,,,,,,,,,,,,,,,,
2016,41,Cuyama,11,34.85461799,-119.488493,809.325562,2,shrub,18,1,2.0676,,,,,,,,,,,18,,,,,,,,,,,,,,,,,,,,,,,,,,,,,,
2016,41,Cuyama,11,34.85461799,-119.488493,809.325562,2,open,65,3,4.9944,,9,,,6,,,,,,,,,,,,,,,,,,,,50,,,,,,,,,,,,,,,,
2016,42,Cuyama,12,34.854648,-119.488394,809.59613,2,shrub,25,2,4.0771,15,10,,,,,,,,,,,,,,,,,,,,,,,,,,,,,,,,,,,,,,,
2016,42,Cuyama,12,34.854648,-119.488394,809.59613,2,open,70,3,2.442,,6,,,44,,,,,,,,,,,,,,,,,,,,20,,,,,,,,,,,,,,,,
2016,43,Cuyama,13,34.85453803,-119.48836,810.18396,2,shrub,15,3,1.8743,3,2,,,,,,,,,10,,,,,,,,,,,,,,,,,,,,,,,,,,,,,,
2016,43,Cuyama,13,34.85453803,-119.48836,810.18396,2,open,48,3,2.1415,,2,,,30,,,,,,,,,,,,,,,,,,,,16,,,,,,,,,,,,,,,,
2016,44,Cuyama,14,34.854418,-119.488377,809.81073,2,shrub,19,3,2.144,,3,,,,,,,,,13,,,,,,,,,,,,,,,,,,,3,,,,,,,,,,,
2016,44,Cuyama,14,34.854418,-119.488377,809.81073,2,open,27,3,4.2167,,23,,3,,,,,,,,,,,1,,,,,,,,,,,,,,,,,,,,,,,,,,
2016,45,Cuyama,15,34.85440602,-119.488198,810.072021,2,shrub,17,2,1.2213,2,,,,,,,,,,15,,,,,,,,,,,,,,,,,,,,,,,,,,,,,,
2016,45,Cuyama,15,34.85440602,-119.488198,810.072021,2,open,49,5,1.352,,8,,6,3,,,,,,,,,,5,,,,,,,,,,27,,,,,,,,,,,,,,,,
2016,46,Cuyama,16,34.85436,-119.488105,810.39856,2,shrub,31,1,4.9756,,,,,,,,,,,31,,,,,,,,,,,,,,,,,,,,,,,,,,,,,,
2016,46,Cuyama,16,34.85436,-119.488105,810.39856,2,open,51,4,1.9563,,8,,,6,,,,,,,,,1,,,,,,,,,,,36,,,,,,,,,,,,,,,,
2016,47,Cuyama,17,34.85442697,-119.48802,810.016052,2,shrub,20,3,1.5991,9,3,,,,,,,,,,,,,,,,,,,,,,,8,,,,,,,,,,,,,,,,
2016,47,Cuyama,17,34.85442697,-119.48802,810.016052,2,open,70,4,1.1261,,37,,,,,,,,,,,,3,6,,,,,,,,,,24,,,,,,,,,,,,,,,,
2016,48,Cuyama,18,34.85448699,-119.487982,811.191711,2,shrub,17,3,0.5978,13,1,,,,,,,,,3,,,,,,,,,,,,,,,,,,,,,,,,,,,,,,
2016,48,Cuyama,18,34.85448699,-119.487982,811.191711,2,open,62,4,1.0235,,14,,10,,,,,,,,,,,4,,,,,,,,,,34,,,,,,,,,,,,,,,,
2016,49,Cuyama,19,34.85460802,-119.487894,811.667542,2,shrub,17,3,2.6687,8,,,,,,,,,,8,,,,,,,,,,,,,,,,,,,1,,,,,,,,,,,
2016,49,Cuyama,19,34.85460802,-119.487894,811.667542,2,open,31,4,2.5176,,7,,,5,,,,,,,,,,1,,,,,,,,,,18,,,,,,,,,,,,,,,,
2016,50,Cuyama,20,34.85472403,-119.487787,809.885376,2,shrub,7,2,0.4084,6,,,,,,,,,,1,,,,,,,,,,,,,,,,,,,,,,,,,,,,,,
2016,50,Cuyama,20,34.85472403,-119.487787,809.885376,2,open,56,4,4.332,,6,,,13,,,,,,,,,,,8,,,,,,,,,29,,,,,,,,,,,,,,,,
2016,51,Cuyama,21,34.85472,-119.487714,810.417236,2,shrub,24,3,1.2541,17,1,,,,,,,,,6,,,,,,,,,,,,,,,,,,,,,,,,,,,,,,
2016,51,Cuyama,21,34.85472,-119.487714,810.417236,2,open,61,5,2.8024,,3,,,17,,,,,,,,,,2,1,,,,,,,,,38,,,,,,,,,,,,,,,,
2016,52,Cuyama,22,34.85483903,-119.487612,811.341003,2,shrub,28,3,1.3705,20,3,,,,,,,,,5,,,,,,,,,,,,,,,,,,,,,,,,,,,,,,
2016,52,Cuyama,22,34.85483903,-119.487612,811.341003,2,open,48,4,2.147,,11,,6,,,,,,,,,,,,1,,,,,,,,,30,,,,,,,,,,,,,,,,
2016,53,Cuyama,23,34.85491999,-119.487414,810.958435,2,shrub,0,0,4.9759,,,,,,,,,,,,,,,,,,,,,,,,,,,,,,,,,,,,,,,,,
2016,53,Cuyama,23,34.85491999,-119.487414,810.958435,2,open,53,4,5.0203,,17,,17,,,,,,,,,,,3,,,,,,,,,,16,,,,,,,,,,,,,,,,
2016,54,Cuyama,24,34.85496098,-119.487277,811.630249,2,shrub,9,1,0.7851,,,,,,,,,,,9,,,,,,,,,,,,,,,,,,,,,,,,,,,,,,
2016,54,Cuyama,24,34.85496098,-119.487277,811.630249,2,open,46,3,2.1732,,14,,25,,,,,,,,,,,,,,,,,,,,,7,,,,,,,,,,,,,,,,
2016,55,Cuyama,25,34.85500197,-119.487363,811.900818,2,shrub,14,2,0.1253,11,,,,,,,,,,3,,,,,,,,,,,,,,,,,,,,,,,,,,,,,,
2016,55,Cuyama,25,34.85500197,-119.487363,811.900818,2,open,45,4,0.5305,,13,,20,,,,,,,,,,,1,,,,,,,,,,11,,,,,,,,,,,,,,,,
2016,56,Cuyama,26,34.85510398,-119.487522,812.180725,2,shrub,13,3,1.3724,6,2,,,,,,,,,5,,,,,,,,,,,,,,,,,,,,,,,,,,,,,,
2016,56,Cuyama,26,34.85510398,-119.487522,812.180725,2,open,76,5,1.8914,,13,,26,2,,,,,,,,,2,,,,,,,,,,,33,,,,,,,,,,,,,,,,
2016,57,Cuyama,27,34.85511404,-119.487606,812.124756,2,shrub,21,2,2.4118,,,,,13,,,,,,8,,,,,,,,,,,,,,,,,,,,,,,,,,,,,,
2016,57,Cuyama,27,34.85511404,-119.487606,812.124756,2,open,48,3,3.3385,,10,,3,,,,,,,,,,,,,,,,,,,,,35,,,,,,,,,,,,,,,,
2016,58,Cuyama,28,34.85508403,-119.487613,812.619263,2,shrub,76,5,1.4399,,13,,26,2,,,,,,,,,2,,,,,,,,,,,33,,,,,,,,,,,,,,,,
2016,58,Cuyama,28,34.85508403,-119.487613,812.619263,2,open,28,3,0.654,,9,,6,,,,,,,,,,,,,,,,,,,,,13,,,,,,,,,,,,,,,,
2016,59,Cuyama,29,34.85499099,-119.487913,811.46228,2,shrub,11,2,1.8358,10,,,,,,,,,,1,,,,,,,,,,,,,,,,,,,,,,,,,,,,,,
2016,59,Cuyama,29,34.85499099,-119.487913,811.46228,2,open,35,3,0.5776,,,,4,6,,,,,,,,,,,,,,,,,,,,25,,,,,,,,,,,,,,,,
2016,60,Cuyama,30,34.85501697,-119.488134,811.779541,2,shrub,13,1,3.479,,,,,,,,,,,13,,,,,,,,,,,,,,,,,,,,,,,,,,,,,,
2016,60,Cuyama,30,34.85501697,-119.488134,811.779541,2,open,30,5,1.1282,,1,,9,7,,,,,,,,,,3,,,,,,,,,,10,,,,,,,,,,,,,,,,
2016,61,Barstow,1,35.094051,-116.8349,496.02,4,shrub,0,0,,,,,,,,,,,,,,,,,,,,,,,,,,,,,,,,,,,,,,,,,,
2016,61,Barstow,1,35.094051,-116.8349,496.02,4,open,0,0,,,,,,,,,,,,,,,,,,,,,,,,,,,,,,,,,,,,,,,,,,
2016,62,Barstow,2,35.093909,-116.834817,496.169,4,shrub,0,0,,,,,,,,,,,,,,,,,,,,,,,,,,,,,,,,,,,,,,,,,,
2016,62,Barstow,2,35.093909,-116.834817,496.169,4,open,0,0,,,,,,,,,,,,,,,,,,,,,,,,,,,,,,,,,,,,,,,,,,
2016,63,Barstow,3,35.093813,-116.834911,495.413,4,shrub,0,0,,,,,,,,,,,,,,,,,,,,,,,,,,,,,,,,,,,,,,,,,,
2016,63,Barstow,3,35.093813,-116.834911,495.413,4,open,0,0,,,,,,,,,,,,,,,,,,,,,,,,,,,,,,,,,,,,,,,,,,
2016,64,Barstow,4,35.093731,-116.835001,495.46,4,shrub,0,0,,,,,,,,,,,,,,,,,,,,,,,,,,,,,,,,,,,,,,,,,,
2016,64,Barstow,4,35.093731,-116.835001,495.46,4,open,0,0,,,,,,,,,,,,,,,,,,,,,,,,,,,,,,,,,,,,,,,,,,
2016,65,Barstow,5,35.093721,-116.835008,494.984,4,shrub,0,0,,,,,,,,,,,,,,,,,,,,,,,,,,,,,,,,,,,,,,,,,,
2016,65,Barstow,5,35.093721,-116.835008,494.984,4,open,0,0,,,,,,,,,,,,,,,,,,,,,,,,,,,,,,,,,,,,,,,,,,
2016,66,Barstow,6,35.093606,-116.835026,494.76,4,shrub,0,0,,,,,,,,,,,,,,,,,,,,,,,,,,,,,,,,,,,,,,,,,,
2016,66,Barstow,6,35.093606,-116.835026,494.76,4,open,0,0,,,,,,,,,,,,,,,,,,,,,,,,,,,,,,,,,,,,,,,,,,
2016,67,Barstow,7,35.093593,-116.835051,495.087,4,shrub,0,0,,,,,,,,,,,,,,,,,,,,,,,,,,,,,,,,,,,,,,,,,,
2016,67,Barstow,7,35.093593,-116.835051,495.087,4,open,0,0,,,,,,,,,,,,,,,,,,,,,,,,,,,,,,,,,,,,,,,,,,
2016,68,Barstow,8,35.093579,-116.835052,495.105,4,shrub,0,0,,,,,,,,,,,,,,,,,,,,,,,,,,,,,,,,,,,,,,,,,,
2016,68,Barstow,8,35.093579,-116.835052,495.105,4,open,0,0,,,,,,,,,,,,,,,,,,,,,,,,,,,,,,,,,,,,,,,,,,
2016,69,Barstow,9,35.093533,-116.835052,495.152,4,shrub,0,0,,,,,,,,,,,,,,,,,,,,,,,,,,,,,,,,,,,,,,,,,,
2016,69,Barstow,9,35.093533,-116.835052,495.152,4,open,0,0,,,,,,,,,,,,,,,,,,,,,,,,,,,,,,,,,,,,,,,,,,
2016,70,Barstow,10,35.093424,-116.835026,494.928,4,shrub,0,0,,,,,,,,,,,,,,,,,,,,,,,,,,,,,,,,,,,,,,,,,,
2016,70,Barstow,10,35.093424,-116.835026,494.928,4,open,0,0,,,,,,,,,,,,,,,,,,,,,,,,,,,,,,,,,,,,,,,,,,
2016,71,Barstow,11,35.09338,-116.835167,494.863,4,shrub,0,0,,,,,,,,,,,,,,,,,,,,,,,,,,,,,,,,,,,,,,,,,,
2016,71,Barstow,11,35.09338,-116.835167,494.863,4,open,0,0,,,,,,,,,,,,,,,,,,,,,,,,,,,,,,,,,,,,,,,,,,
2016,72,Barstow,12,35.093358,-116.835116,494.9,4,shrub,0,0,,,,,,,,,,,,,,,,,,,,,,,,,,,,,,,,,,,,,,,,,,
2016,72,Barstow,12,35.093358,-116.835116,494.9,4,open,0,0,,,,,,,,,,,,,,,,,,,,,,,,,,,,,,,,,,,,,,,,,,
2016,73,Barstow,13,35.093317,-116.835113,494.891,4,shrub,0,0,,,,,,,,,,,,,,,,,,,,,,,,,,,,,,,,,,,,,,,,,,
2016,73,Barstow,13,35.093317,-116.835113,494.891,4,open,0,0,,,,,,,,,,,,,,,,,,,,,,,,,,,,,,,,,,,,,,,,,,
2016,74,Barstow,14,35.093255,-116.83517,494.583,4,shrub,0,0,,,,,,,,,,,,,,,,,,,,,,,,,,,,,,,,,,,,,,,,,,
2016,74,Barstow,14,35.093255,-116.83517,494.583,4,open,0,0,,,,,,,,,,,,,,,,,,,,,,,,,,,,,,,,,,,,,,,,,,
2016,75,Barstow,15,35.093176,-116.835234,495.068,4,shrub,0,0,,,,,,,,,,,,,,,,,,,,,,,,,,,,,,,,,,,,,,,,,,
2016,75,Barstow,15,35.093176,-116.835234,495.068,4,open,0,0,,,,,,,,,,,,,,,,,,,,,,,,,,,,,,,,,,,,,,,,,,
2016,76,Barstow,16,35.093126,-116.835173,494.881,4,shrub,0,0,,,,,,,,,,,,,,,,,,,,,,,,,,,,,,,,,,,,,,,,,,
2016,76,Barstow,16,35.093126,-116.835173,494.881,4,open,0,0,,,,,,,,,,,,,,,,,,,,,,,,,,,,,,,,,,,,,,,,,,
2016,77,Barstow,17,35.0931,-116.835264,494.601,4,shrub,0,0,,,,,,,,,,,,,,,,,,,,,,,,,,,,,,,,,,,,,,,,,,
2016,77,Barstow,17,35.0931,-116.835264,494.601,4,open,0,0,,,,,,,,,,,,,,,,,,,,,,,,,,,,,,,,,,,,,,,,,,
2016,78,Barstow,18,35.092989,-116.835244,494.116,4,shrub,0,0,,,,,,,,,,,,,,,,,,,,,,,,,,,,,,,,,,,,,,,,,,
2016,78,Barstow,18,35.092989,-116.835244,494.116,4,open,0,0,,,,,,,,,,,,,,,,,,,,,,,,,,,,,,,,,,,,,,,,,,
2016,79,Barstow,19,35.092894,-116.835197,493.967,4,shrub,0,0,,,,,,,,,,,,,,,,,,,,,,,,,,,,,,,,,,,,,,,,,,
2016,79,Barstow,19,35.092894,-116.835197,493.967,4,open,0,0,,,,,,,,,,,,,,,,,,,,,,,,,,,,,,,,,,,,,,,,,,
2016,80,Barstow,20,35.092761,-116.835166,493.734,4,shrub,0,0,,,,,,,,,,,,,,,,,,,,,,,,,,,,,,,,,,,,,,,,,,
2016,80,Barstow,20,35.092761,-116.835166,493.734,4,open,0,0,,,,,,,,,,,,,,,,,,,,,,,,,,,,,,,,,,,,,,,,,,
2016,81,Barstow,21,35.09274803,-116.83509,573.044434,4,shrub,0,0,,,,,,,,,,,,,,,,,,,,,,,,,,,,,,,,,,,,,,,,,,
2016,81,Barstow,21,35.09274803,-116.83509,573.044434,4,open,0,0,,,,,,,,,,,,,,,,,,,,,,,,,,,,,,,,,,,,,,,,,,
2016,82,Barstow,22,35.09270897,-116.834966,572.139343,4,shrub,0,0,,,,,,,,,,,,,,,,,,,,,,,,,,,,,,,,,,,,,,,,,,
2016,82,Barstow,22,35.09270897,-116.834966,572.139343,4,open,0,0,,,,,,,,,,,,,,,,,,,,,,,,,,,,,,,,,,,,,,,,,,
2016,83,Barstow,23,35.0928,-116.834878,572.988464,4,shrub,0,0,,,,,,,,,,,,,,,,,,,,,,,,,,,,,,,,,,,,,,,,,,
2016,83,Barstow,23,35.0928,-116.834878,572.988464,4,open,0,0,,,,,,,,,,,,,,,,,,,,,,,,,,,,,,,,,,,,,,,,,,
2016,84,Barstow,24,35.09274996,-116.834794,572.31665,4,shrub,0,0,,,,,,,,,,,,,,,,,,,,,,,,,,,,,,,,,,,,,,,,,,
2016,84,Barstow,24,35.09274996,-116.834794,572.31665,4,open,0,0,,,,,,,,,,,,,,,,,,,,,,,,,,,,,,,,,,,,,,,,,,
2016,85,Barstow,25,35.09280402,-116.834736,571.756836,4,shrub,0,0,,,,,,,,,,,,,,,,,,,,,,,,,,,,,,,,,,,,,,,,,,
2016,85,Barstow,25,35.09280402,-116.834736,571.756836,4,open,0,0,,,,,,,,,,,,,,,,,,,,,,,,,,,,,,,,,,,,,,,,,,
2016,86,Barstow,26,35.09286898,-116.834754,571.906128,4,shrub,0,0,,,,,,,,,,,,,,,,,,,,,,,,,,,,,,,,,,,,,,,,,,
2016,86,Barstow,26,35.09286898,-116.834754,571.906128,4,open,0,0,,,,,,,,,,,,,,,,,,,,,,,,,,,,,,,,,,,,,,,,,,
2016,87,Barstow,27,35.092901,-116.834569,571.691467,4,shrub,0,0,,,,,,,,,,,,,,,,,,,,,,,,,,,,,,,,,,,,,,,,,,
2016,87,Barstow,27,35.092901,-116.834569,571.691467,4,open,0,0,,,,,,,,,,,,,,,,,,,,,,,,,,,,,,,,,,,,,,,,,,
2016,88,Barstow,28,35.09294802,-116.834503,571.934082,4,shrub,0,0,,,,,,,,,,,,,,,,,,,,,,,,,,,,,,,,,,,,,,,,,,
2016,88,Barstow,28,35.09294802,-116.834503,571.934082,4,open,0,0,,,,,,,,,,,,,,,,,,,,,,,,,,,,,,,,,,,,,,,,,,
2016,89,Barstow,29,35.09302204,-116.834682,571.486206,4,shrub,0,0,,,,,,,,,,,,,,,,,,,,,,,,,,,,,,,,,,,,,,,,,,
2016,89,Barstow,29,35.09302204,-116.834682,571.486206,4,open,0,0,,,,,,,,,,,,,,,,,,,,,,,,,,,,,,,,,,,,,,,,,,
2016,90,Barstow,30,35.09311298,-116.834711,571.719482,4,shrub,0,0,,,,,,,,,,,,,,,,,,,,,,,,,,,,,,,,,,,,,,,,,,
2016,90,Barstow,30,35.09311298,-116.834711,571.719482,4,open,0,0,,,,,,,,,,,,,,,,,,,,,,,,,,,,,,,,,,,,,,,,,,
2016,91,HeartofMojave,1,34.698199,-115.684169,784.73,5,shrub,6,4,2.8591,,1,,,,1,,,,,,,,,,,2,,2,,,,,,,,,,,,,,,,,,,,,,
2016,91,HeartofMojave,1,34.698199,-115.684169,784.73,5,open,5,4,2.5082,,,,,1,,,,,,,,,,,,2,,,1,,,1,,,,,,,,,,,,,,,,,,
2016,92,HeartofMojave,2,34.69811,-115.684086,784.646,5,shrub,1,1,0.2598,,,,,1,,,,,,,,,,,,,,,,,,,,,,,,,,,,,,,,,,,,
2016,92,HeartofMojave,2,34.69811,-115.684086,784.646,5,open,6,3,1.0816,,1,,,,,,,,,,,,,,,4,,,1,,,,,,,,,,,,,,,,,,,,,
2016,93,HeartofMojave,3,34.69805,-115.68411,784.851,5,shrub,2,2,0.2178,,1,,,,,,,,,,,,,,,,,1,,,,,,,,,,,,,,,,,,,,,,
2016,93,HeartofMojave,3,34.69805,-115.68411,784.851,5,open,2,2,0.7781,,,,,1,,,,,,,,,,,,1,,,,,,,,,,,,,,,,,,,,,,,,
2016,94,HeartofMojave,4,34.697983,-115.684098,784.833,5,shrub,9,4,1.1505,,,,3,2,2,,,,,2,,,,,,,,,,,,,,,,,,,,,,,,,,,,,,
2016,94,HeartofMojave,4,34.697983,-115.684098,784.833,5,open,2,2,1.0323,,,,,,1,,,,,,,,,,,,,,1,,,,,,,,,,,,,,,,,,,,,
2016,95,HeartofMojave,5,34.697921,-115.684108,784.553,5,shrub,13,3,2.4496,,,,6,,,,,,,,,,,,,,,2,5,,,,,,,,,,,,,,,,,,,,,
2016,95,HeartofMojave,5,34.697921,-115.684108,784.553,5,open,5,3,1.1517,,,,2,,1,,,,,,,,,,,,,,2,,,,,,,,,,,,,,,,,,,,,
2016,96,HeartofMojave,6,34.697944,-115.684324,784.263,5,shrub,5,3,2.0197,,,,,1,3,,,,,,,,,,,,,1,,,,,,,,,,,,,,,,,,,,,,
2016,96,HeartofMojave,6,34.697944,-115.684324,784.263,5,open,2,2,1.5111,,,,1,,,1,,,,,,,,,,,,,,,,,,,,,,,,,,,,,,,,,,
2016,97,HeartofMojave,7,34.697886,-115.684317,784.366,5,shrub,11,5,2.4169,,,,,1,3,,,,,,,,,,,,,,3,3,,,1,,,,,,,,,,,,,,,,,
2016,97,HeartofMojave,7,34.697886,-115.684317,784.366,5,open,9,4,3.0533,,,,,1,1,,,,,,,,,,,6,,,,,,1,,,,,,,,,,,,,,,,,,
2016,98,HeartofMojave,8,34.697841,-115.68436,784.235,5,shrub,5,4,1.775,,,,,,,,,2,,,,,,,,1,,,,1,,,1,,,,,,,,,,,,,,,,,
2016,98,HeartofMojave,8,34.697841,-115.68436,784.235,5,open,1,1,0.8499,,,,,,,,,,,,,,,,,1,,,,,,,,,,,,,,,,,,,,,,,,
2016,99,HeartofMojave,9,34.697816,-115.684347,783.993,5,shrub,5,3,2.6382,,2,,,,,,,,,,,,,,,,,,1,2,,,,,,,,,,,,,,,,,,,,
2016,99,HeartofMojave,9,34.697816,-115.684347,783.993,5,open,7,5,1.2184,,,,,2,2,,,,,,,,,,,1,,,1,1,,,,,,,,,,,,,,,,,,,,
2016,100,HeartofMojave,10,34.697789,-115.684413,783.246,5,shrub,13,3,0.7273,,,,,8,1,,,,,,,,,,,4,,,,,,,,,,,,,,,,,,,,,,,,
2016,100,HeartofMojave,10,34.697789,-115.684413,783.246,5,open,26,5,3.8085,,,,3,5,,,,,,,,,,,,3,,,1,,,,14,,,,,,,,,,,,,,,,,
2016,101,HeartofMojave,11,34.697757,-115.684349,783.06,5,shrub,10,5,1.9812,,1,,,2,,,,,,,,,,,,2,,,3,2,,,,,,,,,,,,,,,,,,,,
2016,101,HeartofMojave,11,34.697757,-115.684349,783.06,5,open,12,3,6.2397,,1,,,2,,,,,,,,,,,,9,,,,,,,,,,,,,,,,,,,,,,,,
2016,102,HeartofMojave,12,34.697715,-115.684375,783.041,5,shrub,13,5,2.6442,,,,5,1,1,,,,,,,,,,,3,,,3,,,,,,,,,,,,,,,,,,,,,
2016,102,HeartofMojave,12,34.697715,-115.684375,783.041,5,open,6,5,1.7629,,1,,,1,1,1,,,,,,,,,,2,,,,,,,,,,,,,,,,,,,,,,,,
2016,103,HeartofMojave,13,34.697623,-115.684419,783.172,5,shrub,3,3,0.2614,,,,,,1,,,,,,,,,,,1,,,1,,,,,,,,,,,,,,,,,,,,,
2016,103,HeartofMojave,13,34.697623,-115.684419,783.172,5,open,9,3,0.6076,,,,,1,,2,,,,,,,,,,6,,,,,,,,,,,,,,,,,,,,,,,,
2016,104,HeartofMojave,14,34.697637,-115.684476,782.668,5,shrub,17,5,1.7782,,,,1,10,2,,,,,,,,,,,1,,,3,,,,,,,,,,,,,,,,,,,,,
2016,104,HeartofMojave,14,34.697637,-115.684476,782.668,5,open,7,5,1.10191,,,,1,,2,1,,,,,2,,,,,1,,,,,,,,,,,,,,,,,,,,,,,,
2016,105,HeartofMojave,15,34.697557,-115.684431,782.584,5,shrub,6,4,2.0559,,,,,,1,1,,,,,3,,,,,,,1,,,,,,,,,,,,,,,,,,,,,,
2016,105,HeartofMojave,15,34.697557,-115.684431,782.584,5,open,18,4,1.4652,,,,,3,5,,,,,,4,,,,,6,,,,,,,,,,,,,,,,,,,,,,,,
2016,106,HeartofMojave,16,34.697474,-115.684322,781.875,5,shrub,14,5,2.1203,,2,,,2,5,,,,,,,,,,,4,,,1,,,,,,,,,,,,,,,,,,,,,
2016,106,HeartofMojave,16,34.697474,-115.684322,781.875,5,open,22,6,1.2015,,1,,3,11,5,1,,,,,,,,,,,,,,1,,,,,,,,,,,,,,,,,,,,
2016,107,HeartofMojave,17,34.697346,-115.684312,783.013,5,shrub,7,4,1.169,,,,,,4,,,,,,,,,,,1,,,1,1,,,,,,,,,,,,,,,,,,,,
2016,107,HeartofMojave,17,34.697346,-115.684312,783.013,5,open,8,5,1.9549,,1,,1,1,,3,,,,,,,,,,2,,,,,,,,,,,,,,,,,,,,,,,,
2016,108,HeartofMojave,18,34.697301,-115.684342,782.369,5,shrub,7,6,0.6023,,1,,,2,1,,,,,,,,,,,1,,,,,,1,,,,,,,,1,,,,,,,,,,
2016,108,HeartofMojave,18,34.697301,-115.684342,782.369,5,open,1,1,0.9631,,,,,,,,,,,,,,,,,,,,,,,1,,,,,,,,,,,,,,,,,,
2016,109,HeartofMojave,19,34.697179,-115.684321,781.343,5,shrub,7,3,2.2341,,,,,1,,,,,,,1,,,,,5,,,,,,,,,,,,,,,,,,,,,,,,
2016,109,HeartofMojave,19,34.697179,-115.684321,781.343,5,open,6,2,0.7979,,,,,,,,,,,,1,,,,,5,,,,,,,,,,,,,,,,,,,,,,,,
2016,110,HeartofMojave,20,34.697142,-115.68429,781.082,5,shrub,14,5,1.83,,,,,3,5,,,,,,,,,,,3,,1,2,,,,,,,,,,,,,,,,,,,,,
2016,110,HeartofMojave,20,34.697142,-115.68429,781.082,5,open,9,5,0.9264,,,,,2,4,,,,,,,,,,,1,,,1,,,1,,,,,,,,,,,,,,,,,,
2016,111,HeartofMojave,21,34.69721298,-115.684176,770.780457,5,shrub,6,4,2.7252,,,,1,1,,,,,,,,,,,,3,,,1,,,,,,,,,,,,,,,,,,,,,
2016,111,HeartofMojave,21,34.69721298,-115.684176,770.780457,5,open,2,2,0.8791,,,,,,,1,,,,,,,,,,1,,,,,,,,,,,,,,,,,,,,,,,,
2016,112,HeartofMojave,22,34.69729101,-115.684086,770.967102,5,shrub,10,3,2.0085,,,,2,,,,,,,,,,,,,5,,,3,,,,,,,,,,,,,,,,,,,,,
2016,112,HeartofMojave,22,34.69729101,-115.684086,770.967102,5,open,4,3,0.5592,,,,,1,2,,,,,,1,,,,,,,,,,,,,,,,,,,,,,,,,,,,,
2016,113,HeartofMojave,23,34.69745203,-115.683817,773.934265,5,shrub,10,2,0.9758,,,,,,,,,,,,2,,,,,8,,,,,,,,,,,,,,,,,,,,,,,,
2016,113,HeartofMojave,23,34.69745203,-115.683817,773.934265,5,open,1,1,0.1388,,,,,1,,,,,,,,,,,,,,,,,,,,,,,,,,,,,,,,,,,,
2016,114,HeartofMojave,24,34.69748296,-115.683775,773.094482,5,shrub,4,3,0.4298,,,,,,,,,,,,1,,,,,2,,,,1,,,,,,,,,,,,,,,,,,,,
2016,114,HeartofMojave,24,34.69748296,-115.683775,773.094482,5,open,4,2,0.3952,,,,,1,,,,,,,,,,,,3,,,,,,,,,,,,,,,,,,,,,,,,
2016,115,HeartofMojave,25,34.69747902,-115.683714,773.999573,5,shrub,4,3,0.2421,,,,2,1,,,,,,,,,,,,1,,,,,,,,,,,,,,,,,,,,,,,,
2016,115,HeartofMojave,25,34.69747902,-115.683714,773.999573,5,open,1,1,0.3712,,,,,,,,,,,,,,,,,1,,,,,,,,,,,,,,,,,,,,,,,,
2016,116,HeartofMojave,26,34.69754599,-115.68368,774.503418,5,shrub,6,4,1.1509,,,,,1,,,,1,,,,,,,,2,,,,,,,,,,,,,,2,,,,,,,,,,
2016,116,HeartofMojave,26,34.69754599,-115.68368,774.503418,5,open,0,0,,,,,,,,,,,,,,,,,,,,,,,,,,,,,,,,,,,,,,,,,,
2016,117,HeartofMojave,27,34.69761397,-115.683597,774.876648,5,shrub,6,3,1.2388,,,,1,1,,,,,,,4,,,,,,,,,,,,,,,,,,,,,,,,,,,,,
2016,117,HeartofMojave,27,34.69761397,-115.683597,774.876648,5,open,5,4,0.3837,,,,,,,,,2,,,,,,,,1,,,,1,,,,,,,,,,1,,,,,,,,,,
2016,118,HeartofMojave,28,34.69764104,-115.683623,775.02594,5,shrub,4,2,8.3171,,2,,,,,,,,,,2,,,,,,,,,,,,,,,,,,,,,,,,,,,,,
2016,118,HeartofMojave,28,34.69764104,-115.683623,775.02594,5,open,0,0,0,,,,,,,,,,,,,,,,,,,,,,,,,,,,,,,,,,,,,,,,,
2016,119,HeartofMojave,29,34.69768899,-115.683718,774.960632,5,shrub,4,2,2.1855,,1,,,,,,,,,,,,,,,3,,,,,,,,,,,,,,,,,,,,,,,,
2016,119,HeartofMojave,29,34.69768899,-115.683718,774.960632,5,open,0,0,0,,,,,,,,,,,,,,,,,,,,,,,,,,,,,,,,,,,,,,,,,
2016,120,HeartofMojave,30,34.69771698,-115.683715,775.072571,5,shrub,5,4,1.3209,,1,,,1,,,,,,,,,,,,2,,,,,,,,,,,,,,1,,,,,,,,,,
2016,120,HeartofMojave,30,34.69771698,-115.683715,775.072571,5,open,0,0,0.3557,,,,,,,,,,,,,,,,,,,,,,,,,,,,,,,,,,,,,,,,,
2016,121,SheepholeValley,1,34.205676,-115.719676,545.92,6,shrub,0,0,,,,,,,,,,,,,,,,,,,,,,,,,,,,,,,,,,,,,,,,,,
2016,121,SheepholeValley,1,34.205676,-115.719676,545.92,6,open,0,0,,,,,,,,,,,,,,,,,,,,,,,,,,,,,,,,,,,,,,,,,,
2016,122,SheepholeValley,2,34.205739,-115.719518,546.573,6,shrub,0,0,,,,,,,,,,,,,,,,,,,,,,,,,,,,,,,,,,,,,,,,,,
2016,122,SheepholeValley,2,34.205739,-115.719518,546.573,6,open,1,1,0.766,,,,,,,,1,,,,,,,,,,,,,,,,,,,,,,,,,,,,,,,,,
2016,123,SheepholeValley,3,34.205653,-115.719417,546.629,6,shrub,0,0,,,,,,,,,,,,,,,,,,,,,,,,,,,,,,,,,,,,,,,,,,
2016,123,SheepholeValley,3,34.205653,-115.719417,546.629,6,open,1,1,0.0643,,,,,,,,1,,,,,,,,,,,,,,,,,,,,,,,,,,,,,,,,,
2016,124,SheepholeValley,4,34.20559,-115.719219,546.247,6,shrub,1,1,0.645,,,,,,,,,,,,,,,,,,,1,,,,,,,,,,,,,,,,,,,,,,
2016,124,SheepholeValley,4,34.20559,-115.719219,546.247,6,open,3,1,0.9387,,,,,,,,3,,,,,,,,,,,,,,,,,,,,,,,,,,,,,,,,,
2016,125,SheepholeValley,5,34.205634,-115.719167,546.517,6,shrub,0,0,,,,,,,,,,,,,,,,,,,,,,,,,,,,,,,,,,,,,,,,,,
2016,125,SheepholeValley,5,34.205634,-115.719167,546.517,6,open,0,0,,,,,,,,,,,,,,,,,,,,,,,,,,,,,,,,,,,,,,,,,,
2016,126,SheepholeValley,6,34.205581,-115.718991,546.293,6,shrub,1,1,,,,,,,,,,,,,,,,,,,,1,,,,,,,,,,,,,,,,,,,,,,
2016,126,SheepholeValley,6,34.205581,-115.718991,546.293,6,open,2,2,0.7242,,,,,1,1,,,,,,,,,,,,,,,,,,,,,,,,,,,,,,,,,,,
2016,127,SheepholeValley,7,34.205614,-115.718967,545.892,6,shrub,1,1,0.0946,,,,,,,,,,,,,,,,,,,1,,,,,,,,,,,,,,,,,,,,,,
2016,127,SheepholeValley,7,34.205614,-115.718967,545.892,6,open,0,0,,,,,,,,,,,,,,,,,,,,,,,,,,,,,,,,,,,,,,,,,,
2016,128,SheepholeValley,8,34.205545,-115.718968,545.743,6,shrub,1,1,,,,,,,,,,,,,,,,,,,,1,,,,,,,,,,,,,,,,,,,,,,
2016,128,SheepholeValley,8,34.205545,-115.718968,545.743,6,open,3,3,0.4365,,,,,,1,,1,,,,,,,,,,1,,,,,,,,,,,,,,,,,,,,,,,
2016,129,SheepholeValley,9,34.20572,-115.71875,546.508,6,shrub,5,4,0.7169,,,,,1,,,1,,,,,,,,,,1,2,,,,,,,,,,,,,,,,,,,,,,
2016,129,SheepholeValley,9,34.20572,-115.71875,546.508,6,open,16,2,0.7266,,,,,15,,,,,,,,,,,,1,,,,,,,,,,,,,,,,,,,,,,,,
2016,130,SheepholeValley,10,34.205769,-115.718717,546.909,6,shrub,0,0,,,,,,,,,,,,,,,,,,,,,,,,,,,,,,,,,,,,,,,,,,
2016,130,SheepholeValley,10,34.205769,-115.718717,546.909,6,open,4,1,0.356,,,,,4,,,,,,,,,,,,,,,,,,,,,,,,,,,,,,,,,,,,
2016,131,SheepholeValley,11,34.205796,-115.718632,547.133,6,shrub,1,1,0.4178,,,,,,1,,,,,,,,,,,,,,,,,,,,,,,,,,,,,,,,,,,
2016,131,SheepholeValley,11,34.205796,-115.718632,547.133,6,open,0,0,,,,,,,,,,,,,,,,,,,,,,,,,,,,,,,,,,,,,,,,,,
2016,132,SheepholeValley,12,34.205945,-115.71861,547.889,6,shrub,0,0,,,,,,,,,,,,,,,,,,,,,,,,,,,,,,,,,,,,,,,,,,
2016,132,SheepholeValley,12,34.205945,-115.71861,547.889,6,open,1,1,0.9407,,,,,,1,,,,,,,,,,,,,,,,,,,,,,,,,,,,,,,,,,,
2016,133,SheepholeValley,13,34.20611,-115.718718,548.458,6,shrub,1,1,0.3405,,,,,,,,,,,,,,,,,,1,,,,,,,,,,,,,,,,,,,,,,,
2016,133,SheepholeValley,13,34.20611,-115.718718,548.458,6,open,1,1,0.2589,,,,,1,,,,,,,,,,,,,,,,,,,,,,,,,,,,,,,,,,,,
2016,134,SheepholeValley,14,34.206259,-115.718993,549.531,6,shrub,2,1,0.0984,,,,,,,,,,,,,,,,,2,,,,,,,,,,,,,,,,,,,,,,,,
2016,134,SheepholeValley,14,34.206259,-115.718993,549.531,6,open,0,0,,,,,,,,,,,,,,,,,,,,,,,,,,,,,,,,,,,,,,,,,,
2016,135,SheepholeValley,15,34.206319,-115.719174,550.007,6,shrub,0,0,,,,,,,,,,,,,,,,,,,,,,,,,,,,,,,,,,,,,,,,,,
2016,135,SheepholeValley,15,34.206319,-115.719174,550.007,6,open,0,0,,,,,,,,,,,,,,,,,,,,,,,,,,,,,,,,,,,,,,,,,,
2016,136,SheepholeValley,16,34.206313,-115.719359,550.38,6,shrub,2,2,0.2261,,,,,,,,1,,,,,,,,,1,,,,,,,,,,,,,,,,,,,,,,,,
2016,136,SheepholeValley,16,34.206313,-115.719359,550.38,6,open,1,1,0.2104,,,,,,1,,,,,,,,,,,,,,,,,,,,,,,,,,,,,,,,,,,
2016,137,SheepholeValley,17,34.206284,-115.719578,549.942,6,shrub,1,1,0.8813,,,,,,,,1,,,,,,,,,,,,,,,,,,,,,,,,,,,,,,,,,
2016,137,SheepholeValley,17,34.206284,-115.719578,549.942,6,open,0,0,,,,,,,,,,,,,,,,,,,,,,,,,,,,,,,,,,,,,,,,,,
2016,138,SheepholeValley,18,34.206254,-115.719625,550.156,6,shrub,1,1,0.2825,,,,,,,,1,,,,,,,,,,,,,,,,,,,,,,,,,,,,,,,,,
2016,138,SheepholeValley,18,34.206254,-115.719625,550.156,6,open,1,1,,,,,,1,,,,,,,,,,,,,,,,,,,,,,,,,,,,,,,,,,,,
2016,139,SheepholeValley,19,34.206268,-115.719703,549.456,6,shrub,2,1,0.5004,,,,,,2,,,,,,,,,,,,,,,,,,,,,,,,,,,,,,,,,,,
2016,139,SheepholeValley,19,34.206268,-115.719703,549.456,6,open,3,1,0.3153,,,,,,3,,,,,,,,,,,,,,,,,,,,,,,,,,,,,,,,,,,
2016,140,SheepholeValley,20,34.206183,-115.719774,549.195,6,shrub,0,0,,,,,,,,,,,,,,,,,,,,,,,,,,,,,,,,,,,,,,,,,,
2016,140,SheepholeValley,20,34.206183,-115.719774,549.195,6,open,1,1,0.3726,,,,,,,,,,,,,,,,,,1,,,,,,,,,,,,,,,,,,,,,,,
2016,141,SheepholeValley,21,34.20649596,-115.719377,598.358582,6,shrub,0,0,,,,,,,,,,,,,,,,,,,,,,,,,,,,,,,,,,,,,,,,,,
2016,141,SheepholeValley,21,34.20649596,-115.719377,598.358582,6,open,0,0,0.1453,,,,,,,,,,,,,,,,,,,,,,,,,,,,,,,,,,,,,,,,,
2016,142,SheepholeValley,22,34.206516,-115.719238,597.864075,6,shrub,0,0,,,,,,,,,,,,,,,,,,,,,,,,,,,,,,,,,,,,,,,,,,
2016,142,SheepholeValley,22,34.206516,-115.719238,597.864075,6,open,0,0,,,,,,,,,,,,,,,,,,,,,,,,,,,,,,,,,,,,,,,,,,
2016,143,SheepholeValley,23,34.20664097,-115.719077,599.412964,6,shrub,0,0,,,,,,,,,,,,,,,,,,,,,,,,,,,,,,,,,,,,,,,,,,
2016,143,SheepholeValley,23,34.20664097,-115.719077,599.412964,6,open,0,0,,,,,,,,,,,,,,,,,,,,,,,,,,,,,,,,,,,,,,,,,,
2016,144,SheepholeValley,24,34.20678003,-115.71917,600.159424,6,shrub,0,0,,,,,,,,,,,,,,,,,,,,,,,,,,,,,,,,,,,,,,,,,,
2016,144,SheepholeValley,24,34.20678003,-115.71917,600.159424,6,open,1,1,0.5515,,,,,1,,,,,,,,,,,,,,,,,,,,,,,,,,,,,,,,,,,,
2016,145,SheepholeValley,25,34.20663703,-115.719189,597.901428,6,shrub,0,0,,,,,,,,,,,,,,,,,,,,,,,,,,,,,,,,,,,,,,,,,,
2016,145,SheepholeValley,25,34.20663703,-115.719189,597.901428,6,open,0,0,,,,,,,,,,,,,,,,,,,,,,,,,,,,,,,,,,,,,,,,,,
2016,146,SheepholeValley,26,34.206589,-115.719262,597.40686,6,shrub,0,0,,,,,,,,,,,,,,,,,,,,,,,,,,,,,,,,,,,,,,,,,,
2016,146,SheepholeValley,26,34.206589,-115.719262,597.40686,6,open,0,0,,,,,,,,,,,,,,,,,,,,,,,,,,,,,,,,,,,,,,,,,,
2016,147,SheepholeValley,27,34.20658599,-115.719494,595.820679,6,shrub,0,0,,,,,,,,,,,,,,,,,,,,,,,,,,,,,,,,,,,,,,,,,,
2016,147,SheepholeValley,27,34.20658599,-115.719494,595.820679,6,open,2,2,1.6416,,,,,,,,1,,,,,,,,,,1,,,,,,,,,,,,,,,,,,,,,,,
2016,148,SheepholeValley,28,34.20657601,-115.719791,595.410095,6,shrub,1,1,0.9494,,,,,,1,,,,,,,,,,,,,,,,,,,,,,,,,,,,,,,,,,,
2016,148,SheepholeValley,28,34.20657601,-115.719791,595.410095,6,open,0,0,,,,,,,,,,,,,,,,,,,,,,,,,,,,,,,,,,,,,,,,,,
2016,149,SheepholeValley,29,34.20655103,-115.719879,595.568726,6,shrub,0,0,,,,,,,,,,,,,,,,,,,,,,,,,,,,,,,,,,,,,,,,,,
2016,149,SheepholeValley,29,34.20655103,-115.719879,595.568726,6,open,0,0,,,,,,,,,,,,,,,,,,,,,,,,,,,,,,,,,,,,,,,,,,
2016,150,SheepholeValley,30,34.20661398,-115.719893,596.343201,6,shrub,0,0,,,,,,,,,,,,,,,,,,,,,,,,,,,,,,,,,,,,,,,,,,
2016,150,SheepholeValley,30,34.20661398,-115.719893,596.343201,6,open,0,0,,,,,,,,,,,,,,,,,,,,,,,,,,,,,,,,,,,,,,,,,,
2016,151,Tecopa,1,35.85151504,-116.186706,699.456665,7,shrub,73,2,3.3679,,,,70,3,,,,,,,,,,,,,,,,,,,,,,,,,,,,,,,,,,,,
2016,151,Tecopa,1,35.85151504,-116.186706,699.456665,7,open,33,2,1.6275,,,,30,3,,,,,,,,,,,,,,,,,,,,,,,,,,,,,,,,,,,,
2016,152,Tecopa,2,35.85144698,-116.186709,699.577942,7,shrub,73,2,0.4133,,,,68,5,,,,,,,,,,,,,,,,,,,,,,,,,,,,,,,,,,,,
2016,152,Tecopa,2,35.85144698,-116.186709,699.577942,7,open,24,3,0.4405,,,,22,1,1,,,,,,,,,,,,,,,,,,,,,,,,,,,,,,,,,,,
2016,153,Tecopa,3,35.85141303,-116.186732,700.259094,7,shrub,42,3,1.6219,,,,36,4,2,,,,,,,,,,,,,,,,,,,,,,,,,,,,,,,,,,,
2016,153,Tecopa,3,35.85141303,-116.186732,700.259094,7,open,22,3,0.3855,,,,18,3,1,,,,,,,,,,,,,,,,,,,,,,,,,,,,,,,,,,,
2016,154,Tecopa,4,35.85134204,-116.186611,700.893616,7,shrub,31,3,0.7922,,,,29,1,1,,,,,,,,,,,,,,,,,,,,,,,,,,,,,,,,,,,
2016,154,Tecopa,4,35.85134204,-116.186611,700.893616,7,open,12,2,0.2174,,,,11,1,,,,,,,,,,,,,,,,,,,,,,,,,,,,,,,,,,,,
2016,155,Tecopa,5,35.85130398,-116.186551,700.147156,7,shrub,25,2,0.4858,,,,23,2,,,,,,,,,,,,,,,,,,,,,,,,,,,,,,,,,,,,
2016,155,Tecopa,5,35.85130398,-116.186551,700.147156,7,open,32,2,0.4447,,,,31,1,,,,,,,,,,,,,,,,,,,,,,,,,,,,,,,,,,,,
2016,156,Tecopa,6,35.85127297,-116.186618,699.680603,7,shrub,84,2,1.2659,,,,83,1,,,,,,,,,,,,,,,,,,,,,,,,,,,,,,,,,,,,
2016,156,Tecopa,6,35.85127297,-116.186618,699.680603,7,open,30,3,0.5023,,,,26,2,2,,,,,,,,,,,,,,,,,,,,,,,,,,,,,,,,,,,
2016,157,Tecopa,7,35.85121002,-116.186577,700.753601,7,shrub,35,2,0.3025,,,,28,7,,,,,,,,,,,,,,,,,,,,,,,,,,,,,,,,,,,,
2016,157,Tecopa,7,35.85121002,-116.186577,700.753601,7,open,12,1,1.0742,,,,12,,,,,,,,,,,,,,,,,,,,,,,,,,,,,,,,,,,,,
2016,158,Tecopa,8,35.851178,-116.186536,700.92157,7,shrub,42,2,3.1358,,,,41,,1,,,,,,,,,,,,,,,,,,,,,,,,,,,,,,,,,,,
2016,158,Tecopa,8,35.851178,-116.186536,700.92157,7,open,46,2,0.2765,,,,43,3,,,,,,,,,,,,,,,,,,,,,,,,,,,,,,,,,,,,
2016,159,Tecopa,9,35.85116702,-116.186409,702.209229,7,shrub,30,1,1.5787,,,,30,,,,,,,,,,,,,,,,,,,,,,,,,,,,,,,,,,,,,
2016,159,Tecopa,9,35.85116702,-116.186409,702.209229,7,open,30,1,0.5211,,,,30,,,,,,,,,,,,,,,,,,,,,,,,,,,,,,,,,,,,,
2016,160,Tecopa,10,35.85126501,-116.186258,702.965027,7,shrub,24,1,1.1088,,,,24,,,,,,,,,,,,,,,,,,,,,,,,,,,,,,,,,,,,,
2016,160,Tecopa,10,35.85126501,-116.186258,702.965027,7,open,35,2,0.3992,,,,34,1,,,,,,,,,,,,,,,,,,,,,,,,,,,,,,,,,,,,
2016,161,Tecopa,11,35.85122896,-116.186248,702.806396,7,shrub,30,3,1.6263,,,,25,4,,1,,,,,,,,,,,,,,,,,,,,,,,,,,,,,,,,,,
2016,161,Tecopa,11,35.85122896,-116.186248,702.806396,7,open,19,3,0.6122,,,,17,1,1,,,,,,,,,,,,,,,,,,,,,,,,,,,,,,,,,,,
2016,162,Tecopa,12,35.85118303,-116.186279,704.103333,7,shrub,41,2,1.2459,,,,31,10,,,,,,,,,,,,,,,,,,,,,,,,,,,,,,,,,,,,
2016,162,Tecopa,12,35.85118303,-116.186279,704.103333,7,open,24,2,0.4921,,,,21,3,,,,,,,,,,,,,,,,,,,,,,,,,,,,,,,,,,,,
2016,163,Tecopa,13,35.85115202,-116.186355,704.373962,7,shrub,32,3,1.8641,,,,30,1,,1,,,,,,,,,,,,,,,,,,,,,,,,,,,,,,,,,,
2016,163,Tecopa,13,35.85115202,-116.186355,704.373962,7,open,35,2,0.6229,,,,29,6,,,,,,,,,,,,,,,,,,,,,,,,,,,,,,,,,,,,
2016,164,Tecopa,14,35.85107901,-116.186469,705.465637,7,shrub,16,2,1.0131,,,,15,1,,,,,,,,,,,,,,,,,,,,,,,,,,,,,,,,,,,,
2016,164,Tecopa,14,35.85107901,-116.186469,705.465637,7,open,25,4,0.2855,,,,17,6,,1,,,,,,,,,,1,,,,,,,,,,,,,,,,,,,,,,,,
2016,165,Tecopa,15,35.85107801,-116.186557,705.017761,7,shrub,57,2,3.078,,,,55,2,,,,,,,,,,,,,,,,,,,,,,,,,,,,,,,,,,,,
2016,165,Tecopa,15,35.85107801,-116.186557,705.017761,7,open,30,2,0.07291,,,,21,9,,,,,,,,,,,,,,,,,,,,,,,,,,,,,,,,,,,,
2016,166,Tecopa,16,35.85101699,-116.186626,706.52002,7,shrub,22,1,1.0664,,,,22,,,,,,,,,,,,,,,,,,,,,,,,,,,,,,,,,,,,,
2016,166,Tecopa,16,35.85101699,-116.186626,706.52002,7,open,29,3,0.6676,,,,20,8,1,,,,,,,,,,,,,,,,,,,,,,,,,,,,,,,,,,,
2016,167,Tecopa,17,35.85115504,-116.186732,706.641296,7,shrub,27,3,2.1467,,,,25,1,,,,,,,,,,,,,1,,,,,,,,,,,,,,,,,,,,,,,
2016,167,Tecopa,17,35.85115504,-116.186732,706.641296,7,open,26,3,0.7402,,,,16,9,,,,,,,,,,,,1,,,,,,,,,,,,,,,,,,,,,,,,
2016,168,Tecopa,18,35.85123399,-116.186729,707.593018,7,shrub,28,1,0.9651,,,,28,,,,,,,,,,,,,,,,,,,,,,,,,,,,,,,,,,,,,
2016,168,Tecopa,18,35.85123399,-116.186729,707.593018,7,open,17,2,0.2864,,,,14,3,,,,,,,,,,,,,,,,,,,,,,,,,,,,,,,,,,,,
2016,169,Tecopa,19,35.851236,-116.186802,707.658325,7,shrub,28,1,0.6711,,,,28,,,,,,,,,,,,,,,,,,,,,,,,,,,,,,,,,,,,,
2016,169,Tecopa,19,35.851236,-116.186802,707.658325,7,open,36,4,0.3993,,,,28,3,4,,,,,,1,,,,,,,,,,,,,,,,,,,,,,,,,,,,,
2016,170,Tecopa,20,35.85130499,-116.186857,445.727142,7,shrub,33,1,0.7029,,,,33,,,,,,,,,,,,,,,,,,,,,,,,,,,,,,,,,,,,,
2016,170,Tecopa,20,35.85130499,-116.186857,445.727142,7,open,16,5,0.8612,,,,11,2,,,,1,,,1,,,,,1,,,,,,,,,,,,,,,,,,,,,,,,
2016,171,Tecopa,21,35.85133298,-116.186796,446.249664,7,shrub,49,2,1.6097,,,,48,1,,,,,,,,,,,,,,,,,,,,,,,,,,,,,,,,,,,,
2016,171,Tecopa,21,35.85133298,-116.186796,446.249664,7,open,27,2,1.0825,,,,25,2,,,,,,,,,,,,,,,,,,,,,,,,,,,,,,,,,,,,
2016,172,Tecopa,22,35.85139702,-116.186855,447.173401,7,shrub,22,2,1.4807,,,,21,1,,,,,,,,,,,,,,,,,,,,,,,,,,,,,,,,,,,,
2016,172,Tecopa,22,35.85139702,-116.186855,447.173401,7,open,13,3,1.2186,,,,9,2,,,,,,,2,,,,,,,,,,,,,,,,,,,,,,,,,,,,,
2016,173,Tecopa,23,35.85144698,-116.186894,447.453339,7,shrub,34,1,2.2545,,,,34,,,,,,,,,,,,,,,,,,,,,,,,,,,,,,,,,,,,,
2016,173,Tecopa,23,35.85144698,-116.186894,447.453339,7,open,23,2,0.3326,,,,20,3,,,,,,,,,,,,,,,,,,,,,,,,,,,,,,,,,,,,
2016,174,Tecopa,24,35.85145896,-116.186836,448.768951,7,shrub,21,3,3.4926,,,,18,2,1,,,,,,,,,,,,,,,,,,,,,,,,,,,,,,,,,,,
2016,174,Tecopa,24,35.85145896,-116.186836,448.768951,7,open,34,3,0.2245,,,,29,3,2,,,,,,,,,,,,,,,,,,,,,,,,,,,,,,,,,,,
2016,175,Tecopa,25,35.85150297,-116.186831,448.712982,7,shrub,17,2,0.936,,,,16,1,,,,,,,,,,,,,,,,,,,,,,,,,,,,,,,,,,,,
2016,175,Tecopa,25,35.85150297,-116.186831,448.712982,7,open,22,3,0.7306,,,,19,,2,,,,,,1,,,,,,,,,,,,,,,,,,,,,,,,,,,,,
2016,176,Tecopa,26,35.85151898,-116.186943,449.011566,7,shrub,19,1,2.4041,,,,19,,,,,,,,,,,,,,,,,,,,,,,,,,,,,,,,,,,,,
2016,176,Tecopa,26,35.85151898,-116.186943,449.011566,7,open,8,1,0.5732,,,,8,,,,,,,,,,,,,,,,,,,,,,,,,,,,,,,,,,,,,
2016,177,Tecopa,27,35.85147103,-116.186939,447.863892,7,shrub,30,1,3.1762,,,,30,,,,,,,,,,,,,,,,,,,,,,,,,,,,,,,,,,,,,
2016,177,Tecopa,27,35.85147103,-116.186939,447.863892,7,open,23,4,0.5081,,,,14,6,,,,,,,2,,,,,1,,,,,,,,,,,,,,,,,,,,,,,,
2016,178,Tecopa,28,35.85152702,-116.186952,449.020874,7,shrub,27,2,1.5821,,,,26,,,,,,,,,,,,,1,,,,,,,,,,,,,,,,,,,,,,,,
2016,178,Tecopa,28,35.85152702,-116.186952,449.020874,7,open,14,3,1.032,,,,11,2,,,,,,,1,,,,,,,,,,,,,,,,,,,,,,,,,,,,,
2016,179,Tecopa,29,35.85167698,-116.187015,448.918243,7,shrub,22,3,0.7709,,,,19,,2,,,,,,1,,,,,,,,,,,,,,,,,,,,,,,,,,,,,
2016,179,Tecopa,29,35.85167698,-116.187015,448.918243,7,open,28,2,0.9884,,,,27,1,,,,,,,,,,,,,,,,,,,,,,,,,,,,,,,,,,,,
2016,180,Tecopa,30,35.85101,-116.18721,449.020874,7,shrub,21,4,1.4198,,,,5,13,2,,,,,,1,,,,,,,,,,,,,,,,,,,,,,,,,,,,,
2016,180,Tecopa,30,35.85101,-116.18721,449.020874,7,open,29,2,0.5589,,,,28,1,,,,,,,,,,,,,,,,,,,,,,,,,,,,,,,,,,,,
2016,181,TejonRanch,1,34.875994,-118.60246,1118.022,3,shrub,56,3,2.5916,18,,,32,,,,,,,,,,,,,,,,,,6,,,,,,,,,,,,,,,,,,,
2016,181,TejonRanch,1,34.875994,-118.60246,1118.022,3,open,25,2,2.6577,15,,,10,,,,,,,,,,,,,,,,,,,,,,,,,,,,,,,,,,,,,
2016,182,TejonRanch,2,34.875953,-118.602484,1118.05,3,shrub,43,3,0.5022,21,,,18,,,,,,,,,,,,,,,,,,4,,,,,,,,,,,,,,,,,,,
2016,182,TejonRanch,2,34.875953,-118.602484,1118.05,3,open,23,3,0.5036,2,,,20,,,,,,,,,,,,,,,,,,1,,,,,,,,,,,,,,,,,,,
2016,183,TejonRanch,3,34.875926,-118.602516,1117.63,3,shrub,45,4,0.7591,6,1,,33,,,,,,,,,,,,,,,,,,5,,,,,,,,,,,,,,,,,,,
2016,183,TejonRanch,3,34.875926,-118.602516,1117.63,3,open,51,2,0.5133,12,,,39,,,,,,,,,,,,,,,,,,,,,,,,,,,,,,,,,,,,,
2016,184,TejonRanch,4,34.875925,-118.602469,1117.509,3,shrub,32,4,0.2446,2,1,,28,1,,,,,,,,,,,,,,,,,,,,,,,,,,,,,,,,,,,,
2016,184,TejonRanch,4,34.875925,-118.602469,1117.509,3,open,64,3,3.4263,8,,,52,,,,,,,,,,,,,,,,,,4,,,,,,,,,,,,,,,,,,,
2016,185,TejonRanch,5,34.875889,-118.602501,1117.434,3,shrub,37,5,2.0623,12,,,10,2,,,,,,,,,,,,,,,,,2,,,11,,,,,,,,,,,,,,,,
2016,185,TejonRanch,5,34.875889,-118.602501,1117.434,3,open,28,3,0.827,5,,,19,,,,,,,,,,,,,,,,,,,,,4,,,,,,,,,,,,,,,,
2016,186,TejonRanch,6,34.875843,-118.602494,1117.341,3,shrub,38,4,2.4988,3,,,22,1,,,,,,,,,,,,,,,,,,,,,12,,,,,,,,,,,,,,,
2016,186,TejonRanch,6,34.875843,-118.602494,1117.341,3,open,38,2,0.4714,4,,,34,,,,,,,,,,,,,,,,,,,,,,,,,,,,,,,,,,,,,
2016,187,TejonRanch,7,34.875829,-118.602447,1117.201,3,shrub,32,4,1.6388,11,2,,,,,,,,,,,,,,,,,,,,13,,,,6,,,,,,,,,,,,,,,
2016,187,TejonRanch,7,34.875829,-118.602447,1117.201,3,open,23,3,0.4106,3,,,17,,,,,,,,,,,,,,,,,,,,,,3,,,,,,,,,,,,,,,
2016,188,TejonRanch,8,34.875822,-118.602389,1116.511,3,shrub,28,2,0.3967,20,,,,,,,,,,,,,,,,,,,,,,,,8,,,,,,,,,,,,,,,,
2016,188,TejonRanch,8,34.875822,-118.602389,1116.511,3,open,44,3,0.4848,21,,,21,,,,,,,,,,,,,,,,,,2,,,,,,,,,,,,,,,,,,,
2016,189,TejonRanch,9,34.875737,-118.602331,1115.802,3,shrub,48,4,0.6642,16,22,,,,,,,,,,,,,,,,,,,,1,,,9,,,,,,,,,,,,,,,,
2016,189,TejonRanch,9,34.875737,-118.602331,1115.802,3,open,48,5,3.3951,3,4,,31,3,,,,,,,,,,,,,,,,,7,,,,,,,,,,,,,,,,,,,
2016,190,TejonRanch,10,34.87552,-118.602249,1114.514,3,shrub,54,4,3.2802,35,5,,,2,,,,,,,,,,,,,,,,,,,,,12,,,,,,,,,,,,,,,
2016,190,TejonRanch,10,34.87552,-118.602249,1114.514,3,open,39,5,0.81343,3,,,21,2,,,,,,,,,,,,,,,,,,,,12,,,1,,,,,,,,,,,,,
2016,191,TejonRanch,11,34.876,-118.602661,1116.371,3,shrub,70,3,0.5758,25,,,41,,,,,,,,,,,,,,,,,,,,,4,,,,,,,,,,,,,,,,
2016,191,TejonRanch,11,34.876,-118.602661,1116.371,3,open,47,4,1.692,4,2,,38,,,,,,,,,,,,,,,,,,,,,,,,,3,,,,,,,,,,,,
2016,192,TejonRanch,12,34.876069,-118.60274,1116.949,3,shrub,33,4,0.4287,20,,,10,,,,,,,,,,,,,,,,,,2,,,,1,,,,,,,,,,,,,,,
2016,192,TejonRanch,12,34.876069,-118.60274,1116.949,3,open,32,3,0.4639,6,,,25,1,,,,,,,,,,,,,,,,,,,,,,,,,,,,,,,,,,,,
2016,193,TejonRanch,13,34.876045,-118.602807,1117.434,3,shrub,16,3,0.8295,10,,,,,,,,,,,,,,,,,,,,,,,,5,,,,,1,,,,,,,,,,,
2016,193,TejonRanch,13,34.876045,-118.602807,1117.434,3,open,45,2,2.3378,,,,44,,,,,,,,,,,,,,,,,,,,,1,,,,,,,,,,,,,,,,
2016,194,TejonRanch,14,34.876075,-118.602828,1117.63,3,shrub,48,5,0.6144,27,5,,14,,,,,,,,,,,,,,,,,,,,,1,1,,,,,,,,,,,,,,,
2016,194,TejonRanch,14,34.876075,-118.602828,1117.63,3,open,34,3,1.1901,8,1,,25,,,,,,,,,,,,,,,,,,,,,,,,,,,,,,,,,,,,,
2016,195,TejonRanch,15,34.876118,-118.60265,1117.164,3,shrub,30,4,2.1233,18,,,,,,,,,,,,,,,,,,,,,1,,,4,7,,,,,,,,,,,,,,,
2016,195,TejonRanch,15,34.876118,-118.60265,1117.164,3,open,27,4,0.264,7,,,13,,,,,,,,,,,,,,,,,,,,,2,,,,5,,,,,,,,,,,,
2016,196,TejonRanch,16,34.876185,-118.602667,1117.714,3,shrub,76,5,0.2126,19,1,,48,,,,,,,,,,,,,,,,,,,,,6,2,,,,,,,,,,,,,,,
2016,196,TejonRanch,16,34.876185,-118.602667,1117.714,3,open,63,6,0.7669,6,1,,45,1,,,,,,,,,,,,,,,,,,,,9,,,,1,,,,,,,,,,,,
2016,197,TejonRanch,17,34.876193,-118.602592,1117.742,3,shrub,48,5,1.2717,23,6,,15,1,,,,,,,,,,,,,,,,,,,,3,,,,,,,,,,,,,,,,
2016,197,TejonRanch,17,34.876193,-118.602592,1117.742,3,open,35,3,2.1555,1,,,13,,,,,,,,,,,,,,,,,,,,,21,,,,,,,,,,,,,,,,
2016,198,TejonRanch,18,34.876192,-118.602608,1118.209,3,shrub,47,3,0.6808,18,3,,26,,,,,,,,,,,,,,,,,,,,,,,,,,,,,,,,,,,,,
2016,198,TejonRanch,18,34.876192,-118.602608,1118.209,3,open,34,4,0.576,4,2,,27,,,,,,,,,,,,,,,,,,,,,1,,,,,,,,,,,,,,,,
2016,199,TejonRanch,19,34.876198,-118.602597,1118.088,3,shrub,27,2,1.7183,20,,,,,,,,,,,,,,,,,,,,,7,,,,,,,,,,,,,,,,,,,
2016,199,TejonRanch,19,34.876198,-118.602597,1118.088,3,open,42,5,0.5453,4,4,,28,2,,,,,,,,,,,,,,,,,,,,4,,,,,,,,,,,,,,,,
2016,200,TejonRanch,20,34.876057,-118.602588,1117.556,3,shrub,46,4,1.1417,29,,,,,,,,,,,,,,,,,,,,,5,,,4,8,,,,,,,,,,,,,,,
2016,200,TejonRanch,20,34.876057,-118.602588,1117.556,3,open,21,2,0.757,,,,,,,,,,,,,,,,,,,,,,,,,20,,,,1,,,,,,,,,,,,
2016,201,TejonRanch,21,34.87645998,-118.601776,1117.760864,3,shrub,45,2,1.2761,33,,,,,,,,,,,,,,,,,,,,,12,,,,,,,,,,,,,,,,,,,
2016,201,TejonRanch,21,34.87645998,-118.601776,1117.760864,3,open,27,5,1.6906,2,1,,21,,,,,1,,,,,,,,,,,,,,,,,,,,2,,,,,,,,,,,,
2016,202,TejonRanch,22,34.87641103,-118.601735,1116.650513,3,shrub,18,2,1.0318,17,,,,,,,,,,,,,,,,,,,,,1,,,,,,,,,,,,,,,,,,,
2016,202,TejonRanch,22,34.87641103,-118.601735,1116.650513,3,open,37,3,0.5285,5,6,,26,,,,,,,,,,,,,,,,,,,,,,,,,,,,,,,,,,,,,
2016,203,TejonRanch,23,34.87638102,-118.601754,1117.145142,3,shrub,22,3,0.4415,15,5,,,,,,,,,,,,,,,,,,,,2,,,,,,,,,,,,,,,,,,,
2016,203,TejonRanch,23,34.87638102,-118.601754,1117.145142,3,open,30,4,1.656,5,5,,19,1,,,,,,,,,,,,,,,,,,,,,,,,,,,,,,,,,,,,
2016,204,TejonRanch,24,34.87638697,-118.601762,1117.396973,3,shrub,51,4,0.4461,16,5,,26,,,,,,,,,,,,,,,,,,4,,,,,,,,,,,,,,,,,,,
2016,204,TejonRanch,24,34.87638697,-118.601762,1117.396973,3,open,31,2,0.5989,27,,,,,,,,,,,,,,,,,,,,,4,,,,,,,,,,,,,,,,,,,
2016,205,TejonRanch,25,34.87639803,-118.601776,1117.182373,3,shrub,37,2,1.4949,10,,,27,,,,,,,,,,,,,,,,,,,,,,,,,,,,,,,,,,,,,
2016,205,TejonRanch,25,34.87639803,-118.601776,1117.182373,3,open,43,6,0.4867,5,2,,32,1,,,,,,,,,,,,,,,,,1,,,2,,,,,,,,,,,,,,,,
2016,206,TejonRanch,26,34.87632503,-118.601904,1115.866821,3,shrub,19,5,0.5435,10,6,,,1,,,,,,,,,,,,,,,,,1,,,,1,,,,,,,,,,,,,,,
2016,206,TejonRanch,26,34.87632503,-118.601904,1115.866821,3,open,32,4,0.2589,2,,,26,1,,,,,,,,,,,,,,,,,,,,,,,,3,,,,,,,,,,,,
2016,207,TejonRanch,27,34.87628102,-118.601907,1116.753174,3,shrub,38,2,3.287,22,,,16,,,,,,,,,,,,,,,,,,,,,,,,,,,,,,,,,,,,,
2016,207,TejonRanch,27,34.87628102,-118.601907,1116.753174,3,open,24,2,0.5916,19,,,5,,,,,,,,,,,,,,,,,,,,,,,,,,,,,,,,,,,,,
2016,208,TejonRanch,28,34.87624599,-118.601965,1116.463989,3,shrub,39,4,0.2765,2,,,35,1,,,,,,,,,,,,,,,,,,,,1,,,,,,,,,,,,,,,,
2016,208,TejonRanch,28,34.87624599,-118.601965,1116.463989,3,open,37,2,0.2691,24,,,13,,,,,,,,,,,,,,,,,,,,,,,,,,,,,,,,,,,,,
2016,209,TejonRanch,29,34.87626501,-118.602047,1116.547974,3,shrub,55,4,0.8064,12,1,,36,,,,,,,,,,,,,,,,,,6,,,,,,,,,,,,,,,,,,,
2016,209,TejonRanch,29,34.87626501,-118.602047,1116.547974,3,open,44,3,0.8468,2,2,,40,,,,,,,,,,,,,,,,,,,,,,,,,,,,,,,,,,,,,
2016,210,TejonRanch,30,34.87623299,-118.602041,1117.229004,3,shrub,29,3,0.6401,25,2,,,,,,,,,,,,,,,,,,,,2,,,,,,,,,,,,,,,,,,,
2016,210,TejonRanch,30,34.87623299,-118.602041,1117.229004,3,open,30,3,0.4026,1,,,28,1,,,,,,,,,,,,,,,,,,,,,,,,,,,,,,,,,,,,
