ID,Site,Rep,Lat,Long,Elevation,Gradient,Microsite,Abundance,Richness,Biomass,Bromus madritensis,Erodium cicutarium,Trifolium sp.,Schismus barbatus,Cryptantha angustifolia,Camissonia claviformis,Acmispon strigosus,Lupinus arizonicus,Chorizanthe rigida,Hordeum murinum,Phacelia tanacetifolia,Pectocarya platycarpa,Monolopia lanceolata,Dichelostemma capitatum,Cammisonia brevipes,Gilia latiflora,Plantago insularis,Malachothrix glabrata,Chaenactis fremontii,Cryptantha intermedia,Monoptilon bellioides,Brassicaceae sp.,Eriophyllum wallacei,Nama demissum,Lasthenia gracilis,Amsinckia tessellata,Amsinckia grandiflora,Oenothera deltoides,Boraginaceae sp.,Poa secunda,Eschscholzia glyptosperma
1,Panoche,1,36.70000998,-120.801116,656.320862,1,shrub,86,2,22.0153,80,6,,,,,,,,,,,,,,,,,,,,,,,,,,,,,
1,Panoche,1,36.70000998,-120.801116,656.320862,1,open,67,3,2.7758,35,31,,,,,,,,,,,,,,,,,,,,,,,,,1,,,,
2,Panoche,2,36.70004804,-120.80123,656.190247,1,shrub,61,1,27.8112,61,,,,,,,,,,,,,,,,,,,,,,,,,,,,,,
2,Panoche,2,36.70004804,-120.80123,656.190247,1,open,71,2,6.0003,42,29,,,,,,,,,,,,,,,,,,,,,,,,,,,,,
3,Panoche,3,36.70009598,-120.801464,656.647461,1,shrub,76,2,13.5432,74,2,,,,,,,,,,,,,,,,,,,,,,,,,,,,,
3,Panoche,3,36.70009598,-120.801464,656.647461,1,open,51,2,2.6245,30,21,,,,,,,,,,,,,,,,,,,,,,,,,,,,,
4,Panoche,4,36.70011903,-120.801429,657.375244,1,shrub,83,1,6.5503,83,,,,,,,,,,,,,,,,,,,,,,,,,,,,,,
4,Panoche,4,36.70011903,-120.801429,657.375244,1,open,46,3,3.3841,20,25,,,,,,,,,,,,,,,,,,,,,,,1,,,,,,
5,Panoche,5,36.70019296,-120.801587,656.507507,1,shrub,62,2,11.7808,52,10,,,,,,,,,,,,,,,,,,,,,,,,,,,,,
5,Panoche,5,36.70019296,-120.801587,656.507507,1,open,70,2,3.3208,38,32,,,,,,,,,,,,,,,,,,,,,,,,,,,,,
6,Panoche,6,36.70026404,-120.80141,655.58374,1,shrub,100,2,24.7147,97,3,,,,,,,,,,,,,,,,,,,,,,,,,,,,,
6,Panoche,6,36.70026404,-120.80141,655.58374,1,open,65,4,3.9468,40,23,1,,,,,,,,,,,,,,,,,,,,,,,,,,,1,
7,Panoche,7,36.70036797,-120.801448,655.434448,1,shrub,76,2,17.564,69,7,,,,,,,,,,,,,,,,,,,,,,,,,,,,,
7,Panoche,7,36.70036797,-120.801448,655.434448,1,open,91,3,5.5471,60,27,4,,,,,,,,,,,,,,,,,,,,,,,,,,,,
8,Panoche,8,36.70044601,-120.80149,655.313171,1,shrub,49,2,12.4193,37,12,,,,,,,,,,,,,,,,,,,,,,,,,,,,,
8,Panoche,8,36.70044601,-120.80149,655.313171,1,open,61,3,3.7891,35,20,6,,,,,,,,,,,,,,,,,,,,,,,,,,,,
9,Panoche,9,36.70052002,-120.801512,655.05188,1,shrub,55,2,17.2538,35,20,,,,,,,,,,,,,,,,,,,,,,,,,,,,,
9,Panoche,9,36.70052002,-120.801512,655.05188,1,open,75,3,3.8611,53,21,,,,,,,,,,,,,,,,,,,,,,,,,1,,,,
10,Panoche,10,36.70044098,-120.801595,655.537109,1,shrub,61,2,22.1862,49,12,,,,,,,,,,,,,,,,,,,,,,,,,,,,,
10,Panoche,10,36.70044098,-120.801595,655.537109,1,open,58,3,5.8425,23,33,,,,,,,,,,,,,,,,,,,,,,,,,2,,,,
11,Panoche,11,36.70056897,-120.801704,656.432861,1,shrub,52,2,17.1192,39,13,,,,,,,,,,,,,,,,,,,,,,,,,,,,,
11,Panoche,11,36.70056897,-120.801704,656.432861,1,open,60,2,6.0449,38,22,,,,,,,,,,,,,,,,,,,,,,,,,,,,,
12,Panoche,12,36.700631,-120.801863,657.030029,1,shrub,72,1,31.3018,72,,,,,,,,,,,,,,,,,,,,,,,,,,,,,,
12,Panoche,12,36.700631,-120.801863,657.030029,1,open,45,2,8.3547,34,11,,,,,,,,,,,,,,,,,,,,,,,,,,,,,
13,Panoche,13,36.70059504,-120.801965,657.160645,1,shrub,65,2,13.3013,53,12,,,,,,,,,,,,,,,,,,,,,,,,,,,,,
13,Panoche,13,36.70059504,-120.801965,657.160645,1,open,41,3,5.5774,26,14,,,,,,,,,,,,,,,,,,,,,,,,,1,,,,
14,Panoche,14,36.70063804,-120.801745,656.768738,1,shrub,77,2,26.4307,51,26,,,,,,,,,,,,,,,,,,,,,,,,,,,,,
14,Panoche,14,36.70063804,-120.801745,656.768738,1,open,30,2,4.1663,21,9,,,,,,,,,,,,,,,,,,,,,,,,,,,,,
15,Panoche,15,36.70063804,-120.802166,657.216614,1,shrub,80,2,19.614,75,5,,,,,,,,,,,,,,,,,,,,,,,,,,,,,
15,Panoche,15,36.70063804,-120.802166,657.216614,1,open,54,3,10.7176,18,35,,,,,,,,,,,,,,,,,,,,,,,,,1,,,,
16,Panoche,16,36.70074298,-120.802176,656.955383,1,shrub,64,2,18.1812,62,2,,,,,,,,,,,,,,,,,,,,,,,,,,,,,
16,Panoche,16,36.70074298,-120.802176,656.955383,1,open,36,4,7.6694,23,9,3,,,,,,,,,,,,,,,,,,,,,,,,1,,,,
17,Panoche,17,36.70086301,-120.802219,656.022278,1,shrub,49,1,12.784,49,,,,,,,,,,,,,,,,,,,,,,,,,,,,,,
17,Panoche,17,36.70086301,-120.802219,656.022278,1,open,58,2,8.3763,19,39,,,,,,,,,,,,,,,,,,,,,,,,,,,,,
18,Panoche,18,36.700804,-120.802257,656.554138,1,shrub,63,1,20.3541,63,,,,,,,,,,,,,,,,,,,,,,,,,,,,,,
18,Panoche,18,36.700804,-120.802257,656.554138,1,open,50,3,1.9175,25,24,1,,,,,,,,,,,,,,,,,,,,,,,,,,,,
19,Panoche,19,36.70073301,-120.802433,656.199585,1,shrub,55,2,16.5502,36,19,,,,,,,,,,,,,,,,,,,,,,,,,,,,,
19,Panoche,19,36.70073301,-120.802433,656.199585,1,open,42,2,2.4731,22,20,,,,,,,,,,,,,,,,,,,,,,,,,,,,,
20,Panoche,20,36.700688,-120.802347,655.443787,1,shrub,85,1,19.09488,85,,,,,,,,,,,,,,,,,,,,,,,,,,,,,,
20,Panoche,20,36.700688,-120.802347,655.443787,1,open,74,2,2.6764,33,41,,,,,,,,,,,,,,,,,,,,,,,,,,,,,
21,Panoche,21,36.70053,-120.802301,655.854309,1,shrub,75,2,43.3173,65,,,,,,,,,10,,,,,,,,,,,,,,,,,,,,,
21,Panoche,21,36.70053,-120.802301,655.854309,1,open,73,2,3.595,23,50,,,,,,,,,,,,,,,,,,,,,,,,,,,,,
22,Panoche,22,36.70048398,-120.802091,657.141968,1,shrub,73,2,12.9287,68,5,,,,,,,,,,,,,,,,,,,,,,,,,,,,,
22,Panoche,22,36.70048398,-120.802091,657.141968,1,open,87,3,17.6915,36,50,,,1,,,,,,,,,,,,,,,,,,,,,,,,,,
23,Panoche,23,36.70042296,-120.802111,657.748474,1,shrub,59,2,22.9511,37,22,,,,,,,,,,,,,,,,,,,,,,,,,,,,,
23,Panoche,23,36.70042296,-120.802111,657.748474,1,open,39,2,4.8555,22,17,,,,,,,,,,,,,,,,,,,,,,,,,,,,,
24,Panoche,24,36.70036303,-120.801976,658.252319,1,shrub,51,2,13.9459,35,16,,,,,,,,,,,,,,,,,,,,,,,,,,,,,
24,Panoche,24,36.70036303,-120.801976,658.252319,1,open,38,2,14.6693,30,8,,,,,,,,,,,,,,,,,,,,,,,,,,,,,
25,Panoche,25,36.70034601,-120.801917,658.718872,1,shrub,42,2,35.2983,27,15,,,,,,,,,,,,,,,,,,,,,,,,,,,,,
25,Panoche,25,36.70034601,-120.801917,658.718872,1,open,35,2,8.223,19,16,,,,,,,,,,,,,,,,,,,,,,,,,,,,,
26,Panoche,26,36.70026102,-120.802002,658.905457,1,shrub,53,2,29.0397,44,9,,,,,,,,,,,,,,,,,,,,,,,,,,,,,
26,Panoche,26,36.70026102,-120.802002,658.905457,1,open,33,2,5.1142,20,13,,,,,,,,,,,,,,,,,,,,,,,,,,,,,
27,Panoche,27,36.700128,-120.801996,658.998779,1,shrub,40,1,12.9724,40,,,,,,,,,,,,,,,,,,,,,,,,,,,,,,
27,Panoche,27,36.700128,-120.801996,658.998779,1,open,53,2,4.1717,20,33,,,,,,,,,,,,,,,,,,,,,,,,,,,,,
28,Panoche,28,36.70014703,-120.802046,659.036072,1,shrub,43,2,22.7301,40,3,,,,,,,,,,,,,,,,,,,,,,,,,,,,,
28,Panoche,28,36.70014703,-120.802046,659.036072,1,open,47,2,4.9659,22,25,,,,,,,,,,,,,,,,,,,,,,,,,,,,,
29,Panoche,29,36.70008902,-120.801924,658.961426,1,shrub,62,2,14.9038,52,10,,,,,,,,,,,,,,,,,,,,,,,,,,,,,
29,Panoche,29,36.70008902,-120.801924,658.961426,1,open,54,2,2.955,17,37,,,,,,,,,,,,,,,,,,,,,,,,,,,,,
30,Panoche,30,36.70004502,-120.801923,659.120056,1,shrub,63,1,14.8281,63,,,,,,,,,,,,,,,,,,,,,,,,,,,,,,
30,Panoche,30,36.70004502,-120.801923,659.120056,1,open,58,2,5.1806,42,16,,,,,,,,,,,,,,,,,,,,,,,,,,,,,
31,Cuyama,1,34.85521998,-119.48851,806.83429,2,shrub,26,2,0.4451,23,,,,,,,,,,3,,,,,,,,,,,,,,,,,,,,
31,Cuyama,1,34.85521998,-119.48851,806.83429,2,open,72,5,2.67,6,17,,5,15,,,,,,,,,,,,,,,,,,,,29,,,,,,
32,Cuyama,2,34.85518101,-119.488553,806.526367,2,shrub,35,4,1.1774,18,5,,,,,,,,,11,,,,,,,,,,,,,,1,,,,,,
32,Cuyama,2,34.85518101,-119.488553,806.526367,2,open,47,3,3.9388,,6,,,8,,,,,,,,,,,,,,,,,,,,33,,,,,,
33,Cuyama,3,34.85511898,-119.488577,806.498352,2,shrub,31,3,1.813,26,3,,,,,,,,,,,,,,,,,,,,,,,2,,,,,,
33,Cuyama,3,34.85511898,-119.488577,806.498352,2,open,34,4,1.0642,,9,,,3,,,,,,,2,,,,,,,,,,,,,20,,,,,,
34,Cuyama,4,34.85505897,-119.488544,806.619629,2,shrub,18,2,2.7751,3,,,,,,,,,,15,,,,,,,,,,,,,,,,,,,,
34,Cuyama,4,34.85505897,-119.488544,806.619629,2,open,69,4,5.7127,,16,,,9,,,,,,,,4,,,,,,,,,,,,40,,,,,,
35,Cuyama,5,34.85504597,-119.488445,807.011536,2,shrub,8,2,1.1015,6,,,,,,,,,,2,,,,,,,,,,,,,,,,,,,,
35,Cuyama,5,34.85504597,-119.488445,807.011536,2,open,47,3,4.7012,,6,,,19,,,,,,,,,,,,,,,,,,,,22,,,,,,
36,Cuyama,6,34.85499803,-119.488383,806.050476,2,shrub,17,3,2.0208,2,,,,,,,,,,14,,,,,,,,,,,,,,1,,,,,,
36,Cuyama,6,34.85499803,-119.488383,806.050476,2,open,72,4,3.7769,,11,,,11,,,,,,,,,,,,,,,,,,,,49,,1,,,,
37,Cuyama,7,34.854893,-119.488468,808.075256,2,shrub,22,2,3.0192,21,1,,,,,,,,,,,,,,,,,,,,,,,,,,,,,
37,Cuyama,7,34.854893,-119.488468,808.075256,2,open,54,5,3.5763,,5,,4,13,,,,,,,,,2,,,,,,,,,,,30,,,,,,
38,Cuyama,8,34.85487901,-119.488425,808.709717,2,shrub,14,2,5.48907,4,10,,,,,,,,,,,,,,,,,,,,,,,,,,,,,
38,Cuyama,8,34.85487901,-119.488425,808.709717,2,open,52,4,1.4626,,6,,,34,,,,,,,,,2,,,,,,,,,,,10,,,,,,
39,Cuyama,9,34.85488596,-119.488325,808.523132,2,shrub,26,3,4.549,,2,,,,,,,,,18,,,,,,,,,,,,,,6,,,,,,
39,Cuyama,9,34.85488596,-119.488325,808.523132,2,open,23,3,3.004,,12,,2,,,,,,,,,,,,,,,,,,,,,9,,,,,,
40,Cuyama,10,34.85476401,-119.488354,809.922729,2,shrub,20,1,0.7735,,,,,,,,,,,20,,,,,,,,,,,,,,,,,,,,
40,Cuyama,10,34.85476401,-119.488354,809.922729,2,open,39,4,2.8841,,12,,,3,,,,,,,,,2,,,,,,,,,,,22,,,,,,
41,Cuyama,11,34.85461799,-119.488493,809.325562,2,shrub,18,1,2.0676,,,,,,,,,,,18,,,,,,,,,,,,,,,,,,,,
41,Cuyama,11,34.85461799,-119.488493,809.325562,2,open,65,3,4.9944,,9,,,6,,,,,,,,,,,,,,,,,,,,50,,,,,,
42,Cuyama,12,34.854648,-119.488394,809.59613,2,shrub,25,2,4.0771,15,10,,,,,,,,,,,,,,,,,,,,,,,,,,,,,
42,Cuyama,12,34.854648,-119.488394,809.59613,2,open,70,3,2.442,,6,,,44,,,,,,,,,,,,,,,,,,,,20,,,,,,
43,Cuyama,13,34.85453803,-119.48836,810.18396,2,shrub,15,3,1.8743,3,2,,,,,,,,,10,,,,,,,,,,,,,,,,,,,,
43,Cuyama,13,34.85453803,-119.48836,810.18396,2,open,48,3,2.1415,,2,,,30,,,,,,,,,,,,,,,,,,,,16,,,,,,
44,Cuyama,14,34.854418,-119.488377,809.81073,2,shrub,19,3,2.144,,3,,,,,,,,,13,,,,,,,,,,,,,,,,,,,3,
44,Cuyama,14,34.854418,-119.488377,809.81073,2,open,27,3,4.2167,,23,,3,,,,,,,,,,,1,,,,,,,,,,,,,,,,
45,Cuyama,15,34.85440602,-119.488198,810.072021,2,shrub,17,2,1.2213,2,,,,,,,,,,15,,,,,,,,,,,,,,,,,,,,
45,Cuyama,15,34.85440602,-119.488198,810.072021,2,open,49,5,1.352,,8,,6,3,,,,,,,,,,5,,,,,,,,,,27,,,,,,
46,Cuyama,16,34.85436,-119.488105,810.39856,2,shrub,31,1,4.9756,,,,,,,,,,,31,,,,,,,,,,,,,,,,,,,,
46,Cuyama,16,34.85436,-119.488105,810.39856,2,open,51,4,1.9563,,8,,,6,,,,,,,,,1,,,,,,,,,,,36,,,,,,
47,Cuyama,17,34.85442697,-119.48802,810.016052,2,shrub,20,3,1.5991,9,3,,,,,,,,,,,,,,,,,,,,,,,8,,,,,,
47,Cuyama,17,34.85442697,-119.48802,810.016052,2,open,70,4,1.1261,,37,,,,,,,,,,,,3,6,,,,,,,,,,24,,,,,,
48,Cuyama,18,34.85448699,-119.487982,811.191711,2,shrub,17,3,0.5978,13,1,,,,,,,,,3,,,,,,,,,,,,,,,,,,,,
48,Cuyama,18,34.85448699,-119.487982,811.191711,2,open,62,4,1.0235,,14,,10,,,,,,,,,,,4,,,,,,,,,,34,,,,,,
49,Cuyama,19,34.85460802,-119.487894,811.667542,2,shrub,17,3,2.6687,8,,,,,,,,,,8,,,,,,,,,,,,,,,,,,,1,
49,Cuyama,19,34.85460802,-119.487894,811.667542,2,open,31,4,2.5176,,7,,,5,,,,,,,,,,1,,,,,,,,,,18,,,,,,
50,Cuyama,20,34.85472403,-119.487787,809.885376,2,shrub,7,2,0.4084,6,,,,,,,,,,1,,,,,,,,,,,,,,,,,,,,
50,Cuyama,20,34.85472403,-119.487787,809.885376,2,open,56,4,4.332,,6,,,13,,,,,,,,,,,8,,,,,,,,,29,,,,,,
51,Cuyama,21,34.85472,-119.487714,810.417236,2,shrub,24,3,1.2541,17,1,,,,,,,,,6,,,,,,,,,,,,,,,,,,,,
51,Cuyama,21,34.85472,-119.487714,810.417236,2,open,61,5,2.8024,,3,,,17,,,,,,,,,,2,1,,,,,,,,,38,,,,,,
52,Cuyama,22,34.85483903,-119.487612,811.341003,2,shrub,28,3,1.3705,20,3,,,,,,,,,5,,,,,,,,,,,,,,,,,,,,
52,Cuyama,22,34.85483903,-119.487612,811.341003,2,open,48,4,2.147,,11,,6,,,,,,,,,,,,1,,,,,,,,,30,,,,,,
53,Cuyama,23,34.85491999,-119.487414,810.958435,2,shrub,0,0,4.9759,,,,,,,,,,,,,,,,,,,,,,,,,,,,,,,
53,Cuyama,23,34.85491999,-119.487414,810.958435,2,open,53,4,5.0203,,17,,17,,,,,,,,,,,3,,,,,,,,,,16,,,,,,
54,Cuyama,24,34.85496098,-119.487277,811.630249,2,shrub,9,1,0.7851,,,,,,,,,,,9,,,,,,,,,,,,,,,,,,,,
54,Cuyama,24,34.85496098,-119.487277,811.630249,2,open,46,3,2.1732,,14,,25,,,,,,,,,,,,,,,,,,,,,7,,,,,,
55,Cuyama,25,34.85500197,-119.487363,811.900818,2,shrub,14,2,0.1253,11,,,,,,,,,,3,,,,,,,,,,,,,,,,,,,,
55,Cuyama,25,34.85500197,-119.487363,811.900818,2,open,45,4,0.5305,,13,,20,,,,,,,,,,,1,,,,,,,,,,11,,,,,,
56,Cuyama,26,34.85510398,-119.487522,812.180725,2,shrub,13,3,1.3724,6,2,,,,,,,,,5,,,,,,,,,,,,,,,,,,,,
56,Cuyama,26,34.85510398,-119.487522,812.180725,2,open,76,5,1.8914,,13,,26,2,,,,,,,,,2,,,,,,,,,,,33,,,,,,
57,Cuyama,27,34.85511404,-119.487606,812.124756,2,shrub,21,2,2.4118,,,,,13,,,,,,8,,,,,,,,,,,,,,,,,,,,
57,Cuyama,27,34.85511404,-119.487606,812.124756,2,open,48,3,3.3385,,10,,3,,,,,,,,,,,,,,,,,,,,,35,,,,,,
58,Cuyama,28,34.85508403,-119.487613,812.619263,2,shrub,76,5,1.4399,,13,,26,2,,,,,,,,,2,,,,,,,,,,,33,,,,,,
58,Cuyama,28,34.85508403,-119.487613,812.619263,2,open,28,3,0.654,,9,,6,,,,,,,,,,,,,,,,,,,,,13,,,,,,
59,Cuyama,29,34.85499099,-119.487913,811.46228,2,shrub,11,2,1.8358,10,,,,,,,,,,1,,,,,,,,,,,,,,,,,,,,
59,Cuyama,29,34.85499099,-119.487913,811.46228,2,open,35,3,0.5776,,,,4,6,,,,,,,,,,,,,,,,,,,,25,,,,,,
60,Cuyama,30,34.85501697,-119.488134,811.779541,2,shrub,13,1,3.479,,,,,,,,,,,13,,,,,,,,,,,,,,,,,,,,
60,Cuyama,30,34.85501697,-119.488134,811.779541,2,open,30,5,1.1282,,1,,9,7,,,,,,,,,,3,,,,,,,,,,10,,,,,,
61,Barstow,1,35.094051,-116.8349,496.02,4,shrub,0,0,,,,,,,,,,,,,,,,,,,,,,,,,,,,,,,,
61,Barstow,1,35.094051,-116.8349,496.02,4,open,0,0,,,,,,,,,,,,,,,,,,,,,,,,,,,,,,,,
62,Barstow,2,35.093909,-116.834817,496.169,4,shrub,0,0,,,,,,,,,,,,,,,,,,,,,,,,,,,,,,,,
62,Barstow,2,35.093909,-116.834817,496.169,4,open,0,0,,,,,,,,,,,,,,,,,,,,,,,,,,,,,,,,
63,Barstow,3,35.093813,-116.834911,495.413,4,shrub,0,0,,,,,,,,,,,,,,,,,,,,,,,,,,,,,,,,
63,Barstow,3,35.093813,-116.834911,495.413,4,open,0,0,,,,,,,,,,,,,,,,,,,,,,,,,,,,,,,,
64,Barstow,4,35.093731,-116.835001,495.46,4,shrub,0,0,,,,,,,,,,,,,,,,,,,,,,,,,,,,,,,,
64,Barstow,4,35.093731,-116.835001,495.46,4,open,0,0,,,,,,,,,,,,,,,,,,,,,,,,,,,,,,,,
65,Barstow,5,35.093721,-116.835008,494.984,4,shrub,0,0,,,,,,,,,,,,,,,,,,,,,,,,,,,,,,,,
65,Barstow,5,35.093721,-116.835008,494.984,4,open,0,0,,,,,,,,,,,,,,,,,,,,,,,,,,,,,,,,
66,Barstow,6,35.093606,-116.835026,494.76,4,shrub,0,0,,,,,,,,,,,,,,,,,,,,,,,,,,,,,,,,
66,Barstow,6,35.093606,-116.835026,494.76,4,open,0,0,,,,,,,,,,,,,,,,,,,,,,,,,,,,,,,,
67,Barstow,7,35.093593,-116.835051,495.087,4,shrub,0,0,,,,,,,,,,,,,,,,,,,,,,,,,,,,,,,,
67,Barstow,7,35.093593,-116.835051,495.087,4,open,0,0,,,,,,,,,,,,,,,,,,,,,,,,,,,,,,,,
68,Barstow,8,35.093579,-116.835052,495.105,4,shrub,0,0,,,,,,,,,,,,,,,,,,,,,,,,,,,,,,,,
68,Barstow,8,35.093579,-116.835052,495.105,4,open,0,0,,,,,,,,,,,,,,,,,,,,,,,,,,,,,,,,
69,Barstow,9,35.093533,-116.835052,495.152,4,shrub,0,0,,,,,,,,,,,,,,,,,,,,,,,,,,,,,,,,
69,Barstow,9,35.093533,-116.835052,495.152,4,open,0,0,,,,,,,,,,,,,,,,,,,,,,,,,,,,,,,,
70,Barstow,10,35.093424,-116.835026,494.928,4,shrub,0,0,,,,,,,,,,,,,,,,,,,,,,,,,,,,,,,,
70,Barstow,10,35.093424,-116.835026,494.928,4,open,0,0,,,,,,,,,,,,,,,,,,,,,,,,,,,,,,,,
71,Barstow,11,35.09338,-116.835167,494.863,4,shrub,0,0,,,,,,,,,,,,,,,,,,,,,,,,,,,,,,,,
71,Barstow,11,35.09338,-116.835167,494.863,4,open,0,0,,,,,,,,,,,,,,,,,,,,,,,,,,,,,,,,
72,Barstow,12,35.093358,-116.835116,494.9,4,shrub,0,0,,,,,,,,,,,,,,,,,,,,,,,,,,,,,,,,
72,Barstow,12,35.093358,-116.835116,494.9,4,open,0,0,,,,,,,,,,,,,,,,,,,,,,,,,,,,,,,,
73,Barstow,13,35.093317,-116.835113,494.891,4,shrub,0,0,,,,,,,,,,,,,,,,,,,,,,,,,,,,,,,,
73,Barstow,13,35.093317,-116.835113,494.891,4,open,0,0,,,,,,,,,,,,,,,,,,,,,,,,,,,,,,,,
74,Barstow,14,35.093255,-116.83517,494.583,4,shrub,0,0,,,,,,,,,,,,,,,,,,,,,,,,,,,,,,,,
74,Barstow,14,35.093255,-116.83517,494.583,4,open,0,0,,,,,,,,,,,,,,,,,,,,,,,,,,,,,,,,
75,Barstow,15,35.093176,-116.835234,495.068,4,shrub,0,0,,,,,,,,,,,,,,,,,,,,,,,,,,,,,,,,
75,Barstow,15,35.093176,-116.835234,495.068,4,open,0,0,,,,,,,,,,,,,,,,,,,,,,,,,,,,,,,,
76,Barstow,16,35.093126,-116.835173,494.881,4,shrub,0,0,,,,,,,,,,,,,,,,,,,,,,,,,,,,,,,,
76,Barstow,16,35.093126,-116.835173,494.881,4,open,0,0,,,,,,,,,,,,,,,,,,,,,,,,,,,,,,,,
77,Barstow,17,35.0931,-116.835264,494.601,4,shrub,0,0,,,,,,,,,,,,,,,,,,,,,,,,,,,,,,,,
77,Barstow,17,35.0931,-116.835264,494.601,4,open,0,0,,,,,,,,,,,,,,,,,,,,,,,,,,,,,,,,
78,Barstow,18,35.092989,-116.835244,494.116,4,shrub,0,0,,,,,,,,,,,,,,,,,,,,,,,,,,,,,,,,
78,Barstow,18,35.092989,-116.835244,494.116,4,open,0,0,,,,,,,,,,,,,,,,,,,,,,,,,,,,,,,,
79,Barstow,19,35.092894,-116.835197,493.967,4,shrub,0,0,,,,,,,,,,,,,,,,,,,,,,,,,,,,,,,,
79,Barstow,19,35.092894,-116.835197,493.967,4,open,0,0,,,,,,,,,,,,,,,,,,,,,,,,,,,,,,,,
80,Barstow,20,35.092761,-116.835166,493.734,4,shrub,0,0,,,,,,,,,,,,,,,,,,,,,,,,,,,,,,,,
80,Barstow,20,35.092761,-116.835166,493.734,4,open,0,0,,,,,,,,,,,,,,,,,,,,,,,,,,,,,,,,
81,Barstow,21,35.09274803,-116.83509,573.044434,4,shrub,0,0,,,,,,,,,,,,,,,,,,,,,,,,,,,,,,,,
81,Barstow,21,35.09274803,-116.83509,573.044434,4,open,0,0,,,,,,,,,,,,,,,,,,,,,,,,,,,,,,,,
82,Barstow,22,35.09270897,-116.834966,572.139343,4,shrub,0,0,,,,,,,,,,,,,,,,,,,,,,,,,,,,,,,,
82,Barstow,22,35.09270897,-116.834966,572.139343,4,open,0,0,,,,,,,,,,,,,,,,,,,,,,,,,,,,,,,,
83,Barstow,23,35.0928,-116.834878,572.988464,4,shrub,0,0,,,,,,,,,,,,,,,,,,,,,,,,,,,,,,,,
83,Barstow,23,35.0928,-116.834878,572.988464,4,open,0,0,,,,,,,,,,,,,,,,,,,,,,,,,,,,,,,,
84,Barstow,24,35.09274996,-116.834794,572.31665,4,shrub,0,0,,,,,,,,,,,,,,,,,,,,,,,,,,,,,,,,
84,Barstow,24,35.09274996,-116.834794,572.31665,4,open,0,0,,,,,,,,,,,,,,,,,,,,,,,,,,,,,,,,
85,Barstow,25,35.09280402,-116.834736,571.756836,4,shrub,0,0,,,,,,,,,,,,,,,,,,,,,,,,,,,,,,,,
85,Barstow,25,35.09280402,-116.834736,571.756836,4,open,0,0,,,,,,,,,,,,,,,,,,,,,,,,,,,,,,,,
86,Barstow,26,35.09286898,-116.834754,571.906128,4,shrub,0,0,,,,,,,,,,,,,,,,,,,,,,,,,,,,,,,,
86,Barstow,26,35.09286898,-116.834754,571.906128,4,open,0,0,,,,,,,,,,,,,,,,,,,,,,,,,,,,,,,,
87,Barstow,27,35.092901,-116.834569,571.691467,4,shrub,0,0,,,,,,,,,,,,,,,,,,,,,,,,,,,,,,,,
87,Barstow,27,35.092901,-116.834569,571.691467,4,open,0,0,,,,,,,,,,,,,,,,,,,,,,,,,,,,,,,,
88,Barstow,28,35.09294802,-116.834503,571.934082,4,shrub,0,0,,,,,,,,,,,,,,,,,,,,,,,,,,,,,,,,
88,Barstow,28,35.09294802,-116.834503,571.934082,4,open,0,0,,,,,,,,,,,,,,,,,,,,,,,,,,,,,,,,
89,Barstow,29,35.09302204,-116.834682,571.486206,4,shrub,0,0,,,,,,,,,,,,,,,,,,,,,,,,,,,,,,,,
89,Barstow,29,35.09302204,-116.834682,571.486206,4,open,0,0,,,,,,,,,,,,,,,,,,,,,,,,,,,,,,,,
90,Barstow,30,35.09311298,-116.834711,571.719482,4,shrub,0,0,,,,,,,,,,,,,,,,,,,,,,,,,,,,,,,,
90,Barstow,30,35.09311298,-116.834711,571.719482,4,open,0,0,,,,,,,,,,,,,,,,,,,,,,,,,,,,,,,,
91,MojavePreserve,1,34.698199,-115.684169,784.73,5,shrub,6,4,,,1,,,,1,,,,,,,,,,,2,,2,,,,,,,,,,,,
91,MojavePreserve,1,34.698199,-115.684169,784.73,5,open,5,4,2.5082,,,,,1,,,,,,,,,,,,2,,,1,,,1,,,,,,,,
92,MojavePreserve,2,34.69811,-115.684086,784.646,5,shrub,1,1,,,,,,1,,,,,,,,,,,,,,,,,,,,,,,,,,
92,MojavePreserve,2,34.69811,-115.684086,784.646,5,open,6,3,1.0816,,1,,,,,,,,,,,,,,,4,,,1,,,,,,,,,,,
93,MojavePreserve,3,34.69805,-115.68411,784.851,5,shrub,2,2,0.2178,,1,,,,,,,,,,,,,,,,,1,,,,,,,,,,,,
93,MojavePreserve,3,34.69805,-115.68411,784.851,5,open,2,2,0.7781,,,,,1,,,,,,,,,,,,1,,,,,,,,,,,,,,
94,MojavePreserve,4,34.697983,-115.684098,784.833,5,shrub,9,4,1.1505,,,,3,2,2,,,,,2,,,,,,,,,,,,,,,,,,,,
94,MojavePreserve,4,34.697983,-115.684098,784.833,5,open,2,2,1.0323,,,,,,1,,,,,,,,,,,,,,1,,,,,,,,,,,
95,MojavePreserve,5,34.697921,-115.684108,784.553,5,shrub,13,3,2.4496,,,,6,,,,,,,,,,,,,,,2,5,,,,,,,,,,,
95,MojavePreserve,5,34.697921,-115.684108,784.553,5,open,5,3,1.1517,,,,2,,1,,,,,,,,,,,,,,2,,,,,,,,,,,
96,MojavePreserve,6,34.697944,-115.684324,784.263,5,shrub,5,3,2.0197,,,,,1,3,,,,,,,,,,,,,1,,,,,,,,,,,,
96,MojavePreserve,6,34.697944,-115.684324,784.263,5,open,2,2,,,,,1,,,1,,,,,,,,,,,,,,,,,,,,,,,,
97,MojavePreserve,7,34.697886,-115.684317,784.366,5,shrub,11,5,2.4169,,,,,1,3,,,,,,,,,,,,,,3,3,,,1,,,,,,,
97,MojavePreserve,7,34.697886,-115.684317,784.366,5,open,9,4,3.0533,,,,,1,1,,,,,,,,,,,6,,,,,,1,,,,,,,,
98,MojavePreserve,8,34.697841,-115.68436,784.235,5,shrub,5,4,1.775,,,,,,,,,2,,,,,,,,1,,,,1,,,1,,,,,,,
98,MojavePreserve,8,34.697841,-115.68436,784.235,5,open,1,1,0.8499,,,,,,,,,,,,,,,,,1,,,,,,,,,,,,,,
99,MojavePreserve,9,34.697816,-115.684347,783.993,5,shrub,5,3,2.6382,,2,,,,,,,,,,,,,,,,,,1,2,,,,,,,,,,
99,MojavePreserve,9,34.697816,-115.684347,783.993,5,open,7,5,1.2184,,,,,2,2,,,,,,,,,,,1,,,1,1,,,,,,,,,,
100,MojavePreserve,10,34.697789,-115.684413,783.246,5,shrub,13,3,0.7273,,,,,8,1,,,,,,,,,,,4,,,,,,,,,,,,,,
100,MojavePreserve,10,34.697789,-115.684413,783.246,5,open,26,5,3.8085,,,,3,5,,,,,,,,,,,,3,,,1,,,,14,,,,,,,
101,MojavePreserve,11,34.697757,-115.684349,783.06,5,shrub,10,5,,,1,,,2,,,,,,,,,,,,2,,,3,2,,,,,,,,,,
101,MojavePreserve,11,34.697757,-115.684349,783.06,5,open,12,3,6.2397,,1,,,2,,,,,,,,,,,,9,,,,,,,,,,,,,,
102,MojavePreserve,12,34.697715,-115.684375,783.041,5,shrub,13,5,2.6442,,,,5,1,1,,,,,,,,,,,3,,,3,,,,,,,,,,,
102,MojavePreserve,12,34.697715,-115.684375,783.041,5,open,6,5,1.7629,,1,,,1,1,1,,,,,,,,,,2,,,,,,,,,,,,,,
103,MojavePreserve,13,34.697623,-115.684419,783.172,5,shrub,3,3,0.2614,,,,,,1,,,,,,,,,,,1,,,1,,,,,,,,,,,
103,MojavePreserve,13,34.697623,-115.684419,783.172,5,open,9,3,0.6076,,,,,1,,2,,,,,,,,,,6,,,,,,,,,,,,,,
104,MojavePreserve,14,34.697637,-115.684476,782.668,5,shrub,17,5,1.7782,,,,1,10,2,,,,,,,,,,,1,,,3,,,,,,,,,,,
104,MojavePreserve,14,34.697637,-115.684476,782.668,5,open,7,5,1.10191,,,,1,,2,1,,,,,2,,,,,1,,,,,,,,,,,,,,
105,MojavePreserve,15,34.697557,-115.684431,782.584,5,shrub,6,4,2.0559,,,,,,1,1,,,,,3,,,,,,,1,,,,,,,,,,,,
105,MojavePreserve,15,34.697557,-115.684431,782.584,5,open,18,4,1.4652,,,,,3,5,,,,,,4,,,,,6,,,,,,,,,,,,,,
106,MojavePreserve,16,34.697474,-115.684322,781.875,5,shrub,14,5,2.1203,,2,,,2,5,,,,,,,,,,,4,,,1,,,,,,,,,,,
106,MojavePreserve,16,34.697474,-115.684322,781.875,5,open,22,6,1.2015,,1,,3,11,5,1,,,,,,,,,,,,,,1,,,,,,,,,,
107,MojavePreserve,17,34.697346,-115.684312,783.013,5,shrub,7,4,1.169,,,,,,4,,,,,,,,,,,1,,,1,1,,,,,,,,,,
107,MojavePreserve,17,34.697346,-115.684312,783.013,5,open,8,5,1.9549,,1,,1,1,,3,,,,,,,,,,2,,,,,,,,,,,,,,
108,MojavePreserve,18,34.697301,-115.684342,782.369,5,shrub,7,6,0.6023,,1,,,2,1,,,,,,,,,,,1,,,,,,1,,,,,,,,1
108,MojavePreserve,18,34.697301,-115.684342,782.369,5,open,1,1,0.9631,,,,,,,,,,,,,,,,,,,,,,,1,,,,,,,,
109,MojavePreserve,19,34.697179,-115.684321,781.343,5,shrub,7,3,2.2341,,,,,1,,,,,,,1,,,,,5,,,,,,,,,,,,,,
109,MojavePreserve,19,34.697179,-115.684321,781.343,5,open,6,2,0.7979,,,,,,,,,,,,1,,,,,5,,,,,,,,,,,,,,
110,MojavePreserve,20,34.697142,-115.68429,781.082,5,shrub,14,5,1.83,,,,,3,5,,,,,,,,,,,3,,1,2,,,,,,,,,,,
110,MojavePreserve,20,34.697142,-115.68429,781.082,5,open,9,5,,,,,,2,4,,,,,,,,,,,1,,,1,,,1,,,,,,,,
111,MojavePreserve,21,34.69721298,-115.684176,770.780457,5,shrub,6,4,2.7252,,,,1,1,,,,,,,,,,,,3,,,1,,,,,,,,,,,
111,MojavePreserve,21,34.69721298,-115.684176,770.780457,5,open,2,2,0.8791,,,,,,,1,,,,,,,,,,1,,,,,,,,,,,,,,
112,MojavePreserve,22,34.69729101,-115.684086,770.967102,5,shrub,10,3,2.0085,,,,2,,,,,,,,,,,,,5,,,3,,,,,,,,,,,
112,MojavePreserve,22,34.69729101,-115.684086,770.967102,5,open,4,3,0.5592,,,,,1,2,,,,,,1,,,,,,,,,,,,,,,,,,,
113,MojavePreserve,23,34.69745203,-115.683817,773.934265,5,shrub,10,2,0.9758,,,,,,,,,,,,2,,,,,8,,,,,,,,,,,,,,
113,MojavePreserve,23,34.69745203,-115.683817,773.934265,5,open,1,1,0,,,,,1,,,,,,,,,,,,,,,,,,,,,,,,,,
114,MojavePreserve,24,34.69748296,-115.683775,773.094482,5,shrub,4,3,0,,,,,,,,,,,,1,,,,,2,,,,1,,,,,,,,,,
114,MojavePreserve,24,34.69748296,-115.683775,773.094482,5,open,4,2,0.3952,,,,,1,,,,,,,,,,,,3,,,,,,,,,,,,,,
115,MojavePreserve,25,34.69747902,-115.683714,773.999573,5,shrub,4,3,0.2421,,,,2,1,,,,,,,,,,,,1,,,,,,,,,,,,,,
115,MojavePreserve,25,34.69747902,-115.683714,773.999573,5,open,1,1,,,,,,,,,,,,,,,,,,1,,,,,,,,,,,,,,
116,MojavePreserve,26,34.69754599,-115.68368,774.503418,5,shrub,6,4,,,,,,1,,,,1,,,,,,,,2,,,,,,,,,,,,,,2
116,MojavePreserve,26,34.69754599,-115.68368,774.503418,5,open,0,0,,,,,,,,,,,,,,,,,,,,,,,,,,,,,,,,
117,MojavePreserve,27,34.69761397,-115.683597,774.876648,5,shrub,6,3,1.2388,,,,1,1,,,,,,,4,,,,,,,,,,,,,,,,,,,
117,MojavePreserve,27,34.69761397,-115.683597,774.876648,5,open,5,4,0.3837,,,,,,,,,2,,,,,,,,1,,,,1,,,,,,,,,,1
118,MojavePreserve,28,34.69764104,-115.683623,775.02594,5,shrub,4,2,8.3171,,2,,,,,,,,,,2,,,,,,,,,,,,,,,,,,,
118,MojavePreserve,28,34.69764104,-115.683623,775.02594,5,open,0,0,0,,,,,,,,,,,,,,,,,,,,,,,,,,,,,,,
119,MojavePreserve,29,34.69768899,-115.683718,774.960632,5,shrub,4,2,2.1855,,1,,,,,,,,,,,,,,,3,,,,,,,,,,,,,,
119,MojavePreserve,29,34.69768899,-115.683718,774.960632,5,open,0,0,0,,,,,,,,,,,,,,,,,,,,,,,,,,,,,,,
120,MojavePreserve,30,34.69771698,-115.683715,775.072571,5,shrub,5,4,1.3209,,1,,,1,,,,,,,,,,,,2,,,,,,,,,,,,,,1
120,MojavePreserve,30,34.69771698,-115.683715,775.072571,5,open,0,0,0.3557,,,,,,,,,,,,,,,,,,,,,,,,,,,,,,,
121,SheepholeValley,1,34.205676,-115.719676,545.92,6,shrub,0,0,,,,,,,,,,,,,,,,,,,,,,,,,,,,,,,,
121,SheepholeValley,1,34.205676,-115.719676,545.92,6,open,0,0,,,,,,,,,,,,,,,,,,,,,,,,,,,,,,,,
122,SheepholeValley,2,34.205739,-115.719518,546.573,6,shrub,0,0,,,,,,,,,,,,,,,,,,,,,,,,,,,,,,,,
122,SheepholeValley,2,34.205739,-115.719518,546.573,6,open,1,1,0.766,,,,,,,,1,,,,,,,,,,,,,,,,,,,,,,,
123,SheepholeValley,3,34.205653,-115.719417,546.629,6,shrub,0,0,,,,,,,,,,,,,,,,,,,,,,,,,,,,,,,,
123,SheepholeValley,3,34.205653,-115.719417,546.629,6,open,1,1,0.0643,,,,,,,,1,,,,,,,,,,,,,,,,,,,,,,,
124,SheepholeValley,4,34.20559,-115.719219,546.247,6,shrub,1,1,0.645,,,,,,,,,,,,,,,,,,,1,,,,,,,,,,,,
124,SheepholeValley,4,34.20559,-115.719219,546.247,6,open,3,1,0.9387,,,,,,,,3,,,,,,,,,,,,,,,,,,,,,,,
125,SheepholeValley,5,34.205634,-115.719167,546.517,6,shrub,0,0,,,,,,,,,,,,,,,,,,,,,,,,,,,,,,,,
125,SheepholeValley,5,34.205634,-115.719167,546.517,6,open,0,0,,,,,,,,,,,,,,,,,,,,,,,,,,,,,,,,
126,SheepholeValley,6,34.205581,-115.718991,546.293,6,shrub,1,1,,,,,,,,,,,,,,,,,,,,1,,,,,,,,,,,,
126,SheepholeValley,6,34.205581,-115.718991,546.293,6,open,2,2,0.7242,,,,,1,1,,,,,,,,,,,,,,,,,,,,,,,,,
127,SheepholeValley,7,34.205614,-115.718967,545.892,6,shrub,1,1,0.0946,,,,,,,,,,,,,,,,,,,1,,,,,,,,,,,,
127,SheepholeValley,7,34.205614,-115.718967,545.892,6,open,0,0,,,,,,,,,,,,,,,,,,,,,,,,,,,,,,,,
128,SheepholeValley,8,34.205545,-115.718968,545.743,6,shrub,1,1,,,,,,,,,,,,,,,,,,,,1,,,,,,,,,,,,
128,SheepholeValley,8,34.205545,-115.718968,545.743,6,open,3,3,0.4365,,,,,,1,,1,,,,,,,,,,1,,,,,,,,,,,,,
129,SheepholeValley,9,34.20572,-115.71875,546.508,6,shrub,5,4,0.7169,,,,,1,,,1,,,,,,,,,,1,2,,,,,,,,,,,,
129,SheepholeValley,9,34.20572,-115.71875,546.508,6,open,16,2,0.7266,,,,,15,,,,,,,,,,,,1,,,,,,,,,,,,,,
130,SheepholeValley,10,34.205769,-115.718717,546.909,6,shrub,0,0,,,,,,,,,,,,,,,,,,,,,,,,,,,,,,,,
130,SheepholeValley,10,34.205769,-115.718717,546.909,6,open,4,1,0.356,,,,,4,,,,,,,,,,,,,,,,,,,,,,,,,,
131,SheepholeValley,11,34.205796,-115.718632,547.133,6,shrub,1,1,0.4178,,,,,,1,,,,,,,,,,,,,,,,,,,,,,,,,
131,SheepholeValley,11,34.205796,-115.718632,547.133,6,open,0,0,,,,,,,,,,,,,,,,,,,,,,,,,,,,,,,,
132,SheepholeValley,12,34.205945,-115.71861,547.889,6,shrub,0,0,,,,,,,,,,,,,,,,,,,,,,,,,,,,,,,,
132,SheepholeValley,12,34.205945,-115.71861,547.889,6,open,1,1,0.9407,,,,,,1,,,,,,,,,,,,,,,,,,,,,,,,,
133,SheepholeValley,13,34.20611,-115.718718,548.458,6,shrub,1,1,0.3405,,,,,,,,,,,,,,,,,,1,,,,,,,,,,,,,
133,SheepholeValley,13,34.20611,-115.718718,548.458,6,open,1,1,0.2589,,,,,1,,,,,,,,,,,,,,,,,,,,,,,,,,
134,SheepholeValley,14,34.206259,-115.718993,549.531,6,shrub,2,1,0.0984,,,,,,,,,,,,,,,,,2,,,,,,,,,,,,,,
134,SheepholeValley,14,34.206259,-115.718993,549.531,6,open,0,0,,,,,,,,,,,,,,,,,,,,,,,,,,,,,,,,
135,SheepholeValley,15,34.206319,-115.719174,550.007,6,shrub,0,0,,,,,,,,,,,,,,,,,,,,,,,,,,,,,,,,
135,SheepholeValley,15,34.206319,-115.719174,550.007,6,open,0,0,,,,,,,,,,,,,,,,,,,,,,,,,,,,,,,,
136,SheepholeValley,16,34.206313,-115.719359,550.38,6,shrub,2,2,0.2261,,,,,,,,1,,,,,,,,,1,,,,,,,,,,,,,,
136,SheepholeValley,16,34.206313,-115.719359,550.38,6,open,1,1,0.2104,,,,,,1,,,,,,,,,,,,,,,,,,,,,,,,,
137,SheepholeValley,17,34.206284,-115.719578,549.942,6,shrub,1,1,0.8813,,,,,,,,1,,,,,,,,,,,,,,,,,,,,,,,
137,SheepholeValley,17,34.206284,-115.719578,549.942,6,open,0,0,,,,,,,,,,,,,,,,,,,,,,,,,,,,,,,,
138,SheepholeValley,18,34.206254,-115.719625,550.156,6,shrub,1,1,0.2825,,,,,,,,1,,,,,,,,,,,,,,,,,,,,,,,
138,SheepholeValley,18,34.206254,-115.719625,550.156,6,open,1,1,,,,,,1,,,,,,,,,,,,,,,,,,,,,,,,,,
139,SheepholeValley,19,34.206268,-115.719703,549.456,6,shrub,2,1,0.5004,,,,,,2,,,,,,,,,,,,,,,,,,,,,,,,,
139,SheepholeValley,19,34.206268,-115.719703,549.456,6,open,3,1,0.3153,,,,,,3,,,,,,,,,,,,,,,,,,,,,,,,,
140,SheepholeValley,20,34.206183,-115.719774,549.195,6,shrub,0,0,,,,,,,,,,,,,,,,,,,,,,,,,,,,,,,,
140,SheepholeValley,20,34.206183,-115.719774,549.195,6,open,1,1,0.3726,,,,,,,,,,,,,,,,,,1,,,,,,,,,,,,,
141,SheepholeValley,21,34.20649596,-115.719377,598.358582,6,shrub,0,0,,,,,,,,,,,,,,,,,,,,,,,,,,,,,,,,
141,SheepholeValley,21,34.20649596,-115.719377,598.358582,6,open,0,0,0.1453,,,,,,,,,,,,,,,,,,,,,,,,,,,,,,,
142,SheepholeValley,22,34.206516,-115.719238,597.864075,6,shrub,0,0,,,,,,,,,,,,,,,,,,,,,,,,,,,,,,,,
142,SheepholeValley,22,34.206516,-115.719238,597.864075,6,open,0,0,,,,,,,,,,,,,,,,,,,,,,,,,,,,,,,,
143,SheepholeValley,23,34.20664097,-115.719077,599.412964,6,shrub,0,0,,,,,,,,,,,,,,,,,,,,,,,,,,,,,,,,
143,SheepholeValley,23,34.20664097,-115.719077,599.412964,6,open,0,0,,,,,,,,,,,,,,,,,,,,,,,,,,,,,,,,
144,SheepholeValley,24,34.20678003,-115.71917,600.159424,6,shrub,0,0,,,,,,,,,,,,,,,,,,,,,,,,,,,,,,,,
144,SheepholeValley,24,34.20678003,-115.71917,600.159424,6,open,1,1,0.5515,,,,,1,,,,,,,,,,,,,,,,,,,,,,,,,,
145,SheepholeValley,25,34.20663703,-115.719189,597.901428,6,shrub,0,0,,,,,,,,,,,,,,,,,,,,,,,,,,,,,,,,
145,SheepholeValley,25,34.20663703,-115.719189,597.901428,6,open,0,0,,,,,,,,,,,,,,,,,,,,,,,,,,,,,,,,
146,SheepholeValley,26,34.206589,-115.719262,597.40686,6,shrub,0,0,,,,,,,,,,,,,,,,,,,,,,,,,,,,,,,,
146,SheepholeValley,26,34.206589,-115.719262,597.40686,6,open,0,0,,,,,,,,,,,,,,,,,,,,,,,,,,,,,,,,
147,SheepholeValley,27,34.20658599,-115.719494,595.820679,6,shrub,0,0,,,,,,,,,,,,,,,,,,,,,,,,,,,,,,,,
147,SheepholeValley,27,34.20658599,-115.719494,595.820679,6,open,2,2,1.6416,,,,,,,,1,,,,,,,,,,1,,,,,,,,,,,,,
148,SheepholeValley,28,34.20657601,-115.719791,595.410095,6,shrub,1,1,0.9494,,,,,,1,,,,,,,,,,,,,,,,,,,,,,,,,
148,SheepholeValley,28,34.20657601,-115.719791,595.410095,6,open,0,0,,,,,,,,,,,,,,,,,,,,,,,,,,,,,,,,
149,SheepholeValley,29,34.20655103,-115.719879,595.568726,6,shrub,0,0,,,,,,,,,,,,,,,,,,,,,,,,,,,,,,,,
149,SheepholeValley,29,34.20655103,-115.719879,595.568726,6,open,0,0,,,,,,,,,,,,,,,,,,,,,,,,,,,,,,,,
150,SheepholeValley,30,34.20661398,-115.719893,596.343201,6,shrub,0,0,,,,,,,,,,,,,,,,,,,,,,,,,,,,,,,,
150,SheepholeValley,30,34.20661398,-115.719893,596.343201,6,open,0,0,,,,,,,,,,,,,,,,,,,,,,,,,,,,,,,,
151,Tecopa,1,35.85151504,-116.186706,699.456665,7,shrub,73,2,3.3679,,,,70,3,,,,,,,,,,,,,,,,,,,,,,,,,,
151,Tecopa,1,35.85151504,-116.186706,699.456665,7,open,33,2,1.6275,,,,30,3,,,,,,,,,,,,,,,,,,,,,,,,,,
152,Tecopa,2,35.85144698,-116.186709,699.577942,7,shrub,73,2,0.4133,,,,68,5,,,,,,,,,,,,,,,,,,,,,,,,,,
152,Tecopa,2,35.85144698,-116.186709,699.577942,7,open,24,3,0.4405,,,,22,1,1,,,,,,,,,,,,,,,,,,,,,,,,,
153,Tecopa,3,35.85141303,-116.186732,700.259094,7,shrub,42,3,1.6219,,,,36,4,2,,,,,,,,,,,,,,,,,,,,,,,,,
153,Tecopa,3,35.85141303,-116.186732,700.259094,7,open,22,3,,,,,18,3,1,,,,,,,,,,,,,,,,,,,,,,,,,
154,Tecopa,4,35.85134204,-116.186611,700.893616,7,shrub,31,3,0.7922,,,,29,1,1,,,,,,,,,,,,,,,,,,,,,,,,,
154,Tecopa,4,35.85134204,-116.186611,700.893616,7,open,12,2,0.2174,,,,11,1,,,,,,,,,,,,,,,,,,,,,,,,,,
155,Tecopa,5,35.85130398,-116.186551,700.147156,7,shrub,25,2,0.4858,,,,23,2,,,,,,,,,,,,,,,,,,,,,,,,,,
155,Tecopa,5,35.85130398,-116.186551,700.147156,7,open,32,2,0.4447,,,,31,1,,,,,,,,,,,,,,,,,,,,,,,,,,
156,Tecopa,6,35.85127297,-116.186618,699.680603,7,shrub,84,2,1.2659,,,,83,1,,,,,,,,,,,,,,,,,,,,,,,,,,
156,Tecopa,6,35.85127297,-116.186618,699.680603,7,open,30,3,0.5023,,,,26,2,2,,,,,,,,,,,,,,,,,,,,,,,,,
157,Tecopa,7,35.85121002,-116.186577,700.753601,7,shrub,35,2,0.3025,,,,28,7,,,,,,,,,,,,,,,,,,,,,,,,,,
157,Tecopa,7,35.85121002,-116.186577,700.753601,7,open,12,1,1.0742,,,,12,,,,,,,,,,,,,,,,,,,,,,,,,,,
158,Tecopa,8,35.851178,-116.186536,700.92157,7,shrub,42,2,3.1358,,,,41,,1,,,,,,,,,,,,,,,,,,,,,,,,,
158,Tecopa,8,35.851178,-116.186536,700.92157,7,open,46,2,0.2765,,,,43,3,,,,,,,,,,,,,,,,,,,,,,,,,,
159,Tecopa,9,35.85116702,-116.186409,702.209229,7,shrub,30,1,1.5787,,,,30,,,,,,,,,,,,,,,,,,,,,,,,,,,
159,Tecopa,9,35.85116702,-116.186409,702.209229,7,open,30,1,0.5211,,,,30,,,,,,,,,,,,,,,,,,,,,,,,,,,
160,Tecopa,10,35.85126501,-116.186258,702.965027,7,shrub,24,1,1.1088,,,,24,,,,,,,,,,,,,,,,,,,,,,,,,,,
160,Tecopa,10,35.85126501,-116.186258,702.965027,7,open,35,2,0.3992,,,,34,1,,,,,,,,,,,,,,,,,,,,,,,,,,
161,Tecopa,11,35.85122896,-116.186248,702.806396,7,shrub,30,3,1.6263,,,,25,4,,1,,,,,,,,,,,,,,,,,,,,,,,,
161,Tecopa,11,35.85122896,-116.186248,702.806396,7,open,19,3,0.6122,,,,17,1,1,,,,,,,,,,,,,,,,,,,,,,,,,
162,Tecopa,12,35.85118303,-116.186279,704.103333,7,shrub,41,2,1.2459,,,,31,10,,,,,,,,,,,,,,,,,,,,,,,,,,
162,Tecopa,12,35.85118303,-116.186279,704.103333,7,open,24,2,,,,,21,3,,,,,,,,,,,,,,,,,,,,,,,,,,
163,Tecopa,13,35.85115202,-116.186355,704.373962,7,shrub,32,3,1.8641,,,,30,1,,1,,,,,,,,,,,,,,,,,,,,,,,,
163,Tecopa,13,35.85115202,-116.186355,704.373962,7,open,35,2,0.6229,,,,29,6,,,,,,,,,,,,,,,,,,,,,,,,,,
164,Tecopa,14,35.85107901,-116.186469,705.465637,7,shrub,16,2,1.0131,,,,15,1,,,,,,,,,,,,,,,,,,,,,,,,,,
164,Tecopa,14,35.85107901,-116.186469,705.465637,7,open,25,4,0.2855,,,,17,6,,1,,,,,,,,,,1,,,,,,,,,,,,,,
165,Tecopa,15,35.85107801,-116.186557,705.017761,7,shrub,57,2,3.078,,,,55,2,,,,,,,,,,,,,,,,,,,,,,,,,,
165,Tecopa,15,35.85107801,-116.186557,705.017761,7,open,30,2,0.07291,,,,21,9,,,,,,,,,,,,,,,,,,,,,,,,,,
166,Tecopa,16,35.85101699,-116.186626,706.52002,7,shrub,22,1,1.0664,,,,22,,,,,,,,,,,,,,,,,,,,,,,,,,,
166,Tecopa,16,35.85101699,-116.186626,706.52002,7,open,29,3,0.6676,,,,20,8,1,,,,,,,,,,,,,,,,,,,,,,,,,
167,Tecopa,17,35.85115504,-116.186732,706.641296,7,shrub,27,3,2.1467,,,,25,1,,,,,,,,,,,,,1,,,,,,,,,,,,,
167,Tecopa,17,35.85115504,-116.186732,706.641296,7,open,26,3,0.7402,,,,16,9,,,,,,,,,,,,1,,,,,,,,,,,,,,
168,Tecopa,18,35.85123399,-116.186729,707.593018,7,shrub,28,1,0.9651,,,,28,,,,,,,,,,,,,,,,,,,,,,,,,,,
168,Tecopa,18,35.85123399,-116.186729,707.593018,7,open,17,2,0.2864,,,,14,3,,,,,,,,,,,,,,,,,,,,,,,,,,
169,Tecopa,19,35.851236,-116.186802,707.658325,7,shrub,28,1,,,,,28,,,,,,,,,,,,,,,,,,,,,,,,,,,
169,Tecopa,19,35.851236,-116.186802,707.658325,7,open,36,4,0.3993,,,,28,3,4,,,,,,1,,,,,,,,,,,,,,,,,,,
170,Tecopa,20,35.85130499,-116.186857,445.727142,7,shrub,33,1,0.7029,,,,33,,,,,,,,,,,,,,,,,,,,,,,,,,,
170,Tecopa,20,35.85130499,-116.186857,445.727142,7,open,16,5,,,,,11,2,,,,1,,,1,,,,,1,,,,,,,,,,,,,,
171,Tecopa,21,35.85133298,-116.186796,446.249664,7,shrub,49,2,1.6097,,,,48,1,,,,,,,,,,,,,,,,,,,,,,,,,,
171,Tecopa,21,35.85133298,-116.186796,446.249664,7,open,27,2,1.0825,,,,25,2,,,,,,,,,,,,,,,,,,,,,,,,,,
172,Tecopa,22,35.85139702,-116.186855,447.173401,7,shrub,22,2,1.4807,,,,21,1,,,,,,,,,,,,,,,,,,,,,,,,,,
172,Tecopa,22,35.85139702,-116.186855,447.173401,7,open,13,3,1.2186,,,,9,2,,,,,,,2,,,,,,,,,,,,,,,,,,,
173,Tecopa,23,35.85144698,-116.186894,447.453339,7,shrub,34,1,2.2545,,,,34,,,,,,,,,,,,,,,,,,,,,,,,,,,
173,Tecopa,23,35.85144698,-116.186894,447.453339,7,open,23,2,0.3326,,,,20,3,,,,,,,,,,,,,,,,,,,,,,,,,,
174,Tecopa,24,35.85145896,-116.186836,448.768951,7,shrub,21,3,3.4926,,,,18,2,1,,,,,,,,,,,,,,,,,,,,,,,,,
174,Tecopa,24,35.85145896,-116.186836,448.768951,7,open,34,3,0.2245,,,,29,3,2,,,,,,,,,,,,,,,,,,,,,,,,,
175,Tecopa,25,35.85150297,-116.186831,448.712982,7,shrub,17,2,0.936,,,,16,1,,,,,,,,,,,,,,,,,,,,,,,,,,
175,Tecopa,25,35.85150297,-116.186831,448.712982,7,open,22,3,0.7306,,,,19,,2,,,,,,1,,,,,,,,,,,,,,,,,,,
176,Tecopa,26,35.85151898,-116.186943,449.011566,7,shrub,19,1,2.4041,,,,19,,,,,,,,,,,,,,,,,,,,,,,,,,,
176,Tecopa,26,35.85151898,-116.186943,449.011566,7,open,8,1,0.5732,,,,8,,,,,,,,,,,,,,,,,,,,,,,,,,,
177,Tecopa,27,35.85147103,-116.186939,447.863892,7,shrub,30,1,3.1762,,,,30,,,,,,,,,,,,,,,,,,,,,,,,,,,
177,Tecopa,27,35.85147103,-116.186939,447.863892,7,open,23,4,0.5081,,,,14,6,,,,,,,2,,,,,1,,,,,,,,,,,,,,
178,Tecopa,28,35.85152702,-116.186952,449.020874,7,shrub,27,2,,,,,26,,,,,,,,,,,,,1,,,,,,,,,,,,,,
178,Tecopa,28,35.85152702,-116.186952,449.020874,7,open,14,3,,,,,11,2,,,,,,,1,,,,,,,,,,,,,,,,,,,
179,Tecopa,29,35.85167698,-116.187015,448.918243,7,shrub,22,3,0.7709,,,,19,,2,,,,,,1,,,,,,,,,,,,,,,,,,,
179,Tecopa,29,35.85167698,-116.187015,448.918243,7,open,28,2,0.9884,,,,27,1,,,,,,,,,,,,,,,,,,,,,,,,,,
180,Tecopa,30,35.85101,-116.18721,449.020874,7,shrub,21,4,1.4198,,,,5,13,2,,,,,,1,,,,,,,,,,,,,,,,,,,
180,Tecopa,30,35.85101,-116.18721,449.020874,7,open,29,2,,,,,28,1,,,,,,,,,,,,,,,,,,,,,,,,,,
181,TejonRanch,1,34.875994,-118.60246,1118.022,3,shrub,56,3,2.5916,18,,,32,,,,,,,,,,,,,,,,,,6,,,,,,,,,
181,TejonRanch,1,34.875994,-118.60246,1118.022,3,open,25,2,2.6577,15,,,10,,,,,,,,,,,,,,,,,,,,,,,,,,,
182,TejonRanch,2,34.875953,-118.602484,1118.05,3,shrub,43,3,0.5022,21,,,18,,,,,,,,,,,,,,,,,,4,,,,,,,,,
182,TejonRanch,2,34.875953,-118.602484,1118.05,3,open,23,3,0.5036,2,,,20,,,,,,,,,,,,,,,,,,1,,,,,,,,,
183,TejonRanch,3,34.875926,-118.602516,1117.63,3,shrub,45,4,0.7591,6,1,,33,,,,,,,,,,,,,,,,,,5,,,,,,,,,
183,TejonRanch,3,34.875926,-118.602516,1117.63,3,open,51,2,0.5133,12,,,39,,,,,,,,,,,,,,,,,,,,,,,,,,,
184,TejonRanch,4,34.875925,-118.602469,1117.509,3,shrub,32,4,0.2446,2,1,,28,1,,,,,,,,,,,,,,,,,,,,,,,,,,
184,TejonRanch,4,34.875925,-118.602469,1117.509,3,open,64,3,3.4263,8,,,52,,,,,,,,,,,,,,,,,,4,,,,,,,,,
185,TejonRanch,5,34.875889,-118.602501,1117.434,3,shrub,37,5,2.0623,12,,,10,2,,,,,,,,,,,,,,,,,2,,,11,,,,,,
185,TejonRanch,5,34.875889,-118.602501,1117.434,3,open,28,3,0.827,5,,,19,,,,,,,,,,,,,,,,,,,,,4,,,,,,
186,TejonRanch,6,34.875843,-118.602494,1117.341,3,shrub,38,4,2.4988,3,,,22,1,,,,,,,,,,,,,,,,,,,,,12,,,,,
186,TejonRanch,6,34.875843,-118.602494,1117.341,3,open,38,2,0.4714,4,,,34,,,,,,,,,,,,,,,,,,,,,,,,,,,
187,TejonRanch,7,34.875829,-118.602447,1117.201,3,shrub,32,4,1.6388,11,2,,,,,,,,,,,,,,,,,,,,13,,,,6,,,,,
187,TejonRanch,7,34.875829,-118.602447,1117.201,3,open,23,3,0.4106,3,,,17,,,,,,,,,,,,,,,,,,,,,,3,,,,,
188,TejonRanch,8,34.875822,-118.602389,1116.511,3,shrub,28,2,0.3967,20,,,,,,,,,,,,,,,,,,,,,,,,8,,,,,,
188,TejonRanch,8,34.875822,-118.602389,1116.511,3,open,44,3,0.4848,21,,,21,,,,,,,,,,,,,,,,,,2,,,,,,,,,
189,TejonRanch,9,34.875737,-118.602331,1115.802,3,shrub,48,4,0.6642,16,22,,,,,,,,,,,,,,,,,,,,1,,,9,,,,,,
189,TejonRanch,9,34.875737,-118.602331,1115.802,3,open,48,5,3.3951,3,4,,31,3,,,,,,,,,,,,,,,,,7,,,,,,,,,
190,TejonRanch,10,34.87552,-118.602249,1114.514,3,shrub,54,4,3.2802,35,5,,,2,,,,,,,,,,,,,,,,,,,,,12,,,,,
190,TejonRanch,10,34.87552,-118.602249,1114.514,3,open,39,5,0.81343,3,,,21,2,,,,,,,,,,,,,,,,,,,,12,,,1,,,
191,TejonRanch,11,34.876,-118.602661,1116.371,3,shrub,70,3,0.5758,25,,,41,,,,,,,,,,,,,,,,,,,,,4,,,,,,
191,TejonRanch,11,34.876,-118.602661,1116.371,3,open,47,4,1.692,4,2,,38,,,,,,,,,,,,,,,,,,,,,,,,,3,,
192,TejonRanch,12,34.876069,-118.60274,1116.949,3,shrub,33,4,0.4287,20,,,10,,,,,,,,,,,,,,,,,,2,,,,1,,,,,
192,TejonRanch,12,34.876069,-118.60274,1116.949,3,open,32,3,0.4639,6,,,25,1,,,,,,,,,,,,,,,,,,,,,,,,,,
193,TejonRanch,13,34.876045,-118.602807,1117.434,3,shrub,16,3,0.8295,10,,,,,,,,,,,,,,,,,,,,,,,,5,,,,,1,
193,TejonRanch,13,34.876045,-118.602807,1117.434,3,open,45,2,2.3378,,,,44,,,,,,,,,,,,,,,,,,,,,1,,,,,,
194,TejonRanch,14,34.876075,-118.602828,1117.63,3,shrub,48,5,0.6144,27,5,,14,,,,,,,,,,,,,,,,,,,,,1,1,,,,,
194,TejonRanch,14,34.876075,-118.602828,1117.63,3,open,34,3,1.1901,8,1,,25,,,,,,,,,,,,,,,,,,,,,,,,,,,
195,TejonRanch,15,34.876118,-118.60265,1117.164,3,shrub,30,4,2.1233,18,,,,,,,,,,,,,,,,,,,,,1,,,4,7,,,,,
195,TejonRanch,15,34.876118,-118.60265,1117.164,3,open,27,4,0.264,7,,,13,,,,,,,,,,,,,,,,,,,,,2,,,,5,,
196,TejonRanch,16,34.876185,-118.602667,1117.714,3,shrub,76,5,0.2126,19,1,,48,,,,,,,,,,,,,,,,,,,,,6,2,,,,,
196,TejonRanch,16,34.876185,-118.602667,1117.714,3,open,63,6,0.7669,6,1,,45,1,,,,,,,,,,,,,,,,,,,,9,,,,1,,
197,TejonRanch,17,34.876193,-118.602592,1117.742,3,shrub,48,5,1.2717,23,6,,15,1,,,,,,,,,,,,,,,,,,,,3,,,,,,
197,TejonRanch,17,34.876193,-118.602592,1117.742,3,open,35,3,2.1555,1,,,13,,,,,,,,,,,,,,,,,,,,,21,,,,,,
198,TejonRanch,18,34.876192,-118.602608,1118.209,3,shrub,47,3,0.6808,18,3,,26,,,,,,,,,,,,,,,,,,,,,,,,,,,
198,TejonRanch,18,34.876192,-118.602608,1118.209,3,open,34,4,0.576,4,2,,27,,,,,,,,,,,,,,,,,,,,,1,,,,,,
199,TejonRanch,19,34.876198,-118.602597,1118.088,3,shrub,27,2,1.7183,20,,,,,,,,,,,,,,,,,,,,,7,,,,,,,,,
199,TejonRanch,19,34.876198,-118.602597,1118.088,3,open,42,5,0.5453,4,4,,28,2,,,,,,,,,,,,,,,,,,,,4,,,,,,
200,TejonRanch,20,34.876057,-118.602588,1117.556,3,shrub,46,4,1.1417,29,,,,,,,,,,,,,,,,,,,,,5,,,4,8,,,,,
200,TejonRanch,20,34.876057,-118.602588,1117.556,3,open,21,2,0.757,,,,,,,,,,,,,,,,,,,,,,,,,20,,,,1,,
201,TejonRanch,21,34.87645998,-118.601776,1117.760864,3,shrub,45,2,,33,,,,,,,,,,,,,,,,,,,,,12,,,,,,,,,
201,TejonRanch,21,34.87645998,-118.601776,1117.760864,3,open,27,5,1.6906,2,1,,21,,,,,1,,,,,,,,,,,,,,,,,,,,2,,
202,TejonRanch,22,34.87641103,-118.601735,1116.650513,3,shrub,18,2,1.0318,17,,,,,,,,,,,,,,,,,,,,,1,,,,,,,,,
202,TejonRanch,22,34.87641103,-118.601735,1116.650513,3,open,37,3,0.5285,5,6,,26,,,,,,,,,,,,,,,,,,,,,,,,,,,
203,TejonRanch,23,34.87638102,-118.601754,1117.145142,3,shrub,22,3,0.4415,15,5,,,,,,,,,,,,,,,,,,,,2,,,,,,,,,
203,TejonRanch,23,34.87638102,-118.601754,1117.145142,3,open,30,4,1.656,5,5,,19,1,,,,,,,,,,,,,,,,,,,,,,,,,,
204,TejonRanch,24,34.87638697,-118.601762,1117.396973,3,shrub,51,4,0.4461,16,5,,26,,,,,,,,,,,,,,,,,,4,,,,,,,,,
204,TejonRanch,24,34.87638697,-118.601762,1117.396973,3,open,31,2,0.5989,27,,,,,,,,,,,,,,,,,,,,,4,,,,,,,,,
205,TejonRanch,25,34.87639803,-118.601776,1117.182373,3,shrub,37,2,1.4949,10,,,27,,,,,,,,,,,,,,,,,,,,,,,,,,,
205,TejonRanch,25,34.87639803,-118.601776,1117.182373,3,open,43,6,0.4867,5,2,,32,1,,,,,,,,,,,,,,,,,1,,,2,,,,,,
206,TejonRanch,26,34.87632503,-118.601904,1115.866821,3,shrub,19,5,0.5435,10,6,,,1,,,,,,,,,,,,,,,,,1,,,,1,,,,,
206,TejonRanch,26,34.87632503,-118.601904,1115.866821,3,open,32,4,0.2589,2,,,26,1,,,,,,,,,,,,,,,,,,,,,,,,3,,
207,TejonRanch,27,34.87628102,-118.601907,1116.753174,3,shrub,38,2,3.287,22,,,16,,,,,,,,,,,,,,,,,,,,,,,,,,,
207,TejonRanch,27,34.87628102,-118.601907,1116.753174,3,open,24,2,0.5916,19,,,5,,,,,,,,,,,,,,,,,,,,,,,,,,,
208,TejonRanch,28,34.87624599,-118.601965,1116.463989,3,shrub,39,4,0.2765,2,,,35,1,,,,,,,,,,,,,,,,,,,,1,,,,,,
208,TejonRanch,28,34.87624599,-118.601965,1116.463989,3,open,37,2,0.2691,24,,,13,,,,,,,,,,,,,,,,,,,,,,,,,,,
209,TejonRanch,29,34.87626501,-118.602047,1116.547974,3,shrub,55,4,0.8064,12,1,,36,,,,,,,,,,,,,,,,,,6,,,,,,,,,
209,TejonRanch,29,34.87626501,-118.602047,1116.547974,3,open,44,3,0.8468,2,2,,40,,,,,,,,,,,,,,,,,,,,,,,,,,,
210,TejonRanch,30,34.87623299,-118.602041,1117.229004,3,shrub,29,3,0.6401,25,2,,,,,,,,,,,,,,,,,,,,2,,,,,,,,,
210,TejonRanch,30,34.87623299,-118.602041,1117.229004,3,open,30,3,0.4026,1,,,28,1,,,,,,,,,,,,,,,,,,,,,,,,,,
